CIN,Company_Name,ROC_Code,Registration_Number,Company_Category,Company_SubCategory,Class_of_Company,Date_of_Incorporation,Registered_Address,Registered_State,Registered_Pincode,Email_Id,Whether_Listed,Company_Status,Authorized_Capital_Rs,Paid_up_Capital_Rs,Date_of_Last_AGM,Date_of_Balance_Sheet,Industrial_Activity_Code,Industrial_Activity_Description,Synthetic_Ring_ID,Synthetic_Shell_Ground_Truth
U14101MH2015PTC100522,Orion Consultancy Private Limited,ROC-PUNE,100523,Company limited by Shares,Non-govt company,Private,18/10/2015,"194, Arcade, Anmol Marg, Pune, Maharashtra - 411089",Maharashtra,411089,orion21@gmail.com,Unlisted,Active,2000000,1278300,26/10/2025,31/03/2026,14101,Manufacture of wearing apparel,,No
U10610GJ2006PTC100738,Vardhan Investments Private Limited,ROC-AHMEDABAD,100739,Company limited by Shares,Non-govt company,Private,28/10/2006,"337, Chambers, Vantage Colony, Ahmedabad, Gujarat - 380096",Gujarat,380096,vardhan86@gmail.com,Unlisted,Active,100000,88554,14/11/2024,31/03/2024,10610,Manufacture of grain mill products,,No
U10610MH2019PTC100741,Sunrise Agro Private Limited,ROC-PUNE,100742,Company limited by Shares,Non-govt company,Private,08/05/2019,"461, Plaza, Elite Street, Pune, Maharashtra - 411018",Maharashtra,411018,sunrise88@gmail.com,Unlisted,Active,5000000,2548194,14/11/2024,31/03/2024,10610,Manufacture of grain mill products,,No
U10610TG2007PTC100661,Vishal Agro Private Limited,ROC-HYDERABAD,100662,Company limited by Shares,Non-govt company,Private,31/08/2007,"626, Complex, Rudra Nagar, Hyderabad, Telangana - 500028",Telangana,500028,vishal32@gmail.com,Unlisted,Active,1000000,862110,04/08/2024,31/03/2024,10610,Manufacture of grain mill products,,No
U70200HR2022PTC100412,Vantage Constructions Private Limited,ROC-CHANDIGARH,100413,Company limited by Shares,Non-govt company,Private,25/10/2022,"530, Complex, Trident Street, Gurugram, Haryana - 122069",Haryana,122069,vantage85@gmail.com,Unlisted,Active,100000,75663,04/07/2025,31/03/2026,70200,Management consultancy activities,,No
U14101RJ2023PLC100679,Lakshmi Commodities Limited,ROC-JAIPUR,100680,Company limited by Shares,Non-govt company,Public,21/12/2023,"624, Mall, National Layout, Jaipur, Rajasthan - 302011",Rajasthan,302011,lakshmi52@gmail.com,Unlisted,Active,100000,91000,21/08/2024,31/03/2024,14101,Manufacture of wearing apparel,,No
U14101TN2009PTC100627,Diamond Logistics Private Limited,ROC-CHENNAI,100628,Company limited by Shares,Non-govt company,Private,28/05/2009,"310, House, Silver Layout, Chennai, Tamil Nadu - 600034",Tamil Nadu,600034,diamond26@gmail.com,Unlisted,Active,500000,401164,01/09/2025,31/03/2026,14101,Manufacture of wearing apparel,,No
U41001GJ2014PTC100514,Om Logistics Private Limited,ROC-AHMEDABAD,100515,Company limited by Shares,Non-govt company,Private,11/09/2014,"242, Mall, Radiant Nagar, Ahmedabad, Gujarat - 380085",Gujarat,380085,om37@gmail.com,Unlisted,Active,1000000,736587,10/07/2025,31/03/2025,41001,Construction of residential/commercial buildings,,No
U68100HR2020PTC100860,Capital Textiles Private Limited,ROC-CHANDIGARH,100861,Company limited by Shares,Non-govt company,Private,21/06/2020,"150, Chambers, Emerald Road, Gurugram, Haryana - 122015",Haryana,122015,capital19@gmail.com,Unlisted,Active,5000000,3369964,24/12/2024,31/03/2024,68100,Real estate activities with own/leased property,,No
U68100MH2019PTC100137,Sai Industries Private Limited,ROC-PUNE,100138,Company limited by Shares,Non-govt company,Private,28/06/2019,"965, Mall, Om Street, Pune, Maharashtra - 411083",Maharashtra,411083,sai65@gmail.com,Unlisted,Active,200000,109197,02/07/2025,31/03/2025,68100,Real estate activities with own/leased property,,No
U70200TN2017PTC100812,National Enterprises Private Limited,ROC-CHENNAI,100813,Company limited by Shares,Non-govt company,Private,07/06/2017,"119, Chambers, Continental Marg, Chennai, Tamil Nadu - 600050",Tamil Nadu,600050,national34@gmail.com,Unlisted,Active,1000000,802669,23/07/2025,31/03/2025,70200,Management consultancy activities,,No
U74999TG2018PTC100077,Nova Agro Private Limited,ROC-HYDERABAD,100078,Company limited by Shares,Non-govt company,Private,22/10/2018,"895, Mall, Krishna Nagar, Hyderabad, Telangana - 500057",Telangana,500057,nova98@rediffmail.com,Unlisted,Active - Non-compliant,25000000,500000,,,74999,Other business support service activities n.e.c.,RING-12,Yes
U68100MH2005PTC100637,Metro Chemicals Private Limited,ROC-PUNE,100638,Company limited by Shares,Non-govt company,Private,26/04/2005,"915, Complex, Rudra Road, Pune, Maharashtra - 411073",Maharashtra,411073,metro95@gmail.com,Unlisted,Active,100000,57798,08/11/2024,31/03/2024,68100,Real estate activities with own/leased property,,No
U14101TN2025PTC100974,Zenith Foods Private Limited,ROC-CHENNAI,100975,Company limited by Shares,Non-govt company,Private,15/03/2025,"987, Plaza, Diamond Nagar, Chennai, Tamil Nadu - 600084",Tamil Nadu,600084,zenith31@gmail.com,Unlisted,Active,5000000,3131627,28/07/2025,31/03/2025,14101,Manufacture of wearing apparel,,No
U70200WB2020PTC100939,Rudra Distributors Private Limited,ROC-KOLKATA,100940,Company limited by Shares,Non-govt company,Private,11/06/2020,"482, Tower, Bharat Layout, Kolkata, West Bengal - 700050",West Bengal,700050,rudra55@gmail.com,Unlisted,Dormant,2000000,1960998,28/12/2024,31/03/2024,70200,Management consultancy activities,,No
U14101WB2018PTC100900,Vinayak Services Private Limited,ROC-KOLKATA,100901,Company limited by Shares,Non-govt company,Private,14/06/2018,"726, Mall, Zenith Road, Kolkata, West Bengal - 700097",West Bengal,700097,vinayak18@gmail.com,Unlisted,Active,200000,192376,18/09/2025,31/03/2025,14101,Manufacture of wearing apparel,,No
U47190WB2008PTC100281,Vardhan Agro Private Limited,ROC-KOLKATA,100282,Company limited by Shares,Non-govt company,Private,09/06/2008,"811, Complex, Apex Nagar, Kolkata, West Bengal - 700016",West Bengal,700016,vardhan49@gmail.com,Unlisted,Active,500000,326231,01/10/2025,31/03/2025,47190,Other retail sale in non-specialized stores,,No
U46900WB2009PTC100884,Ashirwad Infra Private Limited,ROC-KOLKATA,100885,Company limited by Shares,Non-govt company,Private,31/08/2009,"585, Arcade, Vishal Marg, Kolkata, West Bengal - 700062",West Bengal,700062,ashirwad57@gmail.com,Unlisted,Active,2000000,1588360,02/12/2024,31/03/2024,46900,Wholesale trade (non-specialized),,No
U70200GJ2025PLC100762,Continental Merchants Limited,ROC-AHMEDABAD,100763,Company limited by Shares,Non-govt company,Public,16/12/2025,"45, Heights, Pioneer Chowk, Ahmedabad, Gujarat - 380098",Gujarat,380098,continental46@gmail.com,Unlisted,Active,5000000,3304201,05/11/2024,31/03/2024,70200,Management consultancy activities,,No
U82990KA2021PTC100320,Vishal Investments Private Limited,ROC-BANGALORE,100321,Company limited by Shares,Non-govt company,Private,14/04/2021,"173, Plaza, Global Colony, Bengaluru, Karnataka - 560070",Karnataka,560070,vishal32@gmail.com,Unlisted,Active,2000000,1101947,27/12/2025,31/03/2026,82990,Other business support activities n.e.c.,,No
U70200UP2007PTC100550,Vertex Impex Private Limited,ROC-KANPUR,100551,Company limited by Shares,Non-govt company,Private,24/04/2007,"999, Chambers, Golden Lane, Kanpur, Uttar Pradesh - 208023",Uttar Pradesh,208023,vertex33@gmail.com,Unlisted,Active,100000,88614,26/11/2024,31/03/2024,70200,Management consultancy activities,,No
U46310MH2012PTC100175,Aastha Realty Private Limited,ROC-PUNE,100176,Company limited by Shares,Non-govt company,Private,29/05/2012,"421, Plaza, Vertex Marg, Pune, Maharashtra - 411026",Maharashtra,411026,aastha83@gmail.com,Unlisted,Active,100000,74075,27/12/2025,31/03/2026,46310,Wholesale of agricultural raw materials,,No
U45201UP2020PTC100372,Everest Ventures Private Limited,ROC-KANPUR,100373,Company limited by Shares,Non-govt company,Private,24/03/2020,"205, Arcade, Everest Road, Kanpur, Uttar Pradesh - 208048",Uttar Pradesh,208048,everest82@gmail.com,Unlisted,Active,500000,451095,18/10/2025,31/03/2026,45201,Maintenance and repair of motor vehicles,,No
U62011MH2005PTC100528,Rudra Exports Private Limited,ROC-PUNE,100529,Company limited by Shares,Non-govt company,Private,23/04/2005,"378, Heights, Skyline Nagar, Pune, Maharashtra - 411094",Maharashtra,411094,rudra76@gmail.com,Unlisted,Active,100000,67067,28/07/2025,31/03/2026,62011,Computer programming activities,,No
U52290RJ2012PTC100211,Universal Retail Private Limited,ROC-JAIPUR,100212,Company limited by Shares,Non-govt company,Private,20/05/2012,"586, Tower, Trident Chowk, Jaipur, Rajasthan - 302064",Rajasthan,302064,universal87@gmail.com,Unlisted,Active,1000000,762323,04/07/2024,31/03/2024,52290,Other transportation support activities,,No
U46900UP2014PLC100236,Apex Developers Limited,ROC-KANPUR,100237,Company limited by Shares,Non-govt company,Public,16/05/2014,"544, House, Trident Road, Kanpur, Uttar Pradesh - 208067",Uttar Pradesh,208067,apex73@gmail.com,Unlisted,Active,100000,99563,14/07/2024,31/03/2024,46900,Wholesale trade (non-specialized),,No
U70200GJ2020PTC100102,Anmol Realty Private Limited,ROC-AHMEDABAD,100103,Company limited by Shares,Non-govt company,Private,21/12/2020,"772, Arcade, Bharat Chowk, Ahmedabad, Gujarat - 380084",Gujarat,380084,anmol29@rediffmail.com,Unlisted,Active - Non-compliant,100000000,500000,12/08/2021,31/03/2021,70200,Management consultancy activities,RING-15,Yes
U14101MH2012PTC100987,Shree Pharma Private Limited,ROC-MUMBAI,100988,Company limited by Shares,Non-govt company,Private,21/10/2012,"700, Complex, Krishna Road, Mumbai, Maharashtra - 400011",Maharashtra,400011,shree96@gmail.com,Unlisted,Active,500000,391336,23/08/2024,31/03/2024,14101,Manufacture of wearing apparel,,No
U10610MH2011PTC100903,Infinity Retail Private Limited,ROC-MUMBAI,100904,Company limited by Shares,Non-govt company,Private,15/09/2011,"456, Complex, Vantage Colony, Mumbai, Maharashtra - 400015",Maharashtra,400015,infinity31@gmail.com,Unlisted,Active,2000000,1062966,14/09/2025,31/03/2026,10610,Manufacture of grain mill products,,No
U68100DL2008PTC100948,Metro Logistics Private Limited,ROC-DELHI,100949,Company limited by Shares,Non-govt company,Private,26/02/2008,"160, Plaza, Apex Street, New Delhi, Delhi - 110043",Delhi,110043,metro98@gmail.com,Unlisted,Active,1000000,805749,10/09/2025,31/03/2025,68100,Real estate activities with own/leased property,,No
U45201RJ2016PTC100347,Meridian Distributors Private Limited,ROC-JAIPUR,100348,Company limited by Shares,Non-govt company,Private,26/09/2016,"877, House, Krishna Nagar, Jaipur, Rajasthan - 302040",Rajasthan,302040,meridian36@gmail.com,Unlisted,Active,500000,361870,20/09/2025,31/03/2025,45201,Maintenance and repair of motor vehicles,,No
U63990GJ2009PLC100140,Shree Foods Limited,ROC-AHMEDABAD,100141,Company limited by Shares,Non-govt company,Public,09/07/2009,"152, Complex, Ashirwad Road, Ahmedabad, Gujarat - 380077",Gujarat,380077,shree56@gmail.com,Unlisted,Active,200000,134075,01/07/2025,31/03/2025,63990,Other information service activities n.e.c.,,No
U74999MH2013PTC100622,Vantage Logistics Private Limited,ROC-PUNE,100623,Company limited by Shares,Non-govt company,Private,01/05/2013,"475, Mall, Silver Road, Pune, Maharashtra - 411058",Maharashtra,411058,vantage81@gmail.com,Unlisted,Active,2000000,1550601,24/11/2025,31/03/2025,74999,Other business support service activities n.e.c.,,No
U14101WB2016PTC100500,Everest Infra Private Limited,ROC-KOLKATA,100501,Company limited by Shares,Non-govt company,Private,11/08/2016,"787, Complex, Ashirwad Chowk, Kolkata, West Bengal - 700034",West Bengal,700034,everest97@gmail.com,Unlisted,Active,1000000,639261,07/12/2024,31/03/2024,14101,Manufacture of wearing apparel,,No
U68100KA2006PTC100371,Pioneer Merchants Private Limited,ROC-BANGALORE,100372,Company limited by Shares,Non-govt company,Private,12/03/2006,"142, Heights, Pioneer Street, Bengaluru, Karnataka - 560021",Karnataka,560021,pioneer44@gmail.com,Unlisted,Active,500000,251272,09/07/2026,31/03/2026,68100,Real estate activities with own/leased property,,No
U46310WB2025PTC100199,Trident Ventures Private Limited,ROC-KOLKATA,100200,Company limited by Shares,Non-govt company,Private,01/03/2025,"39, House, National Marg, Kolkata, West Bengal - 700052",West Bengal,700052,trident54@gmail.com,Unlisted,Active,5000000,3940581,10/12/2024,31/03/2024,46310,Wholesale of agricultural raw materials,,No
U10610MH2007PTC100688,Ganesh Merchants Private Limited,ROC-MUMBAI,100689,Company limited by Shares,Non-govt company,Private,28/03/2007,"637, Mall, Rudra Chowk, Mumbai, Maharashtra - 400022",Maharashtra,400022,ganesh91@gmail.com,Unlisted,Active,200000,115956,02/07/2025,31/03/2026,10610,Manufacture of grain mill products,,No
U45201PB2025PTC100585,Vishwa Textiles Private Limited,ROC-CHANDIGARH,100586,Company limited by Shares,Non-govt company,Private,17/11/2025,"630, Mall, Apex Road, Chandigarh, Punjab - 160020",Punjab,160020,vishwa66@gmail.com,Unlisted,Active,2000000,1943714,25/12/2025,31/03/2026,45201,Maintenance and repair of motor vehicles,,No
U46900TG2016PTC100902,National Services Private Limited,ROC-HYDERABAD,100903,Company limited by Shares,Non-govt company,Private,09/05/2016,"74, Heights, Horizon Layout, Hyderabad, Telangana - 500040",Telangana,500040,national57@gmail.com,Unlisted,Active,500000,252026,01/11/2025,31/03/2025,46900,Wholesale trade (non-specialized),,No
U47190TN2022PTC100060,Emerald Impex Private Limited,ROC-CHENNAI,100061,Company limited by Shares,Non-govt company,Private,24/01/2023,"470, Plaza, Om Layout, Chennai, Tamil Nadu - 600061",Tamil Nadu,600061,emerald57@rediffmail.com,Unlisted,Active - Non-compliant,20000000,500000,,,47190,Other retail sale in non-specialized stores,RING-09,Yes
U45201PB2011PTC100329,Vardhan Chemicals Private Limited,ROC-CHANDIGARH,100330,Company limited by Shares,Non-govt company,Private,03/11/2011,"500, Plaza, Continental Marg, Chandigarh, Punjab - 160088",Punjab,160088,vardhan68@gmail.com,Unlisted,Active,5000000,3788822,28/11/2025,31/03/2025,45201,Maintenance and repair of motor vehicles,,No
U64990MH2021PTC100097,Lakshmi Agro Private Limited,ROC-MUMBAI,100098,Company limited by Shares,Non-govt company,Private,10/09/2021,"141, Heights, Trident Layout, Mumbai, Maharashtra - 400029",Maharashtra,400029,lakshmi21@rediffmail.com,Unlisted,Under Process of Striking Off,100000000,500000,,,64990,Other financial service activities n.e.c.,RING-14,Yes
U52290MH2014PTC100313,Global Industries Private Limited,ROC-MUMBAI,100314,Company limited by Shares,Non-govt company,Private,16/05/2014,"191, Complex, Metro Layout, Mumbai, Maharashtra - 400033",Maharashtra,400033,global74@gmail.com,Unlisted,Active,1000000,827260,12/08/2026,31/03/2026,52290,Other transportation support activities,,No
U45201WB2009PLC100975,Ganesh Investments Limited,ROC-KOLKATA,100976,Company limited by Shares,Non-govt company,Public,11/09/2009,"802, House, Superior Colony, Kolkata, West Bengal - 700067",West Bengal,700067,ganesh74@gmail.com,Unlisted,Dormant,2000000,1515724,23/11/2025,31/03/2025,45201,Maintenance and repair of motor vehicles,,No
U64990UP2013PTC100300,Vardhan Overseas Private Limited,ROC-KANPUR,100301,Company limited by Shares,Non-govt company,Private,21/07/2013,"584, Mall, Vishwa Chowk, Kanpur, Uttar Pradesh - 208021",Uttar Pradesh,208021,vardhan31@gmail.com,Unlisted,Active,1000000,531854,11/07/2025,31/03/2025,64990,Other financial service activities n.e.c.,,No
U46310MH2021PTC100278,Krishna Constructions Private Limited,ROC-PUNE,100279,Company limited by Shares,Non-govt company,Private,07/04/2021,"96, Arcade, Meridian Colony, Pune, Maharashtra - 411091",Maharashtra,411091,krishna30@gmail.com,Unlisted,Active,5000000,4699689,07/09/2024,31/03/2024,46310,Wholesale of agricultural raw materials,,No
U64990TN2012PTC100925,Orion Technologies Private Limited,ROC-CHENNAI,100926,Company limited by Shares,Non-govt company,Private,22/08/2012,"171, Heights, Continental Chowk, Chennai, Tamil Nadu - 600028",Tamil Nadu,600028,orion77@gmail.com,Unlisted,Active,100000,55822,09/07/2024,31/03/2024,64990,Other financial service activities n.e.c.,,No
U41001GJ2020PTC100602,Global Textiles Private Limited,ROC-AHMEDABAD,100603,Company limited by Shares,Non-govt company,Private,10/04/2020,"987, House, Rudra Chowk, Ahmedabad, Gujarat - 380032",Gujarat,380032,global44@gmail.com,Unlisted,Active,500000,344210,24/11/2025,31/03/2026,41001,Construction of residential/commercial buildings,,No
U68100WB2013PTC100440,Capital Industries Private Limited,ROC-KOLKATA,100441,Company limited by Shares,Non-govt company,Private,26/01/2013,"985, Tower, Continental Colony, Kolkata, West Bengal - 700049",West Bengal,700049,capital18@gmail.com,Unlisted,Dormant,500000,377183,13/10/2025,31/03/2026,68100,Real estate activities with own/leased property,,No
U68100DL2023PTC100838,Rudra Infra Private Limited,ROC-DELHI,100839,Company limited by Shares,Non-govt company,Private,12/12/2023,"296, Chambers, Continental Layout, New Delhi, Delhi - 110021",Delhi,110021,rudra86@gmail.com,Unlisted,Active,500000,399468,11/08/2026,31/03/2026,68100,Real estate activities with own/leased property,,No
U46310UP2007PTC100571,Skyline Traders Private Limited,ROC-KANPUR,100572,Company limited by Shares,Non-govt company,Private,06/04/2007,"311, Chambers, Falcon Street, Kanpur, Uttar Pradesh - 208040",Uttar Pradesh,208040,skyline31@gmail.com,Unlisted,Active,1000000,899701,21/07/2024,31/03/2024,46310,Wholesale of agricultural raw materials,,No
U46900HR2011PTC100880,Bharat Services Private Limited,ROC-CHANDIGARH,100881,Company limited by Shares,Non-govt company,Private,30/09/2011,"723, Mall, Emerald Street, Gurugram, Haryana - 122058",Haryana,122058,bharat48@gmail.com,Unlisted,Dormant,200000,133043,28/09/2024,31/03/2024,46900,Wholesale trade (non-specialized),,No
U47190RJ2025PTC100262,Suvidha Finance Private Limited,ROC-JAIPUR,100263,Company limited by Shares,Non-govt company,Private,04/05/2025,"633, House, Lakshmi Chowk, Jaipur, Rajasthan - 302029",Rajasthan,302029,suvidha21@gmail.com,Unlisted,Active,1000000,599133,13/07/2026,31/03/2026,47190,Other retail sale in non-specialized stores,,No
U46310DL2009PTC100579,Vinayak Investments Private Limited,ROC-DELHI,100580,Company limited by Shares,Non-govt company,Private,23/12/2009,"631, Heights, Infinity Layout, New Delhi, Delhi - 110082",Delhi,110082,vinayak91@gmail.com,Unlisted,Active,5000000,4666135,01/07/2026,31/03/2026,46310,Wholesale of agricultural raw materials,,No
U41001UP2024PTC100024,Pioneer Chemicals Private Limited,ROC-KANPUR,100025,Company limited by Shares,Non-govt company,Private,03/07/2024,"309, House, Falcon Marg, Kanpur, Uttar Pradesh - 208048",Uttar Pradesh,208048,pioneer41@rediffmail.com,Unlisted,Active,10000000,500000,18/01/2020,31/03/2020,41001,Construction of residential/commercial buildings,RING-04,Yes
U82990TG2022PTC100031,Vikram Solutions Private Limited,ROC-HYDERABAD,100032,Company limited by Shares,Non-govt company,Private,06/10/2022,"336, Chambers, Platinum Colony, Hyderabad, Telangana - 500053",Telangana,500053,vikram68@rediffmail.com,Unlisted,Active - Non-compliant,50000000,100000,,,82990,Other business support activities n.e.c.,RING-05,Yes
U70200KA2011PTC100618,Aastha Infra Private Limited,ROC-BANGALORE,100619,Company limited by Shares,Non-govt company,Private,26/06/2011,"503, Mall, Elite Street, Bengaluru, Karnataka - 560052",Karnataka,560052,aastha51@gmail.com,Unlisted,Dormant,2000000,1698889,13/07/2026,31/03/2026,70200,Management consultancy activities,,No
U82990RJ2019PTC100011,Vantage Chemicals Private Limited,ROC-JAIPUR,100012,Company limited by Shares,Non-govt company,Private,22/09/2019,"935, Tower, Vishwa Chowk, Jaipur, Rajasthan - 302091",Rajasthan,302091,vantage64@rediffmail.com,Unlisted,Active,20000000,150000,,,82990,Other business support activities n.e.c.,RING-02,Yes
U10610TG2005PTC100222,Orion Developers Private Limited,ROC-HYDERABAD,100223,Company limited by Shares,Non-govt company,Private,07/11/2005,"146, Arcade, Platinum Road, Hyderabad, Telangana - 500076",Telangana,500076,orion88@gmail.com,Unlisted,Active,1000000,852441,03/12/2025,31/03/2025,10610,Manufacture of grain mill products,,No
U47190KA2025PLC100821,Shakti Retail Limited,ROC-BANGALORE,100822,Company limited by Shares,Non-govt company,Public,20/08/2025,"349, Plaza, Continental Street, Bengaluru, Karnataka - 560094",Karnataka,560094,shakti70@gmail.com,Unlisted,Active,5000000,3628399,14/12/2025,31/03/2025,47190,Other retail sale in non-specialized stores,,No
U63990WB2013PTC100297,Diamond Consultancy Private Limited,ROC-KOLKATA,100298,Company limited by Shares,Non-govt company,Private,30/03/2013,"78, Heights, National Chowk, Kolkata, West Bengal - 700074",West Bengal,700074,diamond75@gmail.com,Unlisted,Active,1000000,658510,21/09/2025,31/03/2026,63990,Other information service activities n.e.c.,,No
U64990HR2024PTC100055,Infinity Systems Private Limited,ROC-CHANDIGARH,100056,Company limited by Shares,Non-govt company,Private,02/02/2024,"691, House, Falcon Colony, Gurugram, Haryana - 122021",Haryana,122021,infinity28@rediffmail.com,Unlisted,Active - Non-compliant,20000000,200000,28/05/2023,31/03/2023,64990,Other financial service activities n.e.c.,RING-08,Yes
U74999KA2023PLC100543,Capital Infra Limited,ROC-BANGALORE,100544,Company limited by Shares,Non-govt company,Public,25/06/2023,"405, Chambers, Apex Road, Bengaluru, Karnataka - 560021",Karnataka,560021,capital22@gmail.com,Unlisted,Active,200000,182852,04/12/2025,31/03/2025,74999,Other business support service activities n.e.c.,,No
U64990TN2023PTC100210,Shakti Investments Private Limited,ROC-CHENNAI,100211,Company limited by Shares,Non-govt company,Private,06/07/2023,"875, Plaza, Aastha Chowk, Chennai, Tamil Nadu - 600052",Tamil Nadu,600052,shakti21@gmail.com,Unlisted,Active,100000,59241,05/07/2025,31/03/2025,64990,Other financial service activities n.e.c.,,No
U45201TN2005PTC100605,Diamond Merchants Private Limited,ROC-CHENNAI,100606,Company limited by Shares,Non-govt company,Private,10/06/2005,"276, Tower, Royal Marg, Chennai, Tamil Nadu - 600092",Tamil Nadu,600092,diamond60@gmail.com,Unlisted,Active,5000000,2615193,14/10/2024,31/03/2024,45201,Maintenance and repair of motor vehicles,,No
U45201TN2012PTC100693,Global Developers Private Limited,ROC-CHENNAI,100694,Company limited by Shares,Non-govt company,Private,03/03/2012,"720, Arcade, Anmol Nagar, Chennai, Tamil Nadu - 600042",Tamil Nadu,600042,global71@gmail.com,Unlisted,Active,2000000,1581442,25/10/2025,31/03/2026,45201,Maintenance and repair of motor vehicles,,No
U46900KA2007PTC100663,Orion Chemicals Private Limited,ROC-BANGALORE,100664,Company limited by Shares,Non-govt company,Private,01/03/2007,"564, Plaza, Continental Street, Bengaluru, Karnataka - 560063",Karnataka,560063,orion88@gmail.com,Unlisted,Active,500000,407952,08/11/2025,31/03/2026,46900,Wholesale trade (non-specialized),,No
U10610HR2023PTC100867,Anmol Solutions Private Limited,ROC-CHANDIGARH,100868,Company limited by Shares,Non-govt company,Private,04/09/2023,"59, Heights, Silver Street, Gurugram, Haryana - 122023",Haryana,122023,anmol72@gmail.com,Unlisted,Active,1000000,947195,20/11/2025,31/03/2025,10610,Manufacture of grain mill products,,No
U52290RJ2021PTC100071,Elite Enterprises Private Limited,ROC-JAIPUR,100072,Company limited by Shares,Non-govt company,Private,23/10/2021,"536, Complex, Superior Colony, Jaipur, Rajasthan - 302046",Rajasthan,302046,elite28@rediffmail.com,Unlisted,Active,100000000,100000,17/08/2021,31/03/2021,52290,Other transportation support activities,RING-11,Yes
U45201TG2006PTC100544,Krishna Distributors Private Limited,ROC-HYDERABAD,100545,Company limited by Shares,Non-govt company,Private,19/11/2006,"473, House, Ashirwad Marg, Hyderabad, Telangana - 500011",Telangana,500011,krishna33@gmail.com,Unlisted,Active,2000000,1761353,04/10/2025,31/03/2025,45201,Maintenance and repair of motor vehicles,,No
U46900TN2023PTC100108,Anmol Infra Private Limited,ROC-CHENNAI,100109,Company limited by Shares,Non-govt company,Private,05/06/2023,"387, Plaza, Royal Lane, Chennai, Tamil Nadu - 600085",Tamil Nadu,600085,anmol35@rediffmail.com,Unlisted,Active,20000000,150000,05/05/2020,31/03/2020,46900,Wholesale trade (non-specialized),RING-16,Yes
U47190DL2014PTC100494,Krishna Agro Private Limited,ROC-DELHI,100495,Company limited by Shares,Non-govt company,Private,28/07/2014,"397, Complex, Ashirwad Nagar, New Delhi, Delhi - 110015",Delhi,110015,krishna48@gmail.com,Unlisted,Active,5000000,2886990,01/08/2025,31/03/2026,47190,Other retail sale in non-specialized stores,,No
U46900MH2019PTC100591,Shakti Exports Private Limited,ROC-PUNE,100592,Company limited by Shares,Non-govt company,Private,03/08/2019,"866, Tower, Trident Layout, Pune, Maharashtra - 411018",Maharashtra,411018,shakti76@gmail.com,Unlisted,Active,200000,169701,13/10/2024,31/03/2024,46900,Wholesale trade (non-specialized),,No
U46310HR2015PTC100742,Vinayak Merchants Private Limited,ROC-CHANDIGARH,100743,Company limited by Shares,Non-govt company,Private,14/06/2015,"278, Chambers, Vinayak Road, Gurugram, Haryana - 122053",Haryana,122053,vinayak92@gmail.com,Unlisted,Active,2000000,1111646,21/10/2025,31/03/2026,46310,Wholesale of agricultural raw materials,,No
U74999UP2017PTC100293,Vaibhav Foods Private Limited,ROC-KANPUR,100294,Company limited by Shares,Non-govt company,Private,12/09/2017,"225, Plaza, Vishwa Lane, Kanpur, Uttar Pradesh - 208098",Uttar Pradesh,208098,vaibhav39@gmail.com,Unlisted,Active,2000000,1299631,16/07/2025,31/03/2026,74999,Other business support service activities n.e.c.,,No
U74999WB2010PTC100290,Nova Realty Private Limited,ROC-KOLKATA,100291,Company limited by Shares,Non-govt company,Private,07/05/2010,"615, Mall, Vikram Road, Kolkata, West Bengal - 700090",West Bengal,700090,nova67@gmail.com,Unlisted,Active,100000,91081,25/07/2026,31/03/2026,74999,Other business support service activities n.e.c.,,No
U14101TN2019PLC100653,Global Merchants Limited,ROC-CHENNAI,100654,Company limited by Shares,Non-govt company,Public,28/05/2019,"806, Complex, Nova Marg, Chennai, Tamil Nadu - 600059",Tamil Nadu,600059,global56@gmail.com,Unlisted,Active,5000000,3737980,20/07/2025,31/03/2025,14101,Manufacture of wearing apparel,,No
U10610MH2019PTC100040,Apex Commodities Private Limited,ROC-PUNE,100041,Company limited by Shares,Non-govt company,Private,14/01/2019,"411, Mall, Royal Marg, Pune, Maharashtra - 411029",Maharashtra,411029,apex93@rediffmail.com,Unlisted,Active - Non-compliant,10000000,200000,17/08/2020,31/03/2020,10610,Manufacture of grain mill products,RING-06,Yes
U82990PB2008PTC100590,Vikram Finance Private Limited,ROC-CHANDIGARH,100591,Company limited by Shares,Non-govt company,Private,30/08/2008,"350, Complex, Vertex Marg, Chandigarh, Punjab - 160042",Punjab,160042,vikram51@gmail.com,Unlisted,Active,200000,171473,01/10/2025,31/03/2026,82990,Other business support activities n.e.c.,,No
U46900TN2019PTC100308,Metro Impex Private Limited,ROC-CHENNAI,100309,Company limited by Shares,Non-govt company,Private,27/05/2019,"138, Arcade, Sunrise Marg, Chennai, Tamil Nadu - 600076",Tamil Nadu,600076,metro63@gmail.com,Unlisted,Active,200000,192340,11/12/2025,31/03/2025,46900,Wholesale trade (non-specialized),,No
U10610RJ2010PTC100680,Universal Systems Private Limited,ROC-JAIPUR,100681,Company limited by Shares,Non-govt company,Private,07/07/2010,"909, Plaza, Vishal Street, Jaipur, Rajasthan - 302023",Rajasthan,302023,universal66@gmail.com,Unlisted,Active,1000000,917146,01/11/2025,31/03/2025,10610,Manufacture of grain mill products,,No
U45201RJ2021PTC100067,Elite Textiles Private Limited,ROC-JAIPUR,100068,Company limited by Shares,Non-govt company,Private,24/11/2021,"536, Complex, Superior Colony, Jaipur, Rajasthan - 302046",Rajasthan,302046,elite99@rediffmail.com,Unlisted,Active,20000000,200000,21/05/2021,31/03/2021,45201,Maintenance and repair of motor vehicles,RING-11,Yes
U63990TG2023PTC100276,Ashirwad Systems Private Limited,ROC-HYDERABAD,100277,Company limited by Shares,Non-govt company,Private,22/09/2023,"425, Heights, Vishwa Lane, Hyderabad, Telangana - 500029",Telangana,500029,ashirwad77@gmail.com,Unlisted,Active,1000000,670660,25/12/2025,31/03/2026,63990,Other information service activities n.e.c.,,No
U52290RJ2021PTC100068,Elite Industries Private Limited,ROC-JAIPUR,100069,Company limited by Shares,Non-govt company,Private,09/11/2021,"536, Complex, Superior Colony, Jaipur, Rajasthan - 302046",Rajasthan,302046,elite38@rediffmail.com,Unlisted,Active,10000000,200000,07/08/2021,31/03/2021,52290,Other transportation support activities,RING-11,Yes
U41001WB2022PLC100319,Vishal Enterprises Limited,ROC-KOLKATA,100320,Company limited by Shares,Non-govt company,Public,29/05/2022,"562, House, Bharat Nagar, Kolkata, West Bengal - 700096",West Bengal,700096,vishal70@gmail.com,Unlisted,Active,1000000,863697,01/08/2024,31/03/2024,41001,Construction of residential/commercial buildings,,No
U46310MH2015PTC100549,Om Exports Private Limited,ROC-PUNE,100550,Company limited by Shares,Non-govt company,Private,16/02/2015,"595, Tower, Pioneer Chowk, Pune, Maharashtra - 411083",Maharashtra,411083,om33@gmail.com,Unlisted,Active,5000000,2545135,19/09/2024,31/03/2024,46310,Wholesale of agricultural raw materials,,No
U41001GJ2020PTC100999,Vishal Realty Private Limited,ROC-AHMEDABAD,101000,Company limited by Shares,Non-govt company,Private,18/12/2020,"339, Heights, Orion Layout, Ahmedabad, Gujarat - 380098",Gujarat,380098,vishal66@gmail.com,Unlisted,Dormant,2000000,1848140,20/11/2025,31/03/2025,41001,Construction of residential/commercial buildings,,No
U64990MH2020PLC100715,Diamond Investments Limited,ROC-MUMBAI,100716,Company limited by Shares,Non-govt company,Public,28/04/2020,"214, House, Trident Nagar, Mumbai, Maharashtra - 400098",Maharashtra,400098,diamond27@gmail.com,Unlisted,Active,200000,147823,11/08/2024,31/03/2024,64990,Other financial service activities n.e.c.,,No
U74999RJ2010PTC100754,Skyline Overseas Private Limited,ROC-JAIPUR,100755,Company limited by Shares,Non-govt company,Private,22/01/2010,"330, Tower, Ashirwad Road, Jaipur, Rajasthan - 302070",Rajasthan,302070,skyline90@gmail.com,Unlisted,Active,100000,96150,14/10/2024,31/03/2024,74999,Other business support service activities n.e.c.,,No
U64990HR2012PTC100328,Emerald Retail Private Limited,ROC-CHANDIGARH,100329,Company limited by Shares,Non-govt company,Private,27/09/2012,"691, Chambers, Golden Road, Gurugram, Haryana - 122056",Haryana,122056,emerald27@gmail.com,Unlisted,Dormant,5000000,4152935,06/10/2024,31/03/2024,64990,Other financial service activities n.e.c.,,No
U46900MH2011PTC100383,Om Impex Private Limited,ROC-PUNE,100384,Company limited by Shares,Non-govt company,Private,05/05/2011,"491, Tower, Aastha Road, Pune, Maharashtra - 411019",Maharashtra,411019,om42@gmail.com,Unlisted,Active,500000,337416,13/11/2025,31/03/2026,46900,Wholesale trade (non-specialized),,No
U70200MH2019PTC100452,Sunrise Consultancy Private Limited,ROC-MUMBAI,100453,Company limited by Shares,Non-govt company,Private,29/03/2019,"759, House, Vikram Colony, Mumbai, Maharashtra - 400032",Maharashtra,400032,sunrise73@gmail.com,Unlisted,Active,200000,120938,11/12/2024,31/03/2024,70200,Management consultancy activities,,No
U62011HR2015PTC100523,Ashirwad Technologies Private Limited,ROC-CHANDIGARH,100524,Company limited by Shares,Non-govt company,Private,09/04/2015,"193, Plaza, Vardhan Colony, Gurugram, Haryana - 122012",Haryana,122012,ashirwad95@gmail.com,Unlisted,Active,500000,410631,15/07/2026,31/03/2026,62011,Computer programming activities,,No
U47190HR2017PTC100219,Ganesh Finance Private Limited,ROC-CHANDIGARH,100220,Company limited by Shares,Non-govt company,Private,14/06/2017,"834, House, Sunrise Layout, Gurugram, Haryana - 122092",Haryana,122092,ganesh94@gmail.com,Unlisted,Dormant,1000000,588087,22/07/2024,31/03/2024,47190,Other retail sale in non-specialized stores,,No
U68100RJ2019PTC100788,Pioneer Investments Private Limited,ROC-JAIPUR,100789,Company limited by Shares,Non-govt company,Private,25/01/2019,"4, Heights, Shree Street, Jaipur, Rajasthan - 302031",Rajasthan,302031,pioneer19@gmail.com,Unlisted,Dormant,500000,435180,15/07/2025,31/03/2025,68100,Real estate activities with own/leased property,,No
U63990MH2009PTC100437,Vardhan Consultancy Private Limited,ROC-PUNE,100438,Company limited by Shares,Non-govt company,Private,13/04/2009,"911, Complex, Suvidha Colony, Pune, Maharashtra - 411019",Maharashtra,411019,vardhan33@gmail.com,Unlisted,Active,100000,88355,15/10/2025,31/03/2025,63990,Other information service activities n.e.c.,,No
U14101UP2010PTC100765,Sunrise Retail Private Limited,ROC-KANPUR,100766,Company limited by Shares,Non-govt company,Private,02/12/2010,"791, Complex, Vertex Layout, Kanpur, Uttar Pradesh - 208070",Uttar Pradesh,208070,sunrise21@gmail.com,Unlisted,Active,5000000,3898915,02/10/2025,31/03/2026,14101,Manufacture of wearing apparel,,No
U62011MH2021PTC100089,Lakshmi Pharma Private Limited,ROC-MUMBAI,100090,Company limited by Shares,Non-govt company,Private,23/09/2021,"141, Heights, Trident Layout, Mumbai, Maharashtra - 400029",Maharashtra,400029,lakshmi93@rediffmail.com,Unlisted,Active - Non-compliant,25000000,100000,,,62011,Computer programming activities,RING-14,Yes
U64990KA2023PTC100064,Sunrise Merchants Private Limited,ROC-BANGALORE,100065,Company limited by Shares,Non-govt company,Private,03/08/2023,"786, Complex, Vikram Chowk, Bengaluru, Karnataka - 560047",Karnataka,560047,sunrise90@rediffmail.com,Unlisted,Active,20000000,200000,25/03/2023,31/03/2023,64990,Other financial service activities n.e.c.,RING-10,Yes
U70200HR2005PTC100827,Vaibhav Commodities Private Limited,ROC-CHANDIGARH,100828,Company limited by Shares,Non-govt company,Private,21/02/2005,"120, Arcade, Vaibhav Marg, Gurugram, Haryana - 122068",Haryana,122068,vaibhav13@gmail.com,Unlisted,Active,500000,493116,12/08/2025,31/03/2025,70200,Management consultancy activities,,No
U64990TG2021PTC100717,Vishal Merchants Private Limited,ROC-HYDERABAD,100718,Company limited by Shares,Non-govt company,Private,06/05/2021,"106, Tower, Vikram Road, Hyderabad, Telangana - 500069",Telangana,500069,vishal57@gmail.com,Unlisted,Active,200000,105963,16/08/2024,31/03/2024,64990,Other financial service activities n.e.c.,,No
U68100PB2005PTC100352,Skyline Textiles Private Limited,ROC-CHANDIGARH,100353,Company limited by Shares,Non-govt company,Private,31/01/2005,"224, Chambers, Skyline Street, Chandigarh, Punjab - 160086",Punjab,160086,skyline58@gmail.com,Unlisted,Active,200000,163429,02/07/2024,31/03/2024,68100,Real estate activities with own/leased property,,No
U64990WB2020PLC100937,Vertex Investments Limited,ROC-KOLKATA,100938,Company limited by Shares,Non-govt company,Public,27/03/2020,"184, Complex, Pioneer Layout, Kolkata, West Bengal - 700042",West Bengal,700042,vertex12@gmail.com,Unlisted,Active,100000,59039,28/07/2025,31/03/2025,64990,Other financial service activities n.e.c.,,No
U41001PB2007PTC100257,Lakshmi Realty Private Limited,ROC-CHANDIGARH,100258,Company limited by Shares,Non-govt company,Private,20/07/2007,"574, House, Emerald Marg, Chandigarh, Punjab - 160035",Punjab,160035,lakshmi30@gmail.com,Unlisted,Active,200000,102770,16/10/2025,31/03/2025,41001,Construction of residential/commercial buildings,,No
U10610KA2016PTC100636,Vaibhav Finance Private Limited,ROC-BANGALORE,100637,Company limited by Shares,Non-govt company,Private,17/09/2016,"849, Chambers, Continental Lane, Bengaluru, Karnataka - 560026",Karnataka,560026,vaibhav39@gmail.com,Unlisted,Active,2000000,1174306,23/12/2025,31/03/2025,10610,Manufacture of grain mill products,,No
U47190TG2010PTC100645,Vinayak Infra Private Limited,ROC-HYDERABAD,100646,Company limited by Shares,Non-govt company,Private,08/04/2010,"584, Heights, Shakti Nagar, Hyderabad, Telangana - 500054",Telangana,500054,vinayak46@gmail.com,Unlisted,Active,500000,403520,27/11/2024,31/03/2024,47190,Other retail sale in non-specialized stores,,No
U47190MH2010PTC100555,Infinity Solutions Private Limited,ROC-MUMBAI,100556,Company limited by Shares,Non-govt company,Private,23/11/2010,"367, Complex, Metro Colony, Mumbai, Maharashtra - 400061",Maharashtra,400061,infinity23@gmail.com,Unlisted,Active,200000,119843,11/08/2026,31/03/2026,47190,Other retail sale in non-specialized stores,,No
U41001GJ2010PTC100960,Emerald Textiles Private Limited,ROC-AHMEDABAD,100961,Company limited by Shares,Non-govt company,Private,21/06/2010,"234, Complex, Bharat Street, Ahmedabad, Gujarat - 380078",Gujarat,380078,emerald29@gmail.com,Unlisted,Active,200000,178155,24/11/2024,31/03/2024,41001,Construction of residential/commercial buildings,,No
U46310TG2019PTC100169,Vinayak Exports Private Limited,ROC-HYDERABAD,100170,Company limited by Shares,Non-govt company,Private,22/05/2019,"951, Tower, Pioneer Chowk, Hyderabad, Telangana - 500087",Telangana,500087,vinayak21@gmail.com,Unlisted,Active,2000000,1063237,12/07/2025,31/03/2026,46310,Wholesale of agricultural raw materials,,No
U45201HR2006PTC100918,Silver Distributors Private Limited,ROC-CHANDIGARH,100919,Company limited by Shares,Non-govt company,Private,21/01/2006,"339, Heights, Vantage Layout, Gurugram, Haryana - 122082",Haryana,122082,silver84@gmail.com,Unlisted,Active,100000,57527,19/07/2026,31/03/2026,45201,Maintenance and repair of motor vehicles,,No
U82990TG2024PTC100529,Platinum Ventures Private Limited,ROC-HYDERABAD,100530,Company limited by Shares,Non-govt company,Private,09/12/2024,"291, Arcade, Golden Nagar, Hyderabad, Telangana - 500011",Telangana,500011,platinum70@gmail.com,Unlisted,Active,100000,87416,05/09/2025,31/03/2026,82990,Other business support activities n.e.c.,,No
U45201TG2012PTC100824,Bharat Developers Private Limited,ROC-HYDERABAD,100825,Company limited by Shares,Non-govt company,Private,24/08/2012,"282, Plaza, Elite Colony, Hyderabad, Telangana - 500030",Telangana,500030,bharat99@gmail.com,Unlisted,Active,200000,191934,25/07/2026,31/03/2026,45201,Maintenance and repair of motor vehicles,,No
U41001TG2013PLC100986,Radiant Overseas Limited,ROC-HYDERABAD,100987,Company limited by Shares,Non-govt company,Public,26/03/2013,"847, Arcade, Om Chowk, Hyderabad, Telangana - 500038",Telangana,500038,radiant38@gmail.com,Unlisted,Active,100000,73976,16/07/2024,31/03/2024,41001,Construction of residential/commercial buildings,,No
U10610UP2016PTC100817,Sai Chemicals Private Limited,ROC-KANPUR,100818,Company limited by Shares,Non-govt company,Private,11/03/2016,"245, Chambers, Horizon Street, Kanpur, Uttar Pradesh - 208089",Uttar Pradesh,208089,sai53@gmail.com,Unlisted,Active,1000000,507473,02/10/2025,31/03/2025,10610,Manufacture of grain mill products,,No
U52290RJ2023PTC100087,Capital Trading Private Limited,ROC-JAIPUR,100088,Company limited by Shares,Non-govt company,Private,19/07/2023,"121, Arcade, Ashirwad Chowk, Jaipur, Rajasthan - 302067",Rajasthan,302067,capital46@rediffmail.com,Unlisted,Active - Non-compliant,20000000,150000,,,52290,Other transportation support activities,RING-13,Yes
U41001TG2019PTC100433,Silver Overseas Private Limited,ROC-HYDERABAD,100434,Company limited by Shares,Non-govt company,Private,11/11/2019,"956, Arcade, Trident Chowk, Hyderabad, Telangana - 500057",Telangana,500057,silver28@gmail.com,Unlisted,Active - Non-compliant,500000,489176,08/09/2024,31/03/2024,41001,Construction of residential/commercial buildings,,No
U68100PB2022PTC100185,Meridian Constructions Private Limited,ROC-CHANDIGARH,100186,Company limited by Shares,Non-govt company,Private,13/08/2022,"62, Chambers, Nova Layout, Chandigarh, Punjab - 160090",Punjab,160090,meridian22@gmail.com,Unlisted,Active,500000,312743,06/12/2025,31/03/2026,68100,Real estate activities with own/leased property,,No
U74999TG2013PLC100979,Aastha Trading Limited,ROC-HYDERABAD,100980,Company limited by Shares,Non-govt company,Public,28/04/2013,"993, House, Capital Colony, Hyderabad, Telangana - 500064",Telangana,500064,aastha10@gmail.com,Unlisted,Active,500000,452819,05/07/2025,31/03/2025,74999,Other business support service activities n.e.c.,,No
U45201DL2017PTC100535,Zenith Retail Private Limited,ROC-DELHI,100536,Company limited by Shares,Non-govt company,Private,13/06/2017,"908, Mall, Silver Lane, New Delhi, Delhi - 110067",Delhi,110067,zenith64@gmail.com,Unlisted,Active,5000000,3827164,11/11/2024,31/03/2024,45201,Maintenance and repair of motor vehicles,,No
U62011RJ2018PTC100295,Elite Retail Private Limited,ROC-JAIPUR,100296,Company limited by Shares,Non-govt company,Private,13/06/2018,"875, Arcade, Apex Colony, Jaipur, Rajasthan - 302041",Rajasthan,302041,elite16@gmail.com,Unlisted,Active,5000000,3111374,07/11/2024,31/03/2024,62011,Computer programming activities,,No
U63990UP2008PTC100893,Prime Ventures Private Limited,ROC-KANPUR,100894,Company limited by Shares,Non-govt company,Private,03/01/2008,"156, Tower, Vishwa Layout, Kanpur, Uttar Pradesh - 208055",Uttar Pradesh,208055,prime91@gmail.com,Unlisted,Active,5000000,2808744,05/11/2025,31/03/2025,63990,Other information service activities n.e.c.,,No
U62011MH2020PTC100426,Shree Distributors Private Limited,ROC-PUNE,100427,Company limited by Shares,Non-govt company,Private,07/03/2020,"124, Plaza, Diamond Layout, Pune, Maharashtra - 411017",Maharashtra,411017,shree47@gmail.com,Unlisted,Active,2000000,1995534,18/12/2025,31/03/2026,62011,Computer programming activities,,No
U14101RJ2015PTC100714,Orion Investments Private Limited,ROC-JAIPUR,100715,Company limited by Shares,Non-govt company,Private,17/10/2015,"543, Plaza, Ashirwad Street, Jaipur, Rajasthan - 302066",Rajasthan,302066,orion47@gmail.com,Unlisted,Active,5000000,2653003,08/09/2025,31/03/2025,14101,Manufacture of wearing apparel,,No
U62011PB2005PTC100261,Diamond Services Private Limited,ROC-CHANDIGARH,100262,Company limited by Shares,Non-govt company,Private,26/01/2005,"256, Complex, Lakshmi Nagar, Chandigarh, Punjab - 160050",Punjab,160050,diamond67@gmail.com,Unlisted,Active,200000,162829,06/07/2026,31/03/2026,62011,Computer programming activities,,No
U47190MH2006PTC100238,Vantage Commodities Private Limited,ROC-MUMBAI,100239,Company limited by Shares,Non-govt company,Private,27/02/2006,"664, Tower, Falcon Lane, Mumbai, Maharashtra - 400027",Maharashtra,400027,vantage52@gmail.com,Unlisted,Active,1000000,682795,06/09/2025,31/03/2025,47190,Other retail sale in non-specialized stores,,No
U62011MH2017PTC100560,Continental Ventures Private Limited,ROC-MUMBAI,100561,Company limited by Shares,Non-govt company,Private,15/03/2017,"957, Mall, Zenith Nagar, Mumbai, Maharashtra - 400019",Maharashtra,400019,continental88@gmail.com,Unlisted,Active,1000000,695248,01/08/2024,31/03/2024,62011,Computer programming activities,,No
U63990UP2008PTC100584,Zenith Realty Private Limited,ROC-KANPUR,100585,Company limited by Shares,Non-govt company,Private,28/11/2008,"606, Arcade, Ganesh Road, Kanpur, Uttar Pradesh - 208088",Uttar Pradesh,208088,zenith67@gmail.com,Unlisted,Active,500000,359223,22/11/2024,31/03/2024,63990,Other information service activities n.e.c.,,No
U82990GJ2006PLC100446,Emerald Constructions Limited,ROC-AHMEDABAD,100447,Company limited by Shares,Non-govt company,Public,11/11/2006,"861, Chambers, Ashirwad Marg, Ahmedabad, Gujarat - 380035",Gujarat,380035,emerald55@gmail.com,Unlisted,Active,2000000,1182612,05/08/2024,31/03/2024,82990,Other business support activities n.e.c.,,No
U47190HR2014PTC100868,Golden Distributors Private Limited,ROC-CHANDIGARH,100869,Company limited by Shares,Non-govt company,Private,18/04/2014,"91, Chambers, Meridian Marg, Gurugram, Haryana - 122060",Haryana,122060,golden77@gmail.com,Unlisted,Active,1000000,798341,03/11/2025,31/03/2026,47190,Other retail sale in non-specialized stores,,No
U52290RJ2026PTC100801,Continental Overseas Private Limited,ROC-JAIPUR,100802,Company limited by Shares,Non-govt company,Private,24/03/2026,"712, Mall, National Marg, Jaipur, Rajasthan - 302041",Rajasthan,302041,continental12@gmail.com,Unlisted,Active,100000,55075,07/12/2024,31/03/2024,52290,Other transportation support activities,,No
U10610WB2013PTC100600,Rudra Investments Private Limited,ROC-KOLKATA,100601,Company limited by Shares,Non-govt company,Private,03/09/2013,"869, Chambers, Everest Marg, Kolkata, West Bengal - 700014",West Bengal,700014,rudra99@gmail.com,Unlisted,Active,200000,132499,11/08/2025,31/03/2026,10610,Manufacture of grain mill products,,No
U52290HR2024PTC100850,Emerald Finance Private Limited,ROC-CHANDIGARH,100851,Company limited by Shares,Non-govt company,Private,08/06/2024,"62, Heights, Anmol Marg, Gurugram, Haryana - 122086",Haryana,122086,emerald32@gmail.com,Unlisted,Active,100000,67801,26/09/2025,31/03/2025,52290,Other transportation support activities,,No
U41001KA2017PTC100266,Ganesh Trading Private Limited,ROC-BANGALORE,100267,Company limited by Shares,Non-govt company,Private,20/10/2017,"909, Heights, Sai Chowk, Bengaluru, Karnataka - 560097",Karnataka,560097,ganesh97@gmail.com,Unlisted,Active,1000000,960206,04/12/2025,31/03/2025,41001,Construction of residential/commercial buildings,,No
U52290HR2008PTC100996,Lakshmi Solutions Private Limited,ROC-CHANDIGARH,100997,Company limited by Shares,Non-govt company,Private,09/12/2008,"158, Plaza, Vertex Road, Gurugram, Haryana - 122095",Haryana,122095,lakshmi38@gmail.com,Unlisted,Active - Non-compliant,2000000,1890561,11/07/2025,31/03/2025,52290,Other transportation support activities,,No
U82990WB2011PTC100530,Meridian Textiles Private Limited,ROC-KOLKATA,100531,Company limited by Shares,Non-govt company,Private,05/02/2011,"581, Tower, Vertex Chowk, Kolkata, West Bengal - 700042",West Bengal,700042,meridian41@gmail.com,Unlisted,Active,5000000,3791201,03/07/2025,31/03/2025,82990,Other business support activities n.e.c.,,No
U41001HR2024PTC100056,Infinity Realty Private Limited,ROC-CHANDIGARH,100057,Company limited by Shares,Non-govt company,Private,15/01/2024,"691, House, Falcon Colony, Gurugram, Haryana - 122021",Haryana,122021,infinity18@rediffmail.com,Unlisted,Active - Non-compliant,10000000,150000,,,41001,Construction of residential/commercial buildings,RING-08,Yes
U41001GJ2009PTC100121,Horizon Services Private Limited,ROC-AHMEDABAD,100122,Company limited by Shares,Non-govt company,Private,20/02/2009,"461, House, Elite Marg, Ahmedabad, Gujarat - 380037",Gujarat,380037,horizon36@gmail.com,Unlisted,Active,5000000,4143269,07/11/2024,31/03/2024,41001,Construction of residential/commercial buildings,,No
U41001KA2011PTC100216,Orion Pharma Private Limited,ROC-BANGALORE,100217,Company limited by Shares,Non-govt company,Private,30/01/2011,"628, Heights, Orion Layout, Bengaluru, Karnataka - 560016",Karnataka,560016,orion26@gmail.com,Unlisted,Active,5000000,4510007,10/07/2026,31/03/2026,41001,Construction of residential/commercial buildings,,No
U41001UP2024PTC100026,Pioneer Traders Private Limited,ROC-KANPUR,100027,Company limited by Shares,Non-govt company,Private,17/07/2024,"309, House, Falcon Marg, Kanpur, Uttar Pradesh - 208048",Uttar Pradesh,208048,pioneer62@rediffmail.com,Unlisted,Active - Non-compliant,50000000,150000,,,41001,Construction of residential/commercial buildings,RING-04,Yes
U46310RJ2021PTC100073,Elite Infra Private Limited,ROC-JAIPUR,100074,Company limited by Shares,Non-govt company,Private,24/11/2021,"536, Complex, Superior Colony, Jaipur, Rajasthan - 302046",Rajasthan,302046,elite48@rediffmail.com,Unlisted,Active,100000000,500000,,,46310,Wholesale of agricultural raw materials,RING-11,Yes
U62011MH2019PTC100045,Apex Chemicals Private Limited,ROC-PUNE,100046,Company limited by Shares,Non-govt company,Private,16/12/2018,"411, Mall, Royal Marg, Pune, Maharashtra - 411029",Maharashtra,411029,apex93@rediffmail.com,Unlisted,Active - Non-compliant,25000000,500000,26/11/2019,31/03/2019,62011,Computer programming activities,RING-06,Yes
U70200RJ2025PTC100248,Ganesh Enterprises Private Limited,ROC-JAIPUR,100249,Company limited by Shares,Non-govt company,Private,18/05/2025,"211, Chambers, Golden Colony, Jaipur, Rajasthan - 302013",Rajasthan,302013,ganesh21@gmail.com,Unlisted,Active,100000,53312,20/07/2026,31/03/2026,70200,Management consultancy activities,,No
U47190MH2025PTC100722,Orion Trading Private Limited,ROC-MUMBAI,100723,Company limited by Shares,Non-govt company,Private,09/09/2025,"191, Tower, Superior Chowk, Mumbai, Maharashtra - 400040",Maharashtra,400040,orion89@gmail.com,Unlisted,Active,2000000,1959830,06/07/2024,31/03/2024,47190,Other retail sale in non-specialized stores,,No
U41001PB2015PTC100282,Platinum Systems Private Limited,ROC-CHANDIGARH,100283,Company limited by Shares,Non-govt company,Private,27/01/2015,"397, Chambers, Infinity Colony, Chandigarh, Punjab - 160079",Punjab,160079,platinum15@gmail.com,Unlisted,Active,5000000,3313040,14/11/2024,31/03/2024,41001,Construction of residential/commercial buildings,,No
U10610HR2012PTC100894,National Distributors Private Limited,ROC-CHANDIGARH,100895,Company limited by Shares,Non-govt company,Private,29/09/2012,"505, Complex, Vikram Street, Gurugram, Haryana - 122080",Haryana,122080,national90@gmail.com,Unlisted,Active,200000,113915,12/12/2024,31/03/2024,10610,Manufacture of grain mill products,,No
U82990TN2024PTC100915,Vardhan Realty Private Limited,ROC-CHENNAI,100916,Company limited by Shares,Non-govt company,Private,15/11/2024,"411, Arcade, Shakti Nagar, Chennai, Tamil Nadu - 600069",Tamil Nadu,600069,vardhan48@gmail.com,Unlisted,Active,5000000,2904588,26/09/2024,31/03/2024,82990,Other business support activities n.e.c.,,No
U63990UP2023PTC100811,Om Commodities Private Limited,ROC-KANPUR,100812,Company limited by Shares,Non-govt company,Private,15/01/2023,"514, Tower, Universal Colony, Kanpur, Uttar Pradesh - 208094",Uttar Pradesh,208094,om30@gmail.com,Unlisted,Active,100000,74293,07/08/2025,31/03/2026,63990,Other information service activities n.e.c.,,No
U46900TN2022PTC100245,Vishal Consultancy Private Limited,ROC-CHENNAI,100246,Company limited by Shares,Non-govt company,Private,30/09/2022,"184, Mall, Vaibhav Lane, Chennai, Tamil Nadu - 600013",Tamil Nadu,600013,vishal25@gmail.com,Unlisted,Active - Non-compliant,200000,126267,14/09/2025,31/03/2026,46900,Wholesale trade (non-specialized),,No
U68100DL2010PLC100823,Krishna Trading Limited,ROC-DELHI,100824,Company limited by Shares,Non-govt company,Public,29/06/2010,"153, Chambers, Vaibhav Road, New Delhi, Delhi - 110036",Delhi,110036,krishna28@gmail.com,Unlisted,Active,500000,443227,23/11/2024,31/03/2024,68100,Real estate activities with own/leased property,,No
U10610RJ2023PTC100322,Meridian Technologies Private Limited,ROC-JAIPUR,100323,Company limited by Shares,Non-govt company,Private,11/10/2023,"883, Complex, Shree Layout, Jaipur, Rajasthan - 302050",Rajasthan,302050,meridian25@gmail.com,Unlisted,Active,2000000,1713749,06/07/2025,31/03/2026,10610,Manufacture of grain mill products,,No
U46310MH2012PTC100644,Sai Logistics Private Limited,ROC-MUMBAI,100645,Company limited by Shares,Non-govt company,Private,23/01/2012,"579, House, Shakti Street, Mumbai, Maharashtra - 400069",Maharashtra,400069,sai66@gmail.com,Unlisted,Active,200000,147025,09/10/2024,31/03/2024,46310,Wholesale of agricultural raw materials,,No
U82990HR2020PTC100159,Vardhan Distributors Private Limited,ROC-CHANDIGARH,100160,Company limited by Shares,Non-govt company,Private,10/01/2020,"678, Chambers, Trident Colony, Gurugram, Haryana - 122094",Haryana,122094,vardhan96@gmail.com,Unlisted,Active,500000,379774,14/07/2024,31/03/2024,82990,Other business support activities n.e.c.,,No
U52290WB2007PTC100978,Infinity Exports Private Limited,ROC-KOLKATA,100979,Company limited by Shares,Non-govt company,Private,02/06/2007,"750, Plaza, Skyline Colony, Kolkata, West Bengal - 700013",West Bengal,700013,infinity66@gmail.com,Unlisted,Active,2000000,1249281,22/10/2025,31/03/2026,52290,Other transportation support activities,,No
U46310DL2010PTC100430,Vaibhav Investments Private Limited,ROC-DELHI,100431,Company limited by Shares,Non-govt company,Private,14/02/2010,"285, Tower, Vishal Lane, New Delhi, Delhi - 110018",Delhi,110018,vaibhav26@gmail.com,Unlisted,Active,5000000,3640165,18/09/2024,31/03/2024,46310,Wholesale of agricultural raw materials,,No
U82990RJ2008PTC100942,Trident Impex Private Limited,ROC-JAIPUR,100943,Company limited by Shares,Non-govt company,Private,06/07/2008,"298, Mall, Apex Lane, Jaipur, Rajasthan - 302068",Rajasthan,302068,trident36@gmail.com,Unlisted,Dormant,100000,86200,28/12/2024,31/03/2024,82990,Other business support activities n.e.c.,,No
U68100TG2022PTC100463,Vaibhav Chemicals Private Limited,ROC-HYDERABAD,100464,Company limited by Shares,Non-govt company,Private,17/03/2022,"163, Mall, Royal Street, Hyderabad, Telangana - 500078",Telangana,500078,vaibhav51@gmail.com,Unlisted,Active,200000,166296,04/07/2024,31/03/2024,68100,Real estate activities with own/leased property,,No
U68100TG2022PTC100310,Vikram Impex Private Limited,ROC-HYDERABAD,100311,Company limited by Shares,Non-govt company,Private,19/10/2022,"567, Complex, Nova Nagar, Hyderabad, Telangana - 500069",Telangana,500069,vikram49@gmail.com,Unlisted,Active,100000,88096,05/11/2025,31/03/2026,68100,Real estate activities with own/leased property,,No
U70200WB2010PTC100698,Elite Developers Private Limited,ROC-KOLKATA,100699,Company limited by Shares,Non-govt company,Private,14/08/2010,"152, Plaza, Global Marg, Kolkata, West Bengal - 700080",West Bengal,700080,elite27@gmail.com,Unlisted,Active,2000000,1890570,15/10/2025,31/03/2025,70200,Management consultancy activities,,No
U47190TN2023PTC100061,Emerald Logistics Private Limited,ROC-CHENNAI,100062,Company limited by Shares,Non-govt company,Private,13/01/2023,"470, Plaza, Om Layout, Chennai, Tamil Nadu - 600061",Tamil Nadu,600061,emerald49@rediffmail.com,Unlisted,Active,50000000,100000,22/09/2020,31/03/2020,47190,Other retail sale in non-specialized stores,RING-09,Yes
U10610TG2024PTC100885,Krishna Textiles Private Limited,ROC-HYDERABAD,100886,Company limited by Shares,Non-govt company,Private,09/03/2024,"845, House, Royal Road, Hyderabad, Telangana - 500086",Telangana,500086,krishna98@gmail.com,Unlisted,Active,5000000,2696703,12/12/2025,31/03/2026,10610,Manufacture of grain mill products,,No
U41001PB2007PTC100596,Emerald Ventures Private Limited,ROC-CHANDIGARH,100597,Company limited by Shares,Non-govt company,Private,29/08/2007,"673, Mall, Everest Nagar, Chandigarh, Punjab - 160027",Punjab,160027,emerald50@gmail.com,Unlisted,Active - Non-compliant,200000,129411,23/10/2025,31/03/2025,41001,Construction of residential/commercial buildings,,No
U41001DL2025PTC100768,Vishwa Distributors Private Limited,ROC-DELHI,100769,Company limited by Shares,Non-govt company,Private,29/06/2025,"908, Plaza, Infinity Nagar, New Delhi, Delhi - 110048",Delhi,110048,vishwa71@gmail.com,Unlisted,Active,1000000,724700,14/07/2026,31/03/2026,41001,Construction of residential/commercial buildings,,No
U70200HR2024PTC100650,Rudra Traders Private Limited,ROC-CHANDIGARH,100651,Company limited by Shares,Non-govt company,Private,19/04/2024,"679, Mall, Diamond Chowk, Gurugram, Haryana - 122018",Haryana,122018,rudra69@gmail.com,Unlisted,Dormant,1000000,876631,21/07/2024,31/03/2024,70200,Management consultancy activities,,No
U82990WB2021PTC100651,Golden Consultancy Private Limited,ROC-KOLKATA,100652,Company limited by Shares,Non-govt company,Private,15/05/2021,"140, Plaza, Prime Colony, Kolkata, West Bengal - 700061",West Bengal,700061,golden83@gmail.com,Unlisted,Active,200000,119897,01/08/2025,31/03/2026,82990,Other business support activities n.e.c.,,No
U74999HR2013PLC100866,Silver Technologies Limited,ROC-CHANDIGARH,100867,Company limited by Shares,Non-govt company,Public,07/08/2013,"761, Complex, Ganesh Road, Gurugram, Haryana - 122020",Haryana,122020,silver79@gmail.com,Unlisted,Active,2000000,1223054,13/07/2025,31/03/2025,74999,Other business support service activities n.e.c.,,No
U64990UP2022PTC100669,Nova Pharma Private Limited,ROC-KANPUR,100670,Company limited by Shares,Non-govt company,Private,11/04/2022,"682, Plaza, Bharat Layout, Kanpur, Uttar Pradesh - 208049",Uttar Pradesh,208049,nova95@gmail.com,Unlisted,Active,100000,77814,28/08/2024,31/03/2024,64990,Other financial service activities n.e.c.,,No
U64990KA2014PLC100299,Emerald Systems Limited,ROC-BANGALORE,100300,Company limited by Shares,Non-govt company,Public,15/05/2014,"895, Complex, Everest Marg, Bengaluru, Karnataka - 560073",Karnataka,560073,emerald94@gmail.com,Unlisted,Active,1000000,724985,19/08/2025,31/03/2025,64990,Other financial service activities n.e.c.,,No
U10610TG2017PTC100690,Superior Infra Private Limited,ROC-HYDERABAD,100691,Company limited by Shares,Non-govt company,Private,13/03/2017,"62, Tower, Radiant Lane, Hyderabad, Telangana - 500027",Telangana,500027,superior52@gmail.com,Unlisted,Active,100000,50498,01/09/2024,31/03/2024,10610,Manufacture of grain mill products,,No
U70200DL2016PTC100315,Sai Finance Private Limited,ROC-DELHI,100316,Company limited by Shares,Non-govt company,Private,25/11/2016,"675, Mall, Vantage Nagar, New Delhi, Delhi - 110094",Delhi,110094,sai34@gmail.com,Unlisted,Active,5000000,4378599,22/11/2025,31/03/2025,70200,Management consultancy activities,,No
U47190WB2018PTC100311,Elite Technologies Private Limited,ROC-KOLKATA,100312,Company limited by Shares,Non-govt company,Private,13/03/2018,"199, House, Nova Colony, Kolkata, West Bengal - 700075",West Bengal,700075,elite72@gmail.com,Unlisted,Dormant,1000000,942499,06/11/2025,31/03/2025,47190,Other retail sale in non-specialized stores,,No
U68100RJ2006PTC100362,Krishna Foods Private Limited,ROC-JAIPUR,100363,Company limited by Shares,Non-govt company,Private,23/07/2006,"772, Heights, Infinity Road, Jaipur, Rajasthan - 302081",Rajasthan,302081,krishna50@gmail.com,Unlisted,Active,100000,91492,11/09/2025,31/03/2025,68100,Real estate activities with own/leased property,,No
U70200MH2022PTC100480,Elite Systems Private Limited,ROC-PUNE,100481,Company limited by Shares,Non-govt company,Private,09/04/2022,"4, Heights, Continental Layout, Pune, Maharashtra - 411081",Maharashtra,411081,elite28@gmail.com,Unlisted,Active,5000000,2857708,21/08/2025,31/03/2026,70200,Management consultancy activities,,No
U52290TN2023PTC100111,Anmol Ventures Private Limited,ROC-CHENNAI,100112,Company limited by Shares,Non-govt company,Private,22/05/2023,"387, Plaza, Royal Lane, Chennai, Tamil Nadu - 600085",Tamil Nadu,600085,anmol55@rediffmail.com,Unlisted,Active - Non-compliant,20000000,150000,,,52290,Other transportation support activities,RING-16,Yes
U74999WB2016PLC100990,Vaibhav Enterprises Limited,ROC-KOLKATA,100991,Company limited by Shares,Non-govt company,Public,15/08/2016,"919, Heights, Lakshmi Lane, Kolkata, West Bengal - 700031",West Bengal,700031,vaibhav19@gmail.com,Unlisted,Active - Non-compliant,5000000,4654005,14/12/2025,31/03/2025,74999,Other business support service activities n.e.c.,,No
U64990DL2019PTC100487,Global Enterprises Private Limited,ROC-DELHI,100488,Company limited by Shares,Non-govt company,Private,27/06/2019,"23, Arcade, Ashirwad Marg, New Delhi, Delhi - 110025",Delhi,110025,global48@gmail.com,Unlisted,Active,1000000,870923,21/10/2025,31/03/2025,64990,Other financial service activities n.e.c.,,No
U47190TN2010PTC100364,Sunrise Systems Private Limited,ROC-CHENNAI,100365,Company limited by Shares,Non-govt company,Private,25/01/2010,"894, Chambers, Aastha Lane, Chennai, Tamil Nadu - 600098",Tamil Nadu,600098,sunrise19@gmail.com,Unlisted,Active,500000,441550,27/11/2025,31/03/2025,47190,Other retail sale in non-specialized stores,,No
U82990TN2006PLC100255,Vishwa Overseas Limited,ROC-CHENNAI,100256,Company limited by Shares,Non-govt company,Public,10/09/2006,"824, Chambers, Shakti Road, Chennai, Tamil Nadu - 600084",Tamil Nadu,600084,vishwa22@gmail.com,Unlisted,Active,2000000,1214080,13/11/2025,31/03/2025,82990,Other business support activities n.e.c.,,No
U64990TN2021PLC100260,Everest Industries Limited,ROC-CHENNAI,100261,Company limited by Shares,Non-govt company,Public,21/12/2021,"901, House, Krishna Chowk, Chennai, Tamil Nadu - 600020",Tamil Nadu,600020,everest72@gmail.com,Unlisted,Active,500000,302596,11/12/2025,31/03/2025,64990,Other financial service activities n.e.c.,,No
U62011UP2009PTC100803,Vishwa Traders Private Limited,ROC-KANPUR,100804,Company limited by Shares,Non-govt company,Private,30/10/2009,"424, House, Rudra Chowk, Kanpur, Uttar Pradesh - 208082",Uttar Pradesh,208082,vishwa68@gmail.com,Unlisted,Active,2000000,1262264,21/08/2025,31/03/2026,62011,Computer programming activities,,No
U52290TG2022PLC100678,Zenith Distributors Limited,ROC-HYDERABAD,100679,Company limited by Shares,Non-govt company,Public,01/06/2022,"175, Heights, Ashirwad Layout, Hyderabad, Telangana - 500052",Telangana,500052,zenith91@gmail.com,Unlisted,Active - Non-compliant,500000,404813,15/09/2024,31/03/2024,52290,Other transportation support activities,,No
U46900GJ2014PTC100495,Radiant Pharma Private Limited,ROC-AHMEDABAD,100496,Company limited by Shares,Non-govt company,Private,24/08/2014,"429, Mall, Krishna Chowk, Ahmedabad, Gujarat - 380065",Gujarat,380065,radiant81@gmail.com,Unlisted,Active,5000000,3812938,04/11/2024,31/03/2024,46900,Wholesale trade (non-specialized),,No
U74999MH2014PTC100671,Universal Investments Private Limited,ROC-MUMBAI,100672,Company limited by Shares,Non-govt company,Private,05/08/2014,"135, Plaza, Infinity Layout, Mumbai, Maharashtra - 400045",Maharashtra,400045,universal95@gmail.com,Unlisted,Active,5000000,2807188,09/09/2025,31/03/2025,74999,Other business support service activities n.e.c.,,No
U68100GJ2020PTC100378,Sai Ventures Private Limited,ROC-AHMEDABAD,100379,Company limited by Shares,Non-govt company,Private,02/09/2020,"259, Mall, Diamond Chowk, Ahmedabad, Gujarat - 380038",Gujarat,380038,sai35@gmail.com,Unlisted,Active,1000000,566608,07/08/2024,31/03/2024,68100,Real estate activities with own/leased property,,No
U62011TG2018PTC100527,Continental Impex Private Limited,ROC-HYDERABAD,100528,Company limited by Shares,Non-govt company,Private,02/04/2018,"620, Mall, Shree Road, Hyderabad, Telangana - 500061",Telangana,500061,continental85@gmail.com,Unlisted,Active,2000000,1287662,21/09/2025,31/03/2026,62011,Computer programming activities,,No
U63990DL2005PTC100846,Om Investments Private Limited,ROC-DELHI,100847,Company limited by Shares,Non-govt company,Private,17/05/2005,"14, Tower, Suvidha Nagar, New Delhi, Delhi - 110090",Delhi,110090,om14@gmail.com,Unlisted,Active,200000,158965,21/09/2025,31/03/2026,63990,Other information service activities n.e.c.,,No
U62011KA2005PTC100138,Vishwa Services Private Limited,ROC-BANGALORE,100139,Company limited by Shares,Non-govt company,Private,09/06/2005,"515, Heights, Elite Chowk, Bengaluru, Karnataka - 560033",Karnataka,560033,vishwa13@gmail.com,Unlisted,Active,5000000,3397780,19/09/2025,31/03/2025,62011,Computer programming activities,,No
U46310PB2018PTC100356,Ashirwad Developers Private Limited,ROC-CHANDIGARH,100357,Company limited by Shares,Non-govt company,Private,12/11/2018,"752, Complex, Platinum Colony, Chandigarh, Punjab - 160033",Punjab,160033,ashirwad40@gmail.com,Unlisted,Active,2000000,1920594,24/07/2025,31/03/2025,46310,Wholesale of agricultural raw materials,,No
U70200RJ2014PTC100366,Emerald Solutions Private Limited,ROC-JAIPUR,100367,Company limited by Shares,Non-govt company,Private,25/11/2014,"302, Chambers, Infinity Street, Jaipur, Rajasthan - 302086",Rajasthan,302086,emerald45@gmail.com,Unlisted,Active,500000,274453,07/10/2024,31/03/2024,70200,Management consultancy activities,,No
U62011KA2010PLC100943,Skyline Consultancy Limited,ROC-BANGALORE,100944,Company limited by Shares,Non-govt company,Public,02/11/2010,"528, House, Diamond Colony, Bengaluru, Karnataka - 560018",Karnataka,560018,skyline81@gmail.com,Unlisted,Active,1000000,631717,17/10/2025,31/03/2025,62011,Computer programming activities,,No
U46310TG2011PLC100750,Vishal Industries Limited,ROC-HYDERABAD,100751,Company limited by Shares,Non-govt company,Public,04/11/2011,"73, Chambers, Everest Road, Hyderabad, Telangana - 500012",Telangana,500012,vishal36@gmail.com,Unlisted,Active,5000000,4153337,19/12/2025,31/03/2025,46310,Wholesale of agricultural raw materials,,No
U62011RJ2020PTC100949,Krishna Retail Private Limited,ROC-JAIPUR,100950,Company limited by Shares,Non-govt company,Private,25/03/2020,"781, Chambers, Aastha Nagar, Jaipur, Rajasthan - 302010",Rajasthan,302010,krishna59@gmail.com,Unlisted,Active,5000000,3967901,20/07/2025,31/03/2025,62011,Computer programming activities,,No
U45201KA2017PTC100830,Vikram Overseas Private Limited,ROC-BANGALORE,100831,Company limited by Shares,Non-govt company,Private,25/08/2017,"921, Heights, Pioneer Nagar, Bengaluru, Karnataka - 560024",Karnataka,560024,vikram70@gmail.com,Unlisted,Active,200000,137420,04/07/2026,31/03/2026,45201,Maintenance and repair of motor vehicles,,No
U14101WB2016PTC100657,Shakti Commodities Private Limited,ROC-KOLKATA,100658,Company limited by Shares,Non-govt company,Private,20/05/2016,"699, Mall, Radiant Chowk, Kolkata, West Bengal - 700089",West Bengal,700089,shakti99@gmail.com,Unlisted,Active,500000,267842,26/08/2025,31/03/2025,14101,Manufacture of wearing apparel,,No
U47190TG2016PTC100200,Diamond Systems Private Limited,ROC-HYDERABAD,100201,Company limited by Shares,Non-govt company,Private,27/04/2016,"85, Mall, Vardhan Marg, Hyderabad, Telangana - 500080",Telangana,500080,diamond61@gmail.com,Unlisted,Active,200000,143193,11/08/2026,31/03/2026,47190,Other retail sale in non-specialized stores,,No
U47190DL2018PTC100214,Vardhan Finance Private Limited,ROC-DELHI,100215,Company limited by Shares,Non-govt company,Private,08/05/2018,"899, Chambers, Superior Layout, New Delhi, Delhi - 110048",Delhi,110048,vardhan37@gmail.com,Unlisted,Active,500000,426316,16/07/2025,31/03/2026,47190,Other retail sale in non-specialized stores,,No
U68100MH2006PTC100409,Skyline Merchants Private Limited,ROC-PUNE,100410,Company limited by Shares,Non-govt company,Private,05/04/2006,"199, Plaza, Bharat Colony, Pune, Maharashtra - 411031",Maharashtra,411031,skyline85@gmail.com,Unlisted,Active,5000000,4276477,28/09/2024,31/03/2024,68100,Real estate activities with own/leased property,,No
U52290KA2006PTC100333,Horizon Foods Private Limited,ROC-BANGALORE,100334,Company limited by Shares,Non-govt company,Private,18/05/2006,"966, Heights, Rudra Nagar, Bengaluru, Karnataka - 560041",Karnataka,560041,horizon50@gmail.com,Unlisted,Active,1000000,821936,09/09/2025,31/03/2025,52290,Other transportation support activities,,No
U70200TN2015PTC100209,Everest Distributors Private Limited,ROC-CHENNAI,100210,Company limited by Shares,Non-govt company,Private,04/01/2015,"784, Arcade, Shree Layout, Chennai, Tamil Nadu - 600073",Tamil Nadu,600073,everest73@gmail.com,Unlisted,Active,5000000,2951740,20/07/2026,31/03/2026,70200,Management consultancy activities,,No
U10610MH2019PTC100614,Vaibhav Agro Private Limited,ROC-MUMBAI,100615,Company limited by Shares,Non-govt company,Private,10/12/2019,"798, House, Global Marg, Mumbai, Maharashtra - 400028",Maharashtra,400028,vaibhav52@gmail.com,Unlisted,Active,100000,94474,15/07/2026,31/03/2026,10610,Manufacture of grain mill products,,No
U74999TG2018PTC100079,Nova Finance Private Limited,ROC-HYDERABAD,100080,Company limited by Shares,Non-govt company,Private,27/10/2018,"895, Mall, Krishna Nagar, Hyderabad, Telangana - 500057",Telangana,500057,nova60@rediffmail.com,Unlisted,Active - Non-compliant,50000000,100000,,,74999,Other business support service activities n.e.c.,RING-12,Yes
U62011TG2022PTC100030,Vikram Agro Private Limited,ROC-HYDERABAD,100031,Company limited by Shares,Non-govt company,Private,05/10/2022,"336, Chambers, Platinum Colony, Hyderabad, Telangana - 500053",Telangana,500053,vikram48@rediffmail.com,Unlisted,Active - Non-compliant,20000000,100000,23/02/2022,31/03/2022,62011,Computer programming activities,RING-05,Yes
U46310MH2010PLC100536,Vaibhav Impex Limited,ROC-PUNE,100537,Company limited by Shares,Non-govt company,Public,26/02/2010,"932, Complex, Om Street, Pune, Maharashtra - 411078",Maharashtra,411078,vaibhav39@gmail.com,Unlisted,Active,5000000,3833857,13/10/2024,31/03/2024,46310,Wholesale of agricultural raw materials,,No
U10610UP2013PTC100696,Ganesh Overseas Private Limited,ROC-KANPUR,100697,Company limited by Shares,Non-govt company,Private,16/08/2013,"760, Mall, Vishal Marg, Kanpur, Uttar Pradesh - 208059",Uttar Pradesh,208059,ganesh11@gmail.com,Unlisted,Active,5000000,4069438,15/08/2025,31/03/2026,10610,Manufacture of grain mill products,,No
U63990GJ2016PLC100558,Radiant Realty Limited,ROC-AHMEDABAD,100559,Company limited by Shares,Non-govt company,Public,16/08/2016,"675, Complex, Golden Lane, Ahmedabad, Gujarat - 380090",Gujarat,380090,radiant54@gmail.com,Unlisted,Active,200000,186010,03/08/2025,31/03/2026,63990,Other information service activities n.e.c.,,No
U14101TN2013PLC100837,Pioneer Impex Limited,ROC-CHENNAI,100838,Company limited by Shares,Non-govt company,Public,09/07/2013,"187, Complex, National Road, Chennai, Tamil Nadu - 600043",Tamil Nadu,600043,pioneer41@gmail.com,Unlisted,Active,5000000,3411323,23/08/2024,31/03/2024,14101,Manufacture of wearing apparel,,No
U46310GJ2015PLC100597,Ganesh Solutions Limited,ROC-AHMEDABAD,100598,Company limited by Shares,Non-govt company,Public,17/10/2015,"455, Plaza, Zenith Layout, Ahmedabad, Gujarat - 380027",Gujarat,380027,ganesh62@gmail.com,Unlisted,Active,1000000,995818,12/11/2025,31/03/2026,46310,Wholesale of agricultural raw materials,,No
U10610WB2019PTC100166,Lakshmi Enterprises Private Limited,ROC-KOLKATA,100167,Company limited by Shares,Non-govt company,Private,11/01/2019,"803, Heights, Meridian Lane, Kolkata, West Bengal - 700033",West Bengal,700033,lakshmi76@gmail.com,Unlisted,Active,5000000,3252887,03/09/2024,31/03/2024,10610,Manufacture of grain mill products,,No
U64990UP2023PTC100919,National Chemicals Private Limited,ROC-KANPUR,100920,Company limited by Shares,Non-govt company,Private,24/02/2023,"266, Tower, Vikram Layout, Kanpur, Uttar Pradesh - 208061",Uttar Pradesh,208061,national68@gmail.com,Unlisted,Active,5000000,4077991,18/10/2025,31/03/2026,64990,Other financial service activities n.e.c.,,No
U64990MH2019PTC100496,Silver Industries Private Limited,ROC-MUMBAI,100497,Company limited by Shares,Non-govt company,Private,28/11/2019,"69, Complex, Ganesh Nagar, Mumbai, Maharashtra - 400024",Maharashtra,400024,silver81@gmail.com,Unlisted,Active,1000000,829930,16/09/2024,31/03/2024,64990,Other financial service activities n.e.c.,,No
U62011WB2021PTC100825,Vinayak Chemicals Private Limited,ROC-KOLKATA,100826,Company limited by Shares,Non-govt company,Private,08/11/2021,"301, House, Silver Street, Kolkata, West Bengal - 700045",West Bengal,700045,vinayak83@gmail.com,Unlisted,Active,2000000,1469261,17/10/2024,31/03/2024,62011,Computer programming activities,,No
U45201KA2023PLC100066,Sunrise Distributors Limited,ROC-BANGALORE,100067,Company limited by Shares,Non-govt company,Public,18/08/2023,"786, Complex, Vikram Chowk, Bengaluru, Karnataka - 560047",Karnataka,560047,sunrise17@rediffmail.com,Unlisted,Active - Non-compliant,20000000,200000,,,45201,Maintenance and repair of motor vehicles,RING-10,Yes
U68100TN2013PTC100142,Global Distributors Private Limited,ROC-CHENNAI,100143,Company limited by Shares,Non-govt company,Private,28/08/2013,"360, House, Global Layout, Chennai, Tamil Nadu - 600083",Tamil Nadu,600083,global93@gmail.com,Unlisted,Active,5000000,3549133,13/10/2025,31/03/2025,68100,Real estate activities with own/leased property,,No
U10610MH2007PLC100926,Trident Enterprises Limited,ROC-PUNE,100927,Company limited by Shares,Non-govt company,Public,02/02/2007,"795, Complex, Orion Layout, Pune, Maharashtra - 411082",Maharashtra,411082,trident77@gmail.com,Unlisted,Active,5000000,4758917,19/08/2025,31/03/2025,10610,Manufacture of grain mill products,,No
U46310UP2006PTC100828,Vaibhav Retail Private Limited,ROC-KANPUR,100829,Company limited by Shares,Non-govt company,Private,09/06/2006,"202, House, Vishwa Lane, Kanpur, Uttar Pradesh - 208095",Uttar Pradesh,208095,vaibhav27@gmail.com,Unlisted,Active,1000000,744118,13/07/2025,31/03/2025,46310,Wholesale of agricultural raw materials,,No
U47190HR2008PTC100656,Superior Overseas Private Limited,ROC-CHANDIGARH,100657,Company limited by Shares,Non-govt company,Private,28/03/2008,"901, House, Metro Lane, Gurugram, Haryana - 122010",Haryana,122010,superior98@gmail.com,Unlisted,Active,1000000,588073,19/09/2024,31/03/2024,47190,Other retail sale in non-specialized stores,,No
U68100HR2009PTC100332,Vertex Commodities Private Limited,ROC-CHANDIGARH,100333,Company limited by Shares,Non-govt company,Private,14/06/2009,"186, Chambers, Ganesh Street, Gurugram, Haryana - 122039",Haryana,122039,vertex25@gmail.com,Unlisted,Active,5000000,4456792,20/11/2024,31/03/2024,68100,Real estate activities with own/leased property,,No
U62011RJ2005PLC100665,Vikram Distributors Limited,ROC-JAIPUR,100666,Company limited by Shares,Non-govt company,Public,12/06/2005,"380, Complex, Shree Road, Jaipur, Rajasthan - 302093",Rajasthan,302093,vikram44@gmail.com,Unlisted,Active,1000000,746504,24/12/2025,31/03/2026,62011,Computer programming activities,,No
U82990GJ2025PTC100250,Emerald Infra Private Limited,ROC-AHMEDABAD,100251,Company limited by Shares,Non-govt company,Private,25/01/2025,"406, Mall, Meridian Road, Ahmedabad, Gujarat - 380025",Gujarat,380025,emerald28@gmail.com,Unlisted,Active,1000000,969541,04/12/2025,31/03/2026,82990,Other business support activities n.e.c.,,No
U62011PB2010PTC100908,Everest Trading Private Limited,ROC-CHANDIGARH,100909,Company limited by Shares,Non-govt company,Private,24/08/2010,"748, Mall, Aastha Layout, Chandigarh, Punjab - 160098",Punjab,160098,everest41@gmail.com,Unlisted,Active,2000000,1997091,09/07/2024,31/03/2024,62011,Computer programming activities,,No
U68100HR2012PTC100709,Rudra Constructions Private Limited,ROC-CHANDIGARH,100710,Company limited by Shares,Non-govt company,Private,22/11/2012,"301, Chambers, Ashirwad Street, Gurugram, Haryana - 122037",Haryana,122037,rudra60@gmail.com,Unlisted,Active,2000000,1031477,28/12/2025,31/03/2025,68100,Real estate activities with own/leased property,,No
U47190UP2014PTC100306,Capital Constructions Private Limited,ROC-KANPUR,100307,Company limited by Shares,Non-govt company,Private,07/08/2014,"670, Heights, Shree Nagar, Kanpur, Uttar Pradesh - 208037",Uttar Pradesh,208037,capital68@gmail.com,Unlisted,Active,200000,121377,13/07/2026,31/03/2026,47190,Other retail sale in non-specialized stores,,No
U70200HR2021PTC100735,Zenith Ventures Private Limited,ROC-CHANDIGARH,100736,Company limited by Shares,Non-govt company,Private,15/04/2021,"800, Chambers, Trident Road, Gurugram, Haryana - 122043",Haryana,122043,zenith96@gmail.com,Unlisted,Active,200000,132128,19/07/2026,31/03/2026,70200,Management consultancy activities,,No
U46900KA2019PTC100976,Sunrise Commodities Private Limited,ROC-BANGALORE,100977,Company limited by Shares,Non-govt company,Private,19/01/2019,"196, Chambers, Rudra Colony, Bengaluru, Karnataka - 560046",Karnataka,560046,sunrise11@gmail.com,Unlisted,Active,1000000,753930,05/08/2024,31/03/2024,46900,Wholesale trade (non-specialized),,No
U45201MH2025PTC100050,Anmol Merchants Private Limited,ROC-PUNE,100051,Company limited by Shares,Non-govt company,Private,07/05/2025,"896, Mall, Global Layout, Pune, Maharashtra - 411011",Maharashtra,411011,anmol26@rediffmail.com,Unlisted,Active,25000000,500000,,,45201,Maintenance and repair of motor vehicles,RING-07,Yes
U14101MH2011PTC100897,Zenith Technologies Private Limited,ROC-MUMBAI,100898,Company limited by Shares,Non-govt company,Private,20/03/2011,"220, Plaza, Capital Colony, Mumbai, Maharashtra - 400025",Maharashtra,400025,zenith42@gmail.com,Unlisted,Active,1000000,951275,01/11/2024,31/03/2024,14101,Manufacture of wearing apparel,,No
U74999PB2019PTC100003,Horizon Merchants Private Limited,ROC-CHANDIGARH,100004,Company limited by Shares,Non-govt company,Private,09/03/2019,"115, Plaza, Vishal Chowk, Chandigarh, Punjab - 160041",Punjab,160041,horizon41@rediffmail.com,Unlisted,Active - Non-compliant,25000000,100000,,,74999,Other business support service activities n.e.c.,RING-01,Yes
U46310WB2010PTC100545,Trident Investments Private Limited,ROC-KOLKATA,100546,Company limited by Shares,Non-govt company,Private,02/12/2010,"904, Chambers, Infinity Colony, Kolkata, West Bengal - 700088",West Bengal,700088,trident54@gmail.com,Unlisted,Active,500000,455760,01/10/2024,31/03/2024,46310,Wholesale of agricultural raw materials,,No
U45201TN2025PTC100351,Golden Merchants Private Limited,ROC-CHENNAI,100352,Company limited by Shares,Non-govt company,Private,27/01/2025,"965, House, Trident Layout, Chennai, Tamil Nadu - 600078",Tamil Nadu,600078,golden98@gmail.com,Unlisted,Active,1000000,671009,12/08/2026,31/03/2026,45201,Maintenance and repair of motor vehicles,,No
U70200RJ2015PTC100905,Suvidha Foods Private Limited,ROC-JAIPUR,100906,Company limited by Shares,Non-govt company,Private,04/09/2015,"493, Plaza, Superior Colony, Jaipur, Rajasthan - 302048",Rajasthan,302048,suvidha88@gmail.com,Unlisted,Active,1000000,722470,02/11/2025,31/03/2025,70200,Management consultancy activities,,No
U14101DL2021PTC100537,Shakti Consultancy Private Limited,ROC-DELHI,100538,Company limited by Shares,Non-govt company,Private,03/03/2021,"283, Heights, Sai Marg, New Delhi, Delhi - 110011",Delhi,110011,shakti13@gmail.com,Unlisted,Active,2000000,1080156,22/08/2025,31/03/2025,14101,Manufacture of wearing apparel,,No
U47190MH2011PTC100345,Superior Investments Private Limited,ROC-MUMBAI,100346,Company limited by Shares,Non-govt company,Private,21/01/2011,"289, Complex, Orion Road, Mumbai, Maharashtra - 400018",Maharashtra,400018,superior37@gmail.com,Unlisted,Active,100000,53890,08/07/2025,31/03/2025,47190,Other retail sale in non-specialized stores,,No
U62011MH2016PTC100995,Shakti Overseas Private Limited,ROC-MUMBAI,100996,Company limited by Shares,Non-govt company,Private,09/07/2016,"536, Plaza, Silver Street, Mumbai, Maharashtra - 400053",Maharashtra,400053,shakti27@gmail.com,Unlisted,Active,1000000,615823,03/09/2024,31/03/2024,62011,Computer programming activities,,No
U41001WB2013PTC100482,Vishwa Logistics Private Limited,ROC-KOLKATA,100483,Company limited by Shares,Non-govt company,Private,15/11/2013,"580, Plaza, Vantage Marg, Kolkata, West Bengal - 700026",West Bengal,700026,vishwa73@gmail.com,Unlisted,Active,500000,403270,11/09/2024,31/03/2024,41001,Construction of residential/commercial buildings,,No
U70200KA2005PTC100576,Shakti Distributors Private Limited,ROC-BANGALORE,100577,Company limited by Shares,Non-govt company,Private,31/10/2005,"467, Arcade, Ashirwad Road, Bengaluru, Karnataka - 560029",Karnataka,560029,shakti46@gmail.com,Unlisted,Active,2000000,1192444,06/12/2025,31/03/2026,70200,Management consultancy activities,,No
U68100TG2022PTC100034,Vikram Retail Private Limited,ROC-HYDERABAD,100035,Company limited by Shares,Non-govt company,Private,07/10/2022,"336, Chambers, Platinum Colony, Hyderabad, Telangana - 500053",Telangana,500053,vikram41@rediffmail.com,Unlisted,Active,10000000,100000,,,68100,Real estate activities with own/leased property,RING-05,Yes
U68100TG2022PLC100032,Vikram Services Limited,ROC-HYDERABAD,100033,Company limited by Shares,Non-govt company,Public,07/10/2022,"336, Chambers, Platinum Colony, Hyderabad, Telangana - 500053",Telangana,500053,vikram21@rediffmail.com,Unlisted,Active,50000000,200000,,,68100,Real estate activities with own/leased property,RING-05,Yes
U10610MH2019PTC100232,Prime Exports Private Limited,ROC-MUMBAI,100233,Company limited by Shares,Non-govt company,Private,07/03/2019,"8, Complex, National Chowk, Mumbai, Maharashtra - 400063",Maharashtra,400063,prime98@gmail.com,Unlisted,Active,1000000,888830,01/07/2025,31/03/2025,10610,Manufacture of grain mill products,,No
U82990RJ2023PLC100964,Platinum Realty Limited,ROC-JAIPUR,100965,Company limited by Shares,Non-govt company,Public,23/10/2023,"535, Chambers, National Street, Jaipur, Rajasthan - 302091",Rajasthan,302091,platinum66@gmail.com,Unlisted,Active,200000,179937,23/12/2025,31/03/2025,82990,Other business support activities n.e.c.,,No
U63990HR2013PTC100193,Trident Retail Private Limited,ROC-CHANDIGARH,100194,Company limited by Shares,Non-govt company,Private,01/05/2013,"954, Plaza, Om Colony, Gurugram, Haryana - 122092",Haryana,122092,trident29@gmail.com,Unlisted,Active,100000,62436,11/11/2024,31/03/2024,63990,Other information service activities n.e.c.,,No
U47190KA2013PTC100334,Suvidha Textiles Private Limited,ROC-BANGALORE,100335,Company limited by Shares,Non-govt company,Private,13/08/2013,"992, Chambers, Metro Layout, Bengaluru, Karnataka - 560022",Karnataka,560022,suvidha19@gmail.com,Unlisted,Active,100000,56524,19/07/2026,31/03/2026,47190,Other retail sale in non-specialized stores,,No
U64990PB2019PTC100004,Horizon Realty Private Limited,ROC-CHANDIGARH,100005,Company limited by Shares,Non-govt company,Private,26/02/2019,"115, Plaza, Vishal Chowk, Chandigarh, Punjab - 160041",Punjab,160041,horizon82@rediffmail.com,Unlisted,Active,25000000,500000,,,64990,Other financial service activities n.e.c.,RING-01,Yes
U45201RJ2012PTC100205,Apex Distributors Private Limited,ROC-JAIPUR,100206,Company limited by Shares,Non-govt company,Private,24/02/2012,"281, Complex, Ashirwad Lane, Jaipur, Rajasthan - 302023",Rajasthan,302023,apex26@gmail.com,Unlisted,Active,1000000,980598,24/12/2024,31/03/2024,45201,Maintenance and repair of motor vehicles,,No
U41001MH2005PTC100515,Om Trading Private Limited,ROC-PUNE,100516,Company limited by Shares,Non-govt company,Private,25/09/2005,"683, Tower, Krishna Street, Pune, Maharashtra - 411049",Maharashtra,411049,om52@gmail.com,Unlisted,Active,500000,495925,12/12/2024,31/03/2024,41001,Construction of residential/commercial buildings,,No
U74999TG2007PTC100800,Radiant Developers Private Limited,ROC-HYDERABAD,100801,Company limited by Shares,Non-govt company,Private,26/04/2007,"974, Chambers, Vishal Lane, Hyderabad, Telangana - 500051",Telangana,500051,radiant44@gmail.com,Unlisted,Active,1000000,540898,14/12/2024,31/03/2024,74999,Other business support service activities n.e.c.,,No
U46310TN2019PTC100307,Global Finance Private Limited,ROC-CHENNAI,100308,Company limited by Shares,Non-govt company,Private,25/02/2019,"780, Heights, Aastha Layout, Chennai, Tamil Nadu - 600018",Tamil Nadu,600018,global52@gmail.com,Unlisted,Dormant,1000000,838950,21/08/2025,31/03/2025,46310,Wholesale of agricultural raw materials,,No
U68100TN2023PTC100110,Anmol Impex Private Limited,ROC-CHENNAI,100111,Company limited by Shares,Non-govt company,Private,29/05/2023,"387, Plaza, Royal Lane, Chennai, Tamil Nadu - 600085",Tamil Nadu,600085,anmol78@rediffmail.com,Unlisted,Active - Non-compliant,10000000,500000,,,68100,Real estate activities with own/leased property,RING-16,Yes
U64990KA2018PTC100431,Trident Infra Private Limited,ROC-BANGALORE,100432,Company limited by Shares,Non-govt company,Private,22/03/2018,"927, Tower, Anmol Layout, Bengaluru, Karnataka - 560092",Karnataka,560092,trident34@gmail.com,Unlisted,Active,2000000,1487230,28/10/2024,31/03/2024,64990,Other financial service activities n.e.c.,,No
U14101TG2018PLC100078,Nova Services Limited,ROC-HYDERABAD,100079,Company limited by Shares,Non-govt company,Public,29/10/2018,"895, Mall, Krishna Nagar, Hyderabad, Telangana - 500057",Telangana,500057,nova87@rediffmail.com,Unlisted,Under Process of Striking Off,25000000,150000,,,14101,Manufacture of wearing apparel,RING-12,Yes
U62011RJ2023PTC100085,Capital Retail Private Limited,ROC-JAIPUR,100086,Company limited by Shares,Non-govt company,Private,20/07/2023,"121, Arcade, Ashirwad Chowk, Jaipur, Rajasthan - 302067",Rajasthan,302067,capital50@rediffmail.com,Unlisted,Active,50000000,150000,,,62011,Computer programming activities,RING-13,Yes
U47190HR2017PTC100287,Rudra Technologies Private Limited,ROC-CHANDIGARH,100288,Company limited by Shares,Non-govt company,Private,26/01/2017,"127, Heights, Elite Colony, Gurugram, Haryana - 122059",Haryana,122059,rudra32@gmail.com,Unlisted,Active,5000000,4128166,22/10/2024,31/03/2024,47190,Other retail sale in non-specialized stores,,No
U47190RJ2023PLC100083,Capital Solutions Limited,ROC-JAIPUR,100084,Company limited by Shares,Non-govt company,Public,13/07/2023,"121, Arcade, Ashirwad Chowk, Jaipur, Rajasthan - 302067",Rajasthan,302067,capital78@rediffmail.com,Unlisted,Active,20000000,200000,,,47190,Other retail sale in non-specialized stores,RING-13,Yes
U14101WB2016PLC100992,Emerald Finance Limited,ROC-KOLKATA,100993,Company limited by Shares,Non-govt company,Public,18/08/2016,"286, Heights, Vantage Chowk, Kolkata, West Bengal - 700067",West Bengal,700067,emerald47@gmail.com,Unlisted,Active - Non-compliant,2000000,1454996,10/09/2025,31/03/2025,14101,Manufacture of wearing apparel,,No
U62011TG2014PLC100790,Vishal Chemicals Limited,ROC-HYDERABAD,100791,Company limited by Shares,Non-govt company,Public,14/04/2014,"813, Complex, Prime Lane, Hyderabad, Telangana - 500044",Telangana,500044,vishal88@gmail.com,Unlisted,Active - Non-compliant,100000,50074,05/07/2025,31/03/2026,62011,Computer programming activities,,No
U52290WB2020PTC100895,Rudra Services Private Limited,ROC-KOLKATA,100896,Company limited by Shares,Non-govt company,Private,08/03/2020,"30, Complex, Golden Chowk, Kolkata, West Bengal - 700011",West Bengal,700011,rudra63@gmail.com,Unlisted,Active - Non-compliant,5000000,2557670,18/09/2025,31/03/2026,52290,Other transportation support activities,,No
U41001MH2009PTC100399,Meridian Infra Private Limited,ROC-MUMBAI,100400,Company limited by Shares,Non-govt company,Private,14/06/2009,"340, House, Capital Lane, Mumbai, Maharashtra - 400011",Maharashtra,400011,meridian14@gmail.com,Unlisted,Active,2000000,1395526,12/08/2025,31/03/2025,41001,Construction of residential/commercial buildings,,No
U62011UP2010PTC100324,Emerald Industries Private Limited,ROC-KANPUR,100325,Company limited by Shares,Non-govt company,Private,06/11/2010,"147, Chambers, Royal Chowk, Kanpur, Uttar Pradesh - 208091",Uttar Pradesh,208091,emerald99@gmail.com,Unlisted,Active,5000000,4759149,23/10/2025,31/03/2026,62011,Computer programming activities,,No
U14101UP2024PTC100520,Horizon Consultancy Private Limited,ROC-KANPUR,100521,Company limited by Shares,Non-govt company,Private,30/12/2024,"272, Plaza, Meridian Lane, Kanpur, Uttar Pradesh - 208015",Uttar Pradesh,208015,horizon38@gmail.com,Unlisted,Active,100000,90836,13/09/2024,31/03/2024,14101,Manufacture of wearing apparel,,No
U70200DL2022PTC100917,Rudra Solutions Private Limited,ROC-DELHI,100918,Company limited by Shares,Non-govt company,Private,12/10/2022,"792, Heights, Orion Lane, New Delhi, Delhi - 110074",Delhi,110074,rudra48@gmail.com,Unlisted,Active,2000000,1010464,07/08/2024,31/03/2024,70200,Management consultancy activities,,No
U41001DL2018PTC100923,Elite Realty Private Limited,ROC-DELHI,100924,Company limited by Shares,Non-govt company,Private,21/03/2018,"970, Mall, Vikram Lane, New Delhi, Delhi - 110055",Delhi,110055,elite25@gmail.com,Unlisted,Dormant,5000000,4519742,02/07/2024,31/03/2024,41001,Construction of residential/commercial buildings,,No
U52290PB2019PTC100006,Horizon Chemicals Private Limited,ROC-CHANDIGARH,100007,Company limited by Shares,Non-govt company,Private,12/03/2019,"115, Plaza, Vishal Chowk, Chandigarh, Punjab - 160041",Punjab,160041,horizon78@rediffmail.com,Unlisted,Active - Non-compliant,100000000,100000,,,52290,Other transportation support activities,RING-01,Yes
U10610TG2022PTC100732,Universal Trading Private Limited,ROC-HYDERABAD,100733,Company limited by Shares,Non-govt company,Private,11/10/2022,"962, Chambers, Rudra Road, Hyderabad, Telangana - 500059",Telangana,500059,universal54@gmail.com,Unlisted,Active,500000,320778,05/09/2025,31/03/2025,10610,Manufacture of grain mill products,,No
U45201PB2015PTC100466,Sai Investments Private Limited,ROC-CHANDIGARH,100467,Company limited by Shares,Non-govt company,Private,08/09/2015,"933, Chambers, Vinayak Layout, Chandigarh, Punjab - 160088",Punjab,160088,sai42@gmail.com,Unlisted,Active,2000000,1644790,15/10/2024,31/03/2024,45201,Maintenance and repair of motor vehicles,,No
U68100GJ2020PTC100098,Anmol Finance Private Limited,ROC-AHMEDABAD,100099,Company limited by Shares,Non-govt company,Private,11/12/2020,"772, Arcade, Bharat Chowk, Ahmedabad, Gujarat - 380084",Gujarat,380084,anmol70@rediffmail.com,Unlisted,Active - Non-compliant,50000000,200000,,,68100,Real estate activities with own/leased property,RING-15,Yes
U14101UP2005PTC100267,Aastha Trading Private Limited,ROC-KANPUR,100268,Company limited by Shares,Non-govt company,Private,26/12/2005,"583, Complex, Capital Marg, Kanpur, Uttar Pradesh - 208092",Uttar Pradesh,208092,aastha46@gmail.com,Unlisted,Active,2000000,1950895,26/12/2024,31/03/2024,14101,Manufacture of wearing apparel,,No
U41001WB2005PTC100358,Trident Finance Private Limited,ROC-KOLKATA,100359,Company limited by Shares,Non-govt company,Private,11/02/2005,"24, Complex, Capital Colony, Kolkata, West Bengal - 700024",West Bengal,700024,trident37@gmail.com,Unlisted,Dormant,2000000,1741696,18/07/2024,31/03/2024,41001,Construction of residential/commercial buildings,,No
U64990MH2006PTC100869,Everest Retail Private Limited,ROC-MUMBAI,100870,Company limited by Shares,Non-govt company,Private,07/04/2006,"529, Heights, Vantage Lane, Mumbai, Maharashtra - 400053",Maharashtra,400053,everest98@gmail.com,Unlisted,Active,1000000,836277,12/09/2024,31/03/2024,64990,Other financial service activities n.e.c.,,No
U70200MH2007PTC100799,Shakti Logistics Private Limited,ROC-MUMBAI,100800,Company limited by Shares,Non-govt company,Private,13/05/2007,"380, Complex, Pioneer Layout, Mumbai, Maharashtra - 400044",Maharashtra,400044,shakti60@gmail.com,Unlisted,Active,1000000,891378,23/11/2025,31/03/2026,70200,Management consultancy activities,,No
U46310MH2018PLC100381,Continental Industries Limited,ROC-MUMBAI,100382,Company limited by Shares,Non-govt company,Public,02/06/2018,"741, Plaza, Global Marg, Mumbai, Maharashtra - 400073",Maharashtra,400073,continental74@gmail.com,Unlisted,Active,2000000,1929363,09/08/2025,31/03/2025,46310,Wholesale of agricultural raw materials,,No
U14101GJ2025PTC100632,Ashirwad Consultancy Private Limited,ROC-AHMEDABAD,100633,Company limited by Shares,Non-govt company,Private,09/05/2025,"963, Heights, Silver Street, Ahmedabad, Gujarat - 380025",Gujarat,380025,ashirwad20@gmail.com,Unlisted,Active,100000,51499,16/07/2024,31/03/2024,14101,Manufacture of wearing apparel,,No
U63990HR2013PTC100382,Sai Constructions Private Limited,ROC-CHANDIGARH,100383,Company limited by Shares,Non-govt company,Private,07/09/2013,"119, Mall, Universal Colony, Gurugram, Haryana - 122055",Haryana,122055,sai34@gmail.com,Unlisted,Active,1000000,847720,05/11/2025,31/03/2025,63990,Other information service activities n.e.c.,,No
U64990WB2007PTC100491,Vishal Logistics Private Limited,ROC-KOLKATA,100492,Company limited by Shares,Non-govt company,Private,22/05/2007,"1, Tower, Radiant Street, Kolkata, West Bengal - 700019",West Bengal,700019,vishal98@gmail.com,Unlisted,Active,5000000,4109755,23/08/2024,31/03/2024,64990,Other financial service activities n.e.c.,,No
U46310TG2013PTC100119,Orion Enterprises Private Limited,ROC-HYDERABAD,100120,Company limited by Shares,Non-govt company,Private,24/01/2013,"171, Plaza, Vardhan Nagar, Hyderabad, Telangana - 500052",Telangana,500052,orion65@gmail.com,Unlisted,Active,2000000,1593819,12/12/2025,31/03/2026,46310,Wholesale of agricultural raw materials,,No
U62011WB2019PTC100901,Royal Systems Private Limited,ROC-KOLKATA,100902,Company limited by Shares,Non-govt company,Private,21/05/2019,"438, Chambers, Anmol Marg, Kolkata, West Bengal - 700016",West Bengal,700016,royal82@gmail.com,Unlisted,Active,500000,471680,20/11/2025,31/03/2025,62011,Computer programming activities,,No
U14101UP2022PTC100251,Ganesh Textiles Private Limited,ROC-KANPUR,100252,Company limited by Shares,Non-govt company,Private,19/12/2022,"286, Complex, Ashirwad Layout, Kanpur, Uttar Pradesh - 208023",Uttar Pradesh,208023,ganesh25@gmail.com,Unlisted,Active,1000000,678048,17/10/2025,31/03/2025,14101,Manufacture of wearing apparel,,No
U82990MH2017PTC100524,Vishwa Foods Private Limited,ROC-MUMBAI,100525,Company limited by Shares,Non-govt company,Private,17/01/2017,"265, House, Apex Chowk, Mumbai, Maharashtra - 400053",Maharashtra,400053,vishwa62@gmail.com,Unlisted,Active,1000000,646725,23/08/2025,31/03/2026,82990,Other business support activities n.e.c.,,No
U10610RJ2019PLC100010,Vantage Distributors Limited,ROC-JAIPUR,100011,Company limited by Shares,Non-govt company,Public,04/10/2019,"935, Tower, Vishwa Chowk, Jaipur, Rajasthan - 302091",Rajasthan,302091,vantage22@rediffmail.com,Unlisted,Under Process of Striking Off,20000000,500000,,,10610,Manufacture of grain mill products,RING-02,Yes
U62011TG2017PTC100197,Global Ventures Private Limited,ROC-HYDERABAD,100198,Company limited by Shares,Non-govt company,Private,03/05/2017,"925, Heights, Falcon Colony, Hyderabad, Telangana - 500057",Telangana,500057,global62@gmail.com,Unlisted,Active,2000000,1337512,12/10/2024,31/03/2024,62011,Computer programming activities,,No
U45201KA2010PLC100604,Pioneer Enterprises Limited,ROC-BANGALORE,100605,Company limited by Shares,Non-govt company,Public,12/04/2010,"774, Plaza, Trident Chowk, Bengaluru, Karnataka - 560063",Karnataka,560063,pioneer80@gmail.com,Unlisted,Active,2000000,1289362,17/11/2025,31/03/2026,45201,Maintenance and repair of motor vehicles,,No
U63990RJ2023PTC100082,Capital Pharma Private Limited,ROC-JAIPUR,100083,Company limited by Shares,Non-govt company,Private,22/07/2023,"121, Arcade, Ashirwad Chowk, Jaipur, Rajasthan - 302067",Rajasthan,302067,capital74@rediffmail.com,Unlisted,Active - Non-compliant,100000000,150000,,,63990,Other information service activities n.e.c.,RING-13,Yes
U74999DL2007PTC100784,Aastha Traders Private Limited,ROC-DELHI,100785,Company limited by Shares,Non-govt company,Private,01/04/2007,"927, Plaza, Continental Street, New Delhi, Delhi - 110092",Delhi,110092,aastha21@gmail.com,Unlisted,Active,500000,335065,22/10/2025,31/03/2025,74999,Other business support service activities n.e.c.,,No
U62011HR2013PTC100588,Vishwa Agro Private Limited,ROC-CHANDIGARH,100589,Company limited by Shares,Non-govt company,Private,10/06/2013,"273, Mall, Vantage Chowk, Gurugram, Haryana - 122029",Haryana,122029,vishwa18@gmail.com,Unlisted,Active,2000000,1248654,01/10/2024,31/03/2024,62011,Computer programming activities,,No
U68100DL2021PTC100798,Ganesh Pharma Private Limited,ROC-DELHI,100799,Company limited by Shares,Non-govt company,Private,30/10/2021,"653, Heights, Golden Layout, New Delhi, Delhi - 110039",Delhi,110039,ganesh55@gmail.com,Unlisted,Active,5000000,4175052,18/11/2025,31/03/2026,68100,Real estate activities with own/leased property,,No
U74999TG2015PLC100240,Vinayak Constructions Limited,ROC-HYDERABAD,100241,Company limited by Shares,Non-govt company,Public,19/08/2015,"23, Chambers, Meridian Colony, Hyderabad, Telangana - 500062",Telangana,500062,vinayak84@gmail.com,Unlisted,Active,1000000,721930,03/08/2025,31/03/2025,74999,Other business support service activities n.e.c.,,No
U46900TG2017PTC100291,Royal Exports Private Limited,ROC-HYDERABAD,100292,Company limited by Shares,Non-govt company,Private,18/07/2017,"886, Plaza, Platinum Nagar, Hyderabad, Telangana - 500069",Telangana,500069,royal64@gmail.com,Unlisted,Active,500000,462482,08/10/2024,31/03/2024,46900,Wholesale trade (non-specialized),,No
U63990TG2017PTC100212,Skyline Enterprises Private Limited,ROC-HYDERABAD,100213,Company limited by Shares,Non-govt company,Private,27/07/2017,"810, Tower, Everest Chowk, Hyderabad, Telangana - 500074",Telangana,500074,skyline80@gmail.com,Unlisted,Active,5000000,3030844,09/09/2024,31/03/2024,63990,Other information service activities n.e.c.,,No
U41001TN2013PTC100718,Vardhan Constructions Private Limited,ROC-CHENNAI,100719,Company limited by Shares,Non-govt company,Private,29/05/2013,"31, Complex, Vishal Nagar, Chennai, Tamil Nadu - 600082",Tamil Nadu,600082,vardhan80@gmail.com,Unlisted,Dormant,100000,91777,06/08/2025,31/03/2026,41001,Construction of residential/commercial buildings,,No
U47190TG2005PTC100360,Suvidha Solutions Private Limited,ROC-HYDERABAD,100361,Company limited by Shares,Non-govt company,Private,03/09/2005,"673, Heights, Superior Street, Hyderabad, Telangana - 500050",Telangana,500050,suvidha25@gmail.com,Unlisted,Active,200000,180904,07/07/2025,31/03/2026,47190,Other retail sale in non-specialized stores,,No
U74999HR2016PTC100450,Zenith Traders Private Limited,ROC-CHANDIGARH,100451,Company limited by Shares,Non-govt company,Private,23/05/2016,"104, Mall, Vertex Layout, Gurugram, Haryana - 122038",Haryana,122038,zenith85@gmail.com,Unlisted,Active,1000000,833489,01/07/2025,31/03/2025,74999,Other business support service activities n.e.c.,,No
U47190GJ2006PTC100228,Rudra Textiles Private Limited,ROC-AHMEDABAD,100229,Company limited by Shares,Non-govt company,Private,21/08/2006,"1, Plaza, Aastha Nagar, Ahmedabad, Gujarat - 380044",Gujarat,380044,rudra29@gmail.com,Unlisted,Active,2000000,1727545,21/12/2025,31/03/2026,47190,Other retail sale in non-specialized stores,,No
U74999TN2023PTC100951,Metro Exports Private Limited,ROC-CHENNAI,100952,Company limited by Shares,Non-govt company,Private,08/02/2023,"615, Arcade, Om Layout, Chennai, Tamil Nadu - 600044",Tamil Nadu,600044,metro13@gmail.com,Unlisted,Active,1000000,635883,16/12/2025,31/03/2026,74999,Other business support service activities n.e.c.,,No
U70200DL2025PTC100947,Vertex Enterprises Private Limited,ROC-DELHI,100948,Company limited by Shares,Non-govt company,Private,10/02/2025,"369, Tower, Aastha Colony, New Delhi, Delhi - 110076",Delhi,110076,vertex82@gmail.com,Unlisted,Active,100000,68614,06/07/2025,31/03/2025,70200,Management consultancy activities,,No
U63990KA2007PTC100797,Golden Solutions Private Limited,ROC-BANGALORE,100798,Company limited by Shares,Non-govt company,Private,15/08/2007,"881, House, Vinayak Chowk, Bengaluru, Karnataka - 560052",Karnataka,560052,golden26@gmail.com,Unlisted,Active,200000,115832,27/09/2025,31/03/2025,63990,Other information service activities n.e.c.,,No
U70200MH2017PTC100502,Royal Textiles Private Limited,ROC-MUMBAI,100503,Company limited by Shares,Non-govt company,Private,02/01/2017,"581, Plaza, Shree Road, Mumbai, Maharashtra - 400053",Maharashtra,400053,royal89@gmail.com,Unlisted,Active - Non-compliant,200000,178387,22/07/2026,31/03/2026,70200,Management consultancy activities,,No
U74999RJ2009PTC100465,Royal Realty Private Limited,ROC-JAIPUR,100466,Company limited by Shares,Non-govt company,Private,12/05/2009,"252, Arcade, Falcon Street, Jaipur, Rajasthan - 302028",Rajasthan,302028,royal80@gmail.com,Unlisted,Active,5000000,4302952,27/07/2025,31/03/2025,74999,Other business support service activities n.e.c.,,No
U62011DL2021PTC100363,Global Foods Private Limited,ROC-DELHI,100364,Company limited by Shares,Non-govt company,Private,31/03/2021,"957, Plaza, Nova Marg, New Delhi, Delhi - 110024",Delhi,110024,global16@gmail.com,Unlisted,Active,200000,117019,01/11/2025,31/03/2025,62011,Computer programming activities,,No
U62011TG2008PTC100469,Vardhan Services Private Limited,ROC-HYDERABAD,100470,Company limited by Shares,Non-govt company,Private,19/05/2008,"628, Plaza, Vinayak Road, Hyderabad, Telangana - 500018",Telangana,500018,vardhan20@gmail.com,Unlisted,Active,500000,367144,25/11/2025,31/03/2026,62011,Computer programming activities,,No
U74999HR2026PTC100936,Om Distributors Private Limited,ROC-CHANDIGARH,100937,Company limited by Shares,Non-govt company,Private,26/04/2026,"410, Plaza, Zenith Colony, Gurugram, Haryana - 122037",Haryana,122037,om95@gmail.com,Unlisted,Active,500000,486522,19/12/2025,31/03/2026,74999,Other business support service activities n.e.c.,,No
U45201PB2017PTC100429,Metro Pharma Private Limited,ROC-CHANDIGARH,100430,Company limited by Shares,Non-govt company,Private,09/10/2017,"208, Heights, Aastha Marg, Chandigarh, Punjab - 160061",Punjab,160061,metro90@gmail.com,Unlisted,Active,5000000,4765755,24/08/2024,31/03/2024,45201,Maintenance and repair of motor vehicles,,No
U45201RJ2019PTC100008,Vantage Finance Private Limited,ROC-JAIPUR,100009,Company limited by Shares,Non-govt company,Private,06/10/2019,"935, Tower, Vishwa Chowk, Jaipur, Rajasthan - 302091",Rajasthan,302091,vantage67@rediffmail.com,Unlisted,Active - Non-compliant,20000000,200000,17/08/2020,31/03/2020,45201,Maintenance and repair of motor vehicles,RING-02,Yes
U47190MH2011PTC100156,Vantage Distributors Private Limited,ROC-PUNE,100157,Company limited by Shares,Non-govt company,Private,05/05/2011,"367, House, Pioneer Street, Pune, Maharashtra - 411015",Maharashtra,411015,vantage80@gmail.com,Unlisted,Active,100000,74886,07/11/2025,31/03/2025,47190,Other retail sale in non-specialized stores,,No
U46310WB2010PTC100542,Krishna Ventures Private Limited,ROC-KOLKATA,100543,Company limited by Shares,Non-govt company,Private,20/02/2010,"685, Tower, Trident Nagar, Kolkata, West Bengal - 700049",West Bengal,700049,krishna62@gmail.com,Unlisted,Active,5000000,3422619,01/12/2025,31/03/2026,46310,Wholesale of agricultural raw materials,,No
U41001KA2016PTC100441,Golden Developers Private Limited,ROC-BANGALORE,100442,Company limited by Shares,Non-govt company,Private,19/08/2016,"758, Arcade, Superior Nagar, Bengaluru, Karnataka - 560030",Karnataka,560030,golden63@gmail.com,Unlisted,Active,200000,169507,28/08/2025,31/03/2026,41001,Construction of residential/commercial buildings,,No
U46900WB2017PTC100483,Vikram Industries Private Limited,ROC-KOLKATA,100484,Company limited by Shares,Non-govt company,Private,24/03/2017,"843, Tower, Capital Layout, Kolkata, West Bengal - 700030",West Bengal,700030,vikram24@gmail.com,Unlisted,Active,2000000,1416352,18/08/2024,31/03/2024,46900,Wholesale trade (non-specialized),,No
U10610MH2007PTC100423,Infinity Infra Private Limited,ROC-PUNE,100424,Company limited by Shares,Non-govt company,Private,26/06/2007,"419, Heights, Vikram Lane, Pune, Maharashtra - 411063",Maharashtra,411063,infinity86@gmail.com,Unlisted,Active,500000,294655,18/10/2024,31/03/2024,10610,Manufacture of grain mill products,,No
U52290TG2021PTC100779,Sai Distributors Private Limited,ROC-HYDERABAD,100780,Company limited by Shares,Non-govt company,Private,17/03/2021,"951, Chambers, Global Layout, Hyderabad, Telangana - 500034",Telangana,500034,sai99@gmail.com,Unlisted,Active,1000000,858215,10/10/2025,31/03/2026,52290,Other transportation support activities,,No
U70200TN2009PLC100950,Pioneer Industries Limited,ROC-CHENNAI,100951,Company limited by Shares,Non-govt company,Public,11/12/2009,"876, Tower, Everest Marg, Chennai, Tamil Nadu - 600053",Tamil Nadu,600053,pioneer20@gmail.com,Unlisted,Active,100000,64045,28/07/2025,31/03/2026,70200,Management consultancy activities,,No
U64990HR2020PTC100335,Vardhan Enterprises Private Limited,ROC-CHANDIGARH,100336,Company limited by Shares,Non-govt company,Private,24/07/2020,"170, Mall, Vikram Nagar, Gurugram, Haryana - 122081",Haryana,122081,vardhan59@gmail.com,Unlisted,Active,5000000,4536333,03/11/2024,31/03/2024,64990,Other financial service activities n.e.c.,,No
U46900DL2007PTC100577,Apex Finance Private Limited,ROC-DELHI,100578,Company limited by Shares,Non-govt company,Private,22/11/2007,"860, Tower, Vishal Marg, New Delhi, Delhi - 110037",Delhi,110037,apex95@gmail.com,Unlisted,Active,2000000,1193653,13/12/2025,31/03/2025,46900,Wholesale trade (non-specialized),,No
U64990KA2021PTC100935,Infinity Foods Private Limited,ROC-BANGALORE,100936,Company limited by Shares,Non-govt company,Private,21/02/2021,"308, Mall, Skyline Road, Bengaluru, Karnataka - 560092",Karnataka,560092,infinity49@gmail.com,Unlisted,Active,200000,160511,14/07/2025,31/03/2026,64990,Other financial service activities n.e.c.,,No
U82990UP2016PTC100568,Shakti Retail Private Limited,ROC-KANPUR,100569,Company limited by Shares,Non-govt company,Private,16/03/2016,"452, Arcade, Suvidha Nagar, Kanpur, Uttar Pradesh - 208029",Uttar Pradesh,208029,shakti10@gmail.com,Unlisted,Active,5000000,4976157,26/12/2025,31/03/2025,82990,Other business support activities n.e.c.,,No
U45201WB2017PTC100595,Radiant Systems Private Limited,ROC-KOLKATA,100596,Company limited by Shares,Non-govt company,Private,21/01/2017,"197, Plaza, Emerald Street, Kolkata, West Bengal - 700041",West Bengal,700041,radiant57@gmail.com,Unlisted,Active,100000,78560,08/09/2025,31/03/2025,45201,Maintenance and repair of motor vehicles,,No
U82990TN2020PTC100531,Ganesh Infra Private Limited,ROC-CHENNAI,100532,Company limited by Shares,Non-govt company,Private,10/01/2020,"201, Chambers, Sunrise Marg, Chennai, Tamil Nadu - 600053",Tamil Nadu,600053,ganesh55@gmail.com,Unlisted,Active,2000000,1565215,20/10/2025,31/03/2025,82990,Other business support activities n.e.c.,,No
U45201KA2023PTC100582,Lakshmi Chemicals Private Limited,ROC-BANGALORE,100583,Company limited by Shares,Non-govt company,Private,02/03/2023,"153, Tower, Continental Road, Bengaluru, Karnataka - 560077",Karnataka,560077,lakshmi40@gmail.com,Unlisted,Active,1000000,960984,27/10/2025,31/03/2025,45201,Maintenance and repair of motor vehicles,,No
U52290TG2020PTC100708,Global Logistics Private Limited,ROC-HYDERABAD,100709,Company limited by Shares,Non-govt company,Private,25/06/2020,"694, House, Nova Layout, Hyderabad, Telangana - 500072",Telangana,500072,global25@gmail.com,Unlisted,Active,100000,88959,07/08/2026,31/03/2026,52290,Other transportation support activities,,No
U62011HR2005PTC100449,Bharat Traders Private Limited,ROC-CHANDIGARH,100450,Company limited by Shares,Non-govt company,Private,02/12/2005,"709, Mall, Vikram Chowk, Gurugram, Haryana - 122038",Haryana,122038,bharat76@gmail.com,Unlisted,Active,500000,278209,23/08/2024,31/03/2024,62011,Computer programming activities,,No
U68100UP2010PTC100454,Vardhan Industries Private Limited,ROC-KANPUR,100455,Company limited by Shares,Non-govt company,Private,16/01/2010,"230, Chambers, Vertex Lane, Kanpur, Uttar Pradesh - 208066",Uttar Pradesh,208066,vardhan92@gmail.com,Unlisted,Active,100000,62295,16/07/2025,31/03/2025,68100,Real estate activities with own/leased property,,No
U47190RJ2019PTC100229,Infinity Enterprises Private Limited,ROC-JAIPUR,100230,Company limited by Shares,Non-govt company,Private,07/07/2019,"208, Complex, Falcon Marg, Jaipur, Rajasthan - 302059",Rajasthan,302059,infinity94@gmail.com,Unlisted,Dormant,500000,383656,21/09/2025,31/03/2025,47190,Other retail sale in non-specialized stores,,No
U74999WB2022PTC100353,Orion Logistics Private Limited,ROC-KOLKATA,100354,Company limited by Shares,Non-govt company,Private,28/02/2022,"610, Complex, Orion Nagar, Kolkata, West Bengal - 700058",West Bengal,700058,orion46@gmail.com,Unlisted,Active,100000,96317,18/08/2025,31/03/2025,74999,Other business support service activities n.e.c.,,No
U70200PB2024PTC100729,Vishwa Chemicals Private Limited,ROC-CHANDIGARH,100730,Company limited by Shares,Non-govt company,Private,20/10/2024,"662, Plaza, National Street, Chandigarh, Punjab - 160030",Punjab,160030,vishwa41@gmail.com,Unlisted,Active,1000000,586051,06/09/2024,31/03/2024,70200,Management consultancy activities,,No
U14101GJ2008PTC100213,Krishna Investments Private Limited,ROC-AHMEDABAD,100214,Company limited by Shares,Non-govt company,Private,26/06/2008,"834, House, Vishal Marg, Ahmedabad, Gujarat - 380076",Gujarat,380076,krishna48@gmail.com,Unlisted,Active,1000000,946029,26/10/2025,31/03/2025,14101,Manufacture of wearing apparel,,No
U74999RJ2023PTC100080,Capital Services Private Limited,ROC-JAIPUR,100081,Company limited by Shares,Non-govt company,Private,26/07/2023,"121, Arcade, Ashirwad Chowk, Jaipur, Rajasthan - 302067",Rajasthan,302067,capital48@rediffmail.com,Unlisted,Active - Non-compliant,25000000,100000,,,74999,Other business support service activities n.e.c.,RING-13,Yes
U62011PB2019PTC100149,Horizon Commodities Private Limited,ROC-CHANDIGARH,100150,Company limited by Shares,Non-govt company,Private,13/08/2019,"934, Complex, Suvidha Street, Chandigarh, Punjab - 160086",Punjab,160086,horizon11@gmail.com,Unlisted,Active,2000000,1020052,16/07/2024,31/03/2024,62011,Computer programming activities,,No
U47190HR2017PLC100303,Radiant Logistics Limited,ROC-CHANDIGARH,100304,Company limited by Shares,Non-govt company,Public,26/05/2017,"169, Arcade, Capital Marg, Gurugram, Haryana - 122069",Haryana,122069,radiant13@gmail.com,Unlisted,Active,500000,269133,15/10/2025,31/03/2025,47190,Other retail sale in non-specialized stores,,No
U82990KA2013PTC100629,Royal Industries Private Limited,ROC-BANGALORE,100630,Company limited by Shares,Non-govt company,Private,16/03/2013,"379, Mall, Ashirwad Nagar, Bengaluru, Karnataka - 560098",Karnataka,560098,royal82@gmail.com,Unlisted,Active,5000000,3822504,09/12/2025,31/03/2025,82990,Other business support activities n.e.c.,,No
U52290MH2011PTC100778,Diamond Commodities Private Limited,ROC-MUMBAI,100779,Company limited by Shares,Non-govt company,Private,30/05/2011,"921, House, Vishal Chowk, Mumbai, Maharashtra - 400097",Maharashtra,400097,diamond76@gmail.com,Unlisted,Active,1000000,730137,17/07/2025,31/03/2026,52290,Other transportation support activities,,No
U46310DL2018PLC100507,Sai Services Limited,ROC-DELHI,100508,Company limited by Shares,Non-govt company,Public,08/07/2018,"780, Heights, Anmol Street, New Delhi, Delhi - 110029",Delhi,110029,sai78@gmail.com,Unlisted,Active,100000,53369,18/10/2025,31/03/2026,46310,Wholesale of agricultural raw materials,,No
U47190HR2020PTC100343,Vaibhav Logistics Private Limited,ROC-CHANDIGARH,100344,Company limited by Shares,Non-govt company,Private,24/09/2020,"151, Heights, Apex Road, Gurugram, Haryana - 122041",Haryana,122041,vaibhav19@gmail.com,Unlisted,Active,5000000,3954017,01/08/2024,31/03/2024,47190,Other retail sale in non-specialized stores,,No
U41001RJ2023PTC100486,Sai Agro Private Limited,ROC-JAIPUR,100487,Company limited by Shares,Non-govt company,Private,10/08/2023,"401, Complex, Radiant Layout, Jaipur, Rajasthan - 302081",Rajasthan,302081,sai86@gmail.com,Unlisted,Active - Non-compliant,500000,301588,15/09/2024,31/03/2024,41001,Construction of residential/commercial buildings,,No
U70200MH2014PLC100712,Vikram Textiles Limited,ROC-PUNE,100713,Company limited by Shares,Non-govt company,Public,08/06/2014,"983, Tower, Sunrise Layout, Pune, Maharashtra - 411041",Maharashtra,411041,vikram80@gmail.com,Unlisted,Active,200000,149058,28/10/2024,31/03/2024,70200,Management consultancy activities,,No
U82990MH2013PTC100134,Bharat Trading Private Limited,ROC-MUMBAI,100135,Company limited by Shares,Non-govt company,Private,10/06/2013,"504, Plaza, Apex Chowk, Mumbai, Maharashtra - 400021",Maharashtra,400021,bharat15@gmail.com,Unlisted,Active,5000000,4318037,14/08/2024,31/03/2024,82990,Other business support activities n.e.c.,,No
U14101HR2022PTC100704,Universal Impex Private Limited,ROC-CHANDIGARH,100705,Company limited by Shares,Non-govt company,Private,25/09/2022,"263, Complex, Sai Nagar, Gurugram, Haryana - 122094",Haryana,122094,universal98@gmail.com,Unlisted,Active,1000000,921738,12/08/2025,31/03/2025,14101,Manufacture of wearing apparel,,No
U10610PB2018PTC100312,Vinayak Impex Private Limited,ROC-CHANDIGARH,100313,Company limited by Shares,Non-govt company,Private,04/07/2018,"724, Tower, Meridian Lane, Chandigarh, Punjab - 160064",Punjab,160064,vinayak31@gmail.com,Unlisted,Active,5000000,4603789,13/10/2025,31/03/2026,10610,Manufacture of grain mill products,,No
U46900WB2024PTC100723,Suvidha Services Private Limited,ROC-KOLKATA,100724,Company limited by Shares,Non-govt company,Private,22/02/2024,"816, Plaza, Horizon Nagar, Kolkata, West Bengal - 700084",West Bengal,700084,suvidha74@gmail.com,Unlisted,Active,100000,80909,11/09/2025,31/03/2025,46900,Wholesale trade (non-specialized),,No
U63990TN2018PLC100630,Infinity Chemicals Limited,ROC-CHENNAI,100631,Company limited by Shares,Non-govt company,Public,04/05/2018,"130, Tower, Golden Colony, Chennai, Tamil Nadu - 600046",Tamil Nadu,600046,infinity57@gmail.com,Unlisted,Active,2000000,1382307,09/08/2025,31/03/2025,63990,Other information service activities n.e.c.,,No
U46310PB2019PTC100001,Horizon Constructions Private Limited,ROC-CHANDIGARH,100002,Company limited by Shares,Non-govt company,Private,30/03/2019,"115, Plaza, Vishal Chowk, Chandigarh, Punjab - 160041",Punjab,160041,horizon10@rediffmail.com,Unlisted,Active - Non-compliant,50000000,150000,,,46310,Wholesale of agricultural raw materials,RING-01,Yes
U47190PB2016PTC100317,Prime Constructions Private Limited,ROC-CHANDIGARH,100318,Company limited by Shares,Non-govt company,Private,14/01/2016,"660, Heights, Elite Nagar, Chandigarh, Punjab - 160093",Punjab,160093,prime92@gmail.com,Unlisted,Active,5000000,3332002,03/11/2024,31/03/2024,47190,Other retail sale in non-specialized stores,,No
U74999HR2022PLC100707,Elite Traders Limited,ROC-CHANDIGARH,100708,Company limited by Shares,Non-govt company,Public,22/01/2022,"101, Arcade, Vishwa Layout, Gurugram, Haryana - 122077",Haryana,122077,elite52@gmail.com,Unlisted,Dormant,5000000,4288222,09/11/2024,31/03/2024,74999,Other business support service activities n.e.c.,,No
U41001GJ2025PTC100548,Emerald Systems Private Limited,ROC-AHMEDABAD,100549,Company limited by Shares,Non-govt company,Private,29/03/2025,"987, Plaza, Universal Lane, Ahmedabad, Gujarat - 380048",Gujarat,380048,emerald80@gmail.com,Unlisted,Active,2000000,1210858,24/09/2025,31/03/2025,41001,Construction of residential/commercial buildings,,No
U46900RJ2019PTC100873,Zenith Impex Private Limited,ROC-JAIPUR,100874,Company limited by Shares,Non-govt company,Private,27/12/2019,"616, Arcade, Diamond Nagar, Jaipur, Rajasthan - 302054",Rajasthan,302054,zenith99@gmail.com,Unlisted,Active,200000,169312,23/07/2025,31/03/2025,46900,Wholesale trade (non-specialized),,No
U62011HR2022PLC100533,Radiant Merchants Limited,ROC-CHANDIGARH,100534,Company limited by Shares,Non-govt company,Public,06/11/2022,"714, Heights, Continental Layout, Gurugram, Haryana - 122081",Haryana,122081,radiant99@gmail.com,Unlisted,Active,500000,275023,14/07/2025,31/03/2026,62011,Computer programming activities,,No
U70200KA2008PTC100478,Global Trading Private Limited,ROC-BANGALORE,100479,Company limited by Shares,Non-govt company,Private,12/05/2008,"234, Chambers, Radiant Layout, Bengaluru, Karnataka - 560065",Karnataka,560065,global65@gmail.com,Unlisted,Active,500000,299439,09/11/2025,31/03/2026,70200,Management consultancy activities,,No
U63990TG2019PTC100405,Ganesh Distributors Private Limited,ROC-HYDERABAD,100406,Company limited by Shares,Non-govt company,Private,03/01/2019,"80, Complex, Global Lane, Hyderabad, Telangana - 500045",Telangana,500045,ganesh32@gmail.com,Unlisted,Active,1000000,967153,07/12/2024,31/03/2024,63990,Other information service activities n.e.c.,,No
U74999UP2013PTC100173,Platinum Solutions Private Limited,ROC-KANPUR,100174,Company limited by Shares,Non-govt company,Private,25/11/2013,"776, Complex, Diamond Street, Kanpur, Uttar Pradesh - 208032",Uttar Pradesh,208032,platinum82@gmail.com,Unlisted,Active,2000000,1010591,06/12/2024,31/03/2024,74999,Other business support service activities n.e.c.,,No
U47190UP2021PTC100126,Shree Overseas Private Limited,ROC-KANPUR,100127,Company limited by Shares,Non-govt company,Private,08/06/2021,"65, House, Capital Nagar, Kanpur, Uttar Pradesh - 208037",Uttar Pradesh,208037,shree73@gmail.com,Unlisted,Active,5000000,4930375,28/09/2024,31/03/2024,47190,Other retail sale in non-specialized stores,,No
U64990TN2022PTC100395,Continental Services Private Limited,ROC-CHENNAI,100396,Company limited by Shares,Non-govt company,Private,17/10/2022,"646, Tower, Rudra Colony, Chennai, Tamil Nadu - 600014",Tamil Nadu,600014,continental65@gmail.com,Unlisted,Active,5000000,2685875,15/09/2025,31/03/2025,64990,Other financial service activities n.e.c.,,No
U10610TG2015PTC100421,Aastha Impex Private Limited,ROC-HYDERABAD,100422,Company limited by Shares,Non-govt company,Private,17/05/2015,"627, Arcade, Anmol Layout, Hyderabad, Telangana - 500085",Telangana,500085,aastha63@gmail.com,Unlisted,Active,5000000,3295398,03/08/2025,31/03/2026,10610,Manufacture of grain mill products,,No
U14101MH2006PTC100553,Elite Solutions Private Limited,ROC-MUMBAI,100554,Company limited by Shares,Non-govt company,Private,28/10/2006,"385, Plaza, Shakti Chowk, Mumbai, Maharashtra - 400020",Maharashtra,400020,elite47@gmail.com,Unlisted,Active,200000,181431,03/07/2026,31/03/2026,14101,Manufacture of wearing apparel,,No
U10610GJ2017PTC100904,Vishal Chemicals Private Limited,ROC-AHMEDABAD,100905,Company limited by Shares,Non-govt company,Private,03/08/2017,"584, Tower, Lakshmi Road, Ahmedabad, Gujarat - 380068",Gujarat,380068,vishal71@gmail.com,Unlisted,Active,100000,91559,23/11/2025,31/03/2026,10610,Manufacture of grain mill products,,No
U52290MH2021PTC100091,Lakshmi Distributors Private Limited,ROC-MUMBAI,100092,Company limited by Shares,Non-govt company,Private,11/09/2021,"141, Heights, Trident Layout, Mumbai, Maharashtra - 400029",Maharashtra,400029,lakshmi58@rediffmail.com,Unlisted,Under Process of Striking Off,100000000,200000,,,52290,Other transportation support activities,RING-14,Yes
U74999MH2019PTC100940,Aastha Commodities Private Limited,ROC-PUNE,100941,Company limited by Shares,Non-govt company,Private,28/09/2019,"447, Tower, Sunrise Marg, Pune, Maharashtra - 411047",Maharashtra,411047,aastha29@gmail.com,Unlisted,Active,5000000,3581438,15/07/2026,31/03/2026,74999,Other business support service activities n.e.c.,,No
U68100MH2009PTC100182,Bharat Industries Private Limited,ROC-PUNE,100183,Company limited by Shares,Non-govt company,Private,02/01/2009,"700, Chambers, Radiant Lane, Pune, Maharashtra - 411040",Maharashtra,411040,bharat40@gmail.com,Unlisted,Active,500000,338384,24/08/2025,31/03/2025,68100,Real estate activities with own/leased property,,No
U52290WB2024PTC100275,Continental Systems Private Limited,ROC-KOLKATA,100276,Company limited by Shares,Non-govt company,Private,08/09/2024,"107, Plaza, Diamond Layout, Kolkata, West Bengal - 700024",West Bengal,700024,continental23@gmail.com,Unlisted,Active,500000,474079,22/11/2024,31/03/2024,52290,Other transportation support activities,,No
U41001MH2023PTC100896,Vishwa Merchants Private Limited,ROC-MUMBAI,100897,Company limited by Shares,Non-govt company,Private,23/01/2023,"746, House, Continental Nagar, Mumbai, Maharashtra - 400099",Maharashtra,400099,vishwa88@gmail.com,Unlisted,Active,200000,151482,15/11/2024,31/03/2024,41001,Construction of residential/commercial buildings,,No
U64990RJ2021PTC100070,Elite Consultancy Private Limited,ROC-JAIPUR,100071,Company limited by Shares,Non-govt company,Private,20/11/2021,"536, Complex, Superior Colony, Jaipur, Rajasthan - 302046",Rajasthan,302046,elite83@rediffmail.com,Unlisted,Under Process of Striking Off,20000000,200000,22/06/2022,31/03/2022,64990,Other financial service activities n.e.c.,RING-11,Yes
U14101MH2016PTC100292,Prime Agro Private Limited,ROC-MUMBAI,100293,Company limited by Shares,Non-govt company,Private,05/07/2016,"352, Arcade, Superior Marg, Mumbai, Maharashtra - 400076",Maharashtra,400076,prime85@gmail.com,Unlisted,Active,500000,327797,20/09/2025,31/03/2026,14101,Manufacture of wearing apparel,,No
U47190DL2021PTC100132,Global Traders Private Limited,ROC-DELHI,100133,Company limited by Shares,Non-govt company,Private,19/03/2021,"484, Heights, Elite Street, New Delhi, Delhi - 110032",Delhi,110032,global14@gmail.com,Unlisted,Active,200000,174077,02/08/2026,31/03/2026,47190,Other retail sale in non-specialized stores,,No
U62011RJ2025PTC100301,Shree Ventures Private Limited,ROC-JAIPUR,100302,Company limited by Shares,Non-govt company,Private,29/05/2025,"761, Tower, Elite Lane, Jaipur, Rajasthan - 302026",Rajasthan,302026,shree36@gmail.com,Unlisted,Active,1000000,578517,16/10/2024,31/03/2024,62011,Computer programming activities,,No
U74999RJ2015PLC100425,Metro Overseas Limited,ROC-JAIPUR,100426,Company limited by Shares,Non-govt company,Public,09/04/2015,"136, Arcade, Royal Marg, Jaipur, Rajasthan - 302036",Rajasthan,302036,metro83@gmail.com,Unlisted,Active,5000000,4686625,11/08/2024,31/03/2024,74999,Other business support service activities n.e.c.,,No
U70200KA2026PTC100327,Everest Investments Private Limited,ROC-BANGALORE,100328,Company limited by Shares,Non-govt company,Private,02/04/2026,"748, Chambers, National Street, Bengaluru, Karnataka - 560083",Karnataka,560083,everest17@gmail.com,Unlisted,Active,1000000,885289,03/07/2024,31/03/2024,70200,Management consultancy activities,,No
U68100RJ2026PTC100145,Skyline Constructions Private Limited,ROC-JAIPUR,100146,Company limited by Shares,Non-govt company,Private,01/01/2026,"515, Complex, Universal Layout, Jaipur, Rajasthan - 302032",Rajasthan,302032,skyline31@gmail.com,Unlisted,Active,2000000,1881653,02/12/2025,31/03/2026,68100,Real estate activities with own/leased property,,No
U45201WB2020PTC100424,Vikram Consultancy Private Limited,ROC-KOLKATA,100425,Company limited by Shares,Non-govt company,Private,30/04/2020,"652, Plaza, Shakti Lane, Kolkata, West Bengal - 700027",West Bengal,700027,vikram88@gmail.com,Unlisted,Active,100000,69167,07/10/2025,31/03/2025,45201,Maintenance and repair of motor vehicles,,No
U82990GJ2006PTC100581,Rudra Realty Private Limited,ROC-AHMEDABAD,100582,Company limited by Shares,Non-govt company,Private,27/01/2006,"205, House, Golden Road, Ahmedabad, Gujarat - 380035",Gujarat,380035,rudra13@gmail.com,Unlisted,Active,500000,340280,10/10/2025,31/03/2025,82990,Other business support activities n.e.c.,,No
U41001UP2012PTC100136,Krishna Infra Private Limited,ROC-KANPUR,100137,Company limited by Shares,Non-govt company,Private,09/05/2012,"307, Arcade, Golden Marg, Kanpur, Uttar Pradesh - 208061",Uttar Pradesh,208061,krishna67@gmail.com,Unlisted,Active - Non-compliant,100000,85557,22/07/2024,31/03/2024,41001,Construction of residential/commercial buildings,,No
U82990MH2014PLC100451,Vinayak Retail Limited,ROC-PUNE,100452,Company limited by Shares,Non-govt company,Public,18/06/2014,"472, Plaza, Infinity Nagar, Pune, Maharashtra - 411095",Maharashtra,411095,vinayak13@gmail.com,Unlisted,Active,1000000,859144,28/10/2024,31/03/2024,82990,Other business support activities n.e.c.,,No
U64990WB2010PTC100165,Falcon Enterprises Private Limited,ROC-KOLKATA,100166,Company limited by Shares,Non-govt company,Private,21/08/2010,"722, Heights, Vikram Lane, Kolkata, West Bengal - 700034",West Bengal,700034,falcon47@gmail.com,Unlisted,Active,2000000,1868849,21/08/2025,31/03/2025,64990,Other financial service activities n.e.c.,,No
U64990TG2022PTC100029,Vikram Merchants Private Limited,ROC-HYDERABAD,100030,Company limited by Shares,Non-govt company,Private,27/09/2022,"336, Chambers, Platinum Colony, Hyderabad, Telangana - 500053",Telangana,500053,vikram99@rediffmail.com,Unlisted,Active - Non-compliant,50000000,100000,,,64990,Other financial service activities n.e.c.,RING-05,Yes
U52290WB2013PTC100774,Zenith Trading Private Limited,ROC-KOLKATA,100775,Company limited by Shares,Non-govt company,Private,01/09/2013,"136, Arcade, Vinayak Marg, Kolkata, West Bengal - 700055",West Bengal,700055,zenith19@gmail.com,Unlisted,Active,1000000,668789,28/11/2025,31/03/2025,52290,Other transportation support activities,,No
U10610RJ2009PTC100194,Pioneer Constructions Private Limited,ROC-JAIPUR,100195,Company limited by Shares,Non-govt company,Private,04/04/2009,"852, Complex, Royal Street, Jaipur, Rajasthan - 302067",Rajasthan,302067,pioneer47@gmail.com,Unlisted,Active,200000,154362,28/09/2025,31/03/2025,10610,Manufacture of grain mill products,,No
U70200TN2006PTC100389,Shakti Trading Private Limited,ROC-CHENNAI,100390,Company limited by Shares,Non-govt company,Private,01/01/2006,"321, Heights, Capital Nagar, Chennai, Tamil Nadu - 600084",Tamil Nadu,600084,shakti14@gmail.com,Unlisted,Active,200000,191187,26/08/2024,31/03/2024,70200,Management consultancy activities,,No
U64990PB2016PTC100853,Meridian Pharma Private Limited,ROC-CHANDIGARH,100854,Company limited by Shares,Non-govt company,Private,08/11/2016,"266, House, Krishna Road, Chandigarh, Punjab - 160084",Punjab,160084,meridian39@gmail.com,Unlisted,Active,2000000,1714912,03/09/2025,31/03/2025,64990,Other financial service activities n.e.c.,,No
U52290HR2005PLC100170,Suvidha Pharma Limited,ROC-CHANDIGARH,100171,Company limited by Shares,Non-govt company,Public,02/04/2005,"551, Tower, Everest Lane, Gurugram, Haryana - 122054",Haryana,122054,suvidha37@gmail.com,Unlisted,Active,2000000,1141373,13/11/2024,31/03/2024,52290,Other transportation support activities,,No
U70200KA2006PTC100706,Sai Exports Private Limited,ROC-BANGALORE,100707,Company limited by Shares,Non-govt company,Private,22/02/2006,"731, House, Om Marg, Bengaluru, Karnataka - 560035",Karnataka,560035,sai30@gmail.com,Unlisted,Active,2000000,1743974,04/08/2025,31/03/2026,70200,Management consultancy activities,,No
U10610DL2026PLC100141,Anmol Trading Limited,ROC-DELHI,100142,Company limited by Shares,Non-govt company,Public,12/04/2026,"617, Heights, Shakti Lane, New Delhi, Delhi - 110091",Delhi,110091,anmol82@gmail.com,Unlisted,Active,1000000,925378,06/07/2024,31/03/2024,10610,Manufacture of grain mill products,,No
U52290PB2017PTC100174,Zenith Merchants Private Limited,ROC-CHANDIGARH,100175,Company limited by Shares,Non-govt company,Private,24/12/2017,"920, Tower, Meridian Chowk, Chandigarh, Punjab - 160058",Punjab,160058,zenith38@gmail.com,Unlisted,Active,2000000,1173849,21/11/2025,31/03/2025,52290,Other transportation support activities,,No
U47190RJ2019PTC100007,Vantage Enterprises Private Limited,ROC-JAIPUR,100008,Company limited by Shares,Non-govt company,Private,21/09/2019,"935, Tower, Vishwa Chowk, Jaipur, Rajasthan - 302091",Rajasthan,302091,vantage26@rediffmail.com,Unlisted,Under Process of Striking Off,50000000,100000,,,47190,Other retail sale in non-specialized stores,RING-02,Yes
U82990KA2023PTC100746,Zenith Developers Private Limited,ROC-BANGALORE,100747,Company limited by Shares,Non-govt company,Private,17/06/2023,"136, Arcade, Vertex Nagar, Bengaluru, Karnataka - 560050",Karnataka,560050,zenith27@gmail.com,Unlisted,Active,5000000,2646996,01/10/2024,31/03/2024,82990,Other business support activities n.e.c.,,No
U82990TN2020PTC100479,Bharat Distributors Private Limited,ROC-CHENNAI,100480,Company limited by Shares,Non-govt company,Private,11/06/2020,"215, Heights, Vaibhav Lane, Chennai, Tamil Nadu - 600050",Tamil Nadu,600050,bharat91@gmail.com,Unlisted,Dormant,200000,136956,08/10/2025,31/03/2026,82990,Other business support activities n.e.c.,,No
U10610RJ2021PTC100074,Elite Exports Private Limited,ROC-JAIPUR,100075,Company limited by Shares,Non-govt company,Private,20/11/2021,"536, Complex, Superior Colony, Jaipur, Rajasthan - 302046",Rajasthan,302046,elite10@rediffmail.com,Unlisted,Active - Non-compliant,10000000,150000,,,10610,Manufacture of grain mill products,RING-11,Yes
U14101KA2024PTC100911,Rudra Systems Private Limited,ROC-BANGALORE,100912,Company limited by Shares,Non-govt company,Private,28/12/2024,"824, Heights, Ashirwad Nagar, Bengaluru, Karnataka - 560056",Karnataka,560056,rudra81@gmail.com,Unlisted,Active,100000,83209,08/12/2024,31/03/2024,14101,Manufacture of wearing apparel,,No
U52290KA2015PLC100814,Sai Commodities Limited,ROC-BANGALORE,100815,Company limited by Shares,Non-govt company,Public,04/06/2015,"743, Mall, Nova Lane, Bengaluru, Karnataka - 560061",Karnataka,560061,sai86@gmail.com,Unlisted,Active,2000000,1773108,20/12/2025,31/03/2026,52290,Other transportation support activities,,No
U52290MH2015PTC100239,Royal Pharma Private Limited,ROC-MUMBAI,100240,Company limited by Shares,Non-govt company,Private,28/11/2015,"546, Arcade, Diamond Colony, Mumbai, Maharashtra - 400096",Maharashtra,400096,royal98@gmail.com,Unlisted,Active,2000000,1829559,27/12/2024,31/03/2024,52290,Other transportation support activities,,No
U62011UP2007PTC100146,Ganesh Solutions Private Limited,ROC-KANPUR,100147,Company limited by Shares,Non-govt company,Private,11/07/2007,"799, Tower, Pioneer Colony, Kanpur, Uttar Pradesh - 208062",Uttar Pradesh,208062,ganesh43@gmail.com,Unlisted,Active,200000,114819,19/07/2026,31/03/2026,62011,Computer programming activities,,No
U10610HR2015PTC100793,Ganesh Consultancy Private Limited,ROC-CHANDIGARH,100794,Company limited by Shares,Non-govt company,Private,20/06/2015,"15, Heights, Pioneer Lane, Gurugram, Haryana - 122066",Haryana,122066,ganesh73@gmail.com,Unlisted,Active,500000,303414,10/07/2024,31/03/2024,10610,Manufacture of grain mill products,,No
U64990TG2011PTC100235,Metro Investments Private Limited,ROC-HYDERABAD,100236,Company limited by Shares,Non-govt company,Private,19/01/2011,"477, Mall, Skyline Street, Hyderabad, Telangana - 500053",Telangana,500053,metro38@gmail.com,Unlisted,Active,500000,281802,28/07/2025,31/03/2026,64990,Other financial service activities n.e.c.,,No
U82990KA2013PTC100221,Falcon Chemicals Private Limited,ROC-BANGALORE,100222,Company limited by Shares,Non-govt company,Private,30/01/2013,"664, Plaza, Apex Layout, Bengaluru, Karnataka - 560094",Karnataka,560094,falcon65@gmail.com,Unlisted,Dormant,1000000,577133,03/07/2026,31/03/2026,82990,Other business support activities n.e.c.,,No
U70200DL2010PTC100924,Capital Finance Private Limited,ROC-DELHI,100925,Company limited by Shares,Non-govt company,Private,26/02/2010,"869, House, Vardhan Chowk, New Delhi, Delhi - 110039",Delhi,110039,capital97@gmail.com,Unlisted,Active,500000,344771,27/07/2024,31/03/2024,70200,Management consultancy activities,,No
U52290GJ2015PLC100501,Rudra Textiles Limited,ROC-AHMEDABAD,100502,Company limited by Shares,Non-govt company,Public,19/04/2015,"833, House, Shree Road, Ahmedabad, Gujarat - 380034",Gujarat,380034,rudra42@gmail.com,Unlisted,Active,500000,286584,13/07/2025,31/03/2025,52290,Other transportation support activities,,No
U82990RJ2015PTC100133,Krishna Chemicals Private Limited,ROC-JAIPUR,100134,Company limited by Shares,Non-govt company,Private,08/06/2015,"206, Arcade, Vardhan Chowk, Jaipur, Rajasthan - 302089",Rajasthan,302089,krishna41@gmail.com,Unlisted,Active,500000,443381,12/07/2025,31/03/2026,82990,Other business support activities n.e.c.,,No
U74999TG2005PLC100991,Radiant Commodities Limited,ROC-HYDERABAD,100992,Company limited by Shares,Non-govt company,Public,12/03/2005,"906, Mall, Falcon Road, Hyderabad, Telangana - 500088",Telangana,500088,radiant28@gmail.com,Unlisted,Active,500000,324126,28/11/2024,31/03/2024,74999,Other business support service activities n.e.c.,,No
U46900KA2014PLC100775,Meridian Logistics Limited,ROC-BANGALORE,100776,Company limited by Shares,Non-govt company,Public,21/07/2014,"66, Mall, Sai Lane, Bengaluru, Karnataka - 560062",Karnataka,560062,meridian34@gmail.com,Unlisted,Active,2000000,1775531,24/07/2025,31/03/2025,46900,Wholesale trade (non-specialized),,No
U63990TN2015PTC100186,Continental Foods Private Limited,ROC-CHENNAI,100187,Company limited by Shares,Non-govt company,Private,08/12/2015,"647, Complex, Silver Colony, Chennai, Tamil Nadu - 600063",Tamil Nadu,600063,continental90@gmail.com,Unlisted,Active,5000000,3617325,15/09/2024,31/03/2024,63990,Other information service activities n.e.c.,,No
U63990MH2019PTC100042,Apex Infra Private Limited,ROC-PUNE,100043,Company limited by Shares,Non-govt company,Private,30/12/2018,"411, Mall, Royal Marg, Pune, Maharashtra - 411029",Maharashtra,411029,apex46@rediffmail.com,Unlisted,Active,50000000,100000,,,63990,Other information service activities n.e.c.,RING-06,Yes
U45201KA2016PLC100697,Diamond Industries Limited,ROC-BANGALORE,100698,Company limited by Shares,Non-govt company,Public,27/09/2016,"711, Arcade, Bharat Street, Bengaluru, Karnataka - 560083",Karnataka,560083,diamond49@gmail.com,Unlisted,Active,100000,65917,12/12/2024,31/03/2024,45201,Maintenance and repair of motor vehicles,,No
U74999TN2023PTC100109,Anmol Consultancy Private Limited,ROC-CHENNAI,100110,Company limited by Shares,Non-govt company,Private,23/05/2023,"387, Plaza, Royal Lane, Chennai, Tamil Nadu - 600085",Tamil Nadu,600085,anmol19@rediffmail.com,Unlisted,Active,20000000,500000,02/09/2023,31/03/2023,74999,Other business support service activities n.e.c.,RING-16,Yes
U52290KA2020PTC100589,Zenith Constructions Private Limited,ROC-BANGALORE,100590,Company limited by Shares,Non-govt company,Private,17/08/2020,"771, Mall, Lakshmi Road, Bengaluru, Karnataka - 560064",Karnataka,560064,zenith12@gmail.com,Unlisted,Active,200000,161408,05/10/2025,31/03/2026,52290,Other transportation support activities,,No
U70200TN2023PLC100057,Emerald Chemicals Limited,ROC-CHENNAI,100058,Company limited by Shares,Non-govt company,Public,20/01/2023,"470, Plaza, Om Layout, Chennai, Tamil Nadu - 600061",Tamil Nadu,600061,emerald39@rediffmail.com,Unlisted,Active,100000000,500000,15/07/2022,31/03/2022,70200,Management consultancy activities,RING-09,Yes
U47190KA2009PTC100406,Silver Trading Private Limited,ROC-BANGALORE,100407,Company limited by Shares,Non-govt company,Private,09/11/2009,"524, Mall, Emerald Layout, Bengaluru, Karnataka - 560051",Karnataka,560051,silver48@gmail.com,Unlisted,Active,2000000,1146491,05/07/2025,31/03/2026,47190,Other retail sale in non-specialized stores,,No
U10610TN2013PTC100443,Prime Foods Private Limited,ROC-CHENNAI,100444,Company limited by Shares,Non-govt company,Private,14/03/2013,"129, Chambers, Vantage Street, Chennai, Tamil Nadu - 600028",Tamil Nadu,600028,prime38@gmail.com,Unlisted,Active,5000000,4290788,07/11/2024,31/03/2024,10610,Manufacture of grain mill products,,No
U52290HR2007PTC100758,Universal Finance Private Limited,ROC-CHANDIGARH,100759,Company limited by Shares,Non-govt company,Private,30/01/2007,"95, Chambers, Vinayak Street, Gurugram, Haryana - 122059",Haryana,122059,universal58@gmail.com,Unlisted,Active,5000000,4555811,03/08/2025,31/03/2025,52290,Other transportation support activities,,No
U46310WB2022PTC100998,Skyline Solutions Private Limited,ROC-KOLKATA,100999,Company limited by Shares,Non-govt company,Private,18/09/2022,"40, Arcade, Global Road, Kolkata, West Bengal - 700063",West Bengal,700063,skyline71@gmail.com,Unlisted,Active,5000000,3057329,21/10/2025,31/03/2025,46310,Wholesale of agricultural raw materials,,No
U10610UP2024PTC100025,Pioneer Finance Private Limited,ROC-KANPUR,100026,Company limited by Shares,Non-govt company,Private,04/08/2024,"309, House, Falcon Marg, Kanpur, Uttar Pradesh - 208048",Uttar Pradesh,208048,pioneer41@rediffmail.com,Unlisted,Under Process of Striking Off,50000000,500000,09/08/2020,31/03/2020,10610,Manufacture of grain mill products,RING-04,Yes
U74999GJ2014PTC100468,Falcon Overseas Private Limited,ROC-AHMEDABAD,100469,Company limited by Shares,Non-govt company,Private,27/02/2014,"668, Mall, Everest Nagar, Ahmedabad, Gujarat - 380016",Gujarat,380016,falcon35@gmail.com,Unlisted,Active,5000000,3267247,18/07/2025,31/03/2025,74999,Other business support service activities n.e.c.,,No
U46900UP2022PTC100540,Falcon Consultancy Private Limited,ROC-KANPUR,100541,Company limited by Shares,Non-govt company,Private,23/08/2022,"275, Plaza, Universal Nagar, Kanpur, Uttar Pradesh - 208042",Uttar Pradesh,208042,falcon77@gmail.com,Unlisted,Dormant,2000000,1778613,02/07/2026,31/03/2026,46900,Wholesale trade (non-specialized),,No
U52290TG2020PTC100532,Orion Distributors Private Limited,ROC-HYDERABAD,100533,Company limited by Shares,Non-govt company,Private,10/04/2020,"100, Plaza, Nova Marg, Hyderabad, Telangana - 500085",Telangana,500085,orion62@gmail.com,Unlisted,Active,1000000,859215,12/08/2026,31/03/2026,52290,Other transportation support activities,,No
U63990PB2020PLC100619,Golden Commodities Limited,ROC-CHANDIGARH,100620,Company limited by Shares,Non-govt company,Public,03/10/2020,"16, Plaza, Vardhan Marg, Chandigarh, Punjab - 160092",Punjab,160092,golden63@gmail.com,Unlisted,Active,200000,121883,03/07/2025,31/03/2025,63990,Other information service activities n.e.c.,,No
U10610GJ2010PTC100695,Krishna Solutions Private Limited,ROC-AHMEDABAD,100696,Company limited by Shares,Non-govt company,Private,10/01/2010,"68, Complex, Metro Layout, Ahmedabad, Gujarat - 380097",Gujarat,380097,krishna28@gmail.com,Unlisted,Active,2000000,1410218,06/07/2025,31/03/2026,10610,Manufacture of grain mill products,,No
U46900DL2015PTC100927,Orion Constructions Private Limited,ROC-DELHI,100928,Company limited by Shares,Non-govt company,Private,26/07/2015,"702, Tower, Apex Marg, New Delhi, Delhi - 110028",Delhi,110028,orion97@gmail.com,Unlisted,Active,100000,66209,11/09/2025,31/03/2026,46900,Wholesale trade (non-specialized),,No
U63990WB2015PTC100339,Rudra Industries Private Limited,ROC-KOLKATA,100340,Company limited by Shares,Non-govt company,Private,11/10/2015,"159, Chambers, Om Chowk, Kolkata, West Bengal - 700090",West Bengal,700090,rudra79@gmail.com,Unlisted,Active,2000000,1892390,16/09/2025,31/03/2025,63990,Other information service activities n.e.c.,,No
U10610HR2024PTC100052,Infinity Commodities Private Limited,ROC-CHANDIGARH,100053,Company limited by Shares,Non-govt company,Private,04/02/2024,"691, House, Falcon Colony, Gurugram, Haryana - 122021",Haryana,122021,infinity18@rediffmail.com,Unlisted,Under Process of Striking Off,100000000,200000,,,10610,Manufacture of grain mill products,RING-08,Yes
U46310GJ2007PTC100508,Vertex Consultancy Private Limited,ROC-AHMEDABAD,100509,Company limited by Shares,Non-govt company,Private,20/06/2007,"140, Plaza, Pioneer Layout, Ahmedabad, Gujarat - 380077",Gujarat,380077,vertex72@gmail.com,Unlisted,Active,200000,116208,13/07/2026,31/03/2026,46310,Wholesale of agricultural raw materials,,No
U47190DL2021PTC100517,Global Consultancy Private Limited,ROC-DELHI,100518,Company limited by Shares,Non-govt company,Private,18/03/2021,"494, House, Skyline Road, New Delhi, Delhi - 110092",Delhi,110092,global95@gmail.com,Unlisted,Active,500000,442591,23/08/2024,31/03/2024,47190,Other retail sale in non-specialized stores,,No
U68100WB2023PLC100921,Ganesh Retail Limited,ROC-KOLKATA,100922,Company limited by Shares,Non-govt company,Public,03/01/2023,"315, Mall, Superior Chowk, Kolkata, West Bengal - 700096",West Bengal,700096,ganesh54@gmail.com,Unlisted,Active,1000000,915977,13/10/2025,31/03/2026,68100,Real estate activities with own/leased property,,No
U41001GJ2024PTC100782,Skyline Infra Private Limited,ROC-AHMEDABAD,100783,Company limited by Shares,Non-govt company,Private,26/04/2024,"112, Complex, Universal Marg, Ahmedabad, Gujarat - 380090",Gujarat,380090,skyline52@gmail.com,Unlisted,Active,100000,84262,22/10/2025,31/03/2026,41001,Construction of residential/commercial buildings,,No
U63990DL2019PLC100265,Falcon Overseas Limited,ROC-DELHI,100266,Company limited by Shares,Non-govt company,Public,13/04/2019,"482, Arcade, Silver Layout, New Delhi, Delhi - 110065",Delhi,110065,falcon24@gmail.com,Unlisted,Active,1000000,526611,02/08/2026,31/03/2026,63990,Other information service activities n.e.c.,,No
U10610TG2018PLC100818,Golden Traders Limited,ROC-HYDERABAD,100819,Company limited by Shares,Non-govt company,Public,05/11/2018,"143, Complex, Sai Chowk, Hyderabad, Telangana - 500021",Telangana,500021,golden62@gmail.com,Unlisted,Active,100000,72131,20/08/2025,31/03/2025,10610,Manufacture of grain mill products,,No
U46310KA2007PTC100711,Sai Trading Private Limited,ROC-BANGALORE,100712,Company limited by Shares,Non-govt company,Private,28/05/2007,"151, Tower, Superior Road, Bengaluru, Karnataka - 560058",Karnataka,560058,sai70@gmail.com,Unlisted,Active,1000000,800343,02/08/2025,31/03/2026,46310,Wholesale of agricultural raw materials,,No
U68100TG2011PTC100683,National Pharma Private Limited,ROC-HYDERABAD,100684,Company limited by Shares,Non-govt company,Private,20/07/2011,"599, Mall, Vardhan Street, Hyderabad, Telangana - 500055",Telangana,500055,national54@gmail.com,Unlisted,Active,5000000,3115775,08/10/2025,31/03/2025,68100,Real estate activities with own/leased property,,No
U46310DL2005PTC100833,Skyline Industries Private Limited,ROC-DELHI,100834,Company limited by Shares,Non-govt company,Private,08/12/2005,"195, Arcade, Continental Road, New Delhi, Delhi - 110085",Delhi,110085,skyline54@gmail.com,Unlisted,Active,500000,466209,12/08/2024,31/03/2024,46310,Wholesale of agricultural raw materials,,No
U82990KA2019PTC100519,Capital Impex Private Limited,ROC-BANGALORE,100520,Company limited by Shares,Non-govt company,Private,10/10/2019,"628, Chambers, Emerald Marg, Bengaluru, Karnataka - 560068",Karnataka,560068,capital85@gmail.com,Unlisted,Active,5000000,4360131,19/11/2025,31/03/2025,82990,Other business support activities n.e.c.,,No
U62011KA2014PTC100448,Infinity Services Private Limited,ROC-BANGALORE,100449,Company limited by Shares,Non-govt company,Private,26/05/2014,"144, House, Universal Street, Bengaluru, Karnataka - 560036",Karnataka,560036,infinity66@gmail.com,Unlisted,Active,2000000,1193371,09/08/2026,31/03/2026,62011,Computer programming activities,,No
U63990RJ2022PTC100019,Superior Ventures Private Limited,ROC-JAIPUR,100020,Company limited by Shares,Non-govt company,Private,13/12/2022,"272, Complex, Continental Road, Jaipur, Rajasthan - 302041",Rajasthan,302041,superior70@rediffmail.com,Unlisted,Active,20000000,200000,28/01/2020,31/03/2020,63990,Other information service activities n.e.c.,RING-03,Yes
U63990WB2012PTC100716,Ashirwad Realty Private Limited,ROC-KOLKATA,100717,Company limited by Shares,Non-govt company,Private,12/10/2012,"429, Tower, Sunrise Layout, Kolkata, West Bengal - 700064",West Bengal,700064,ashirwad42@gmail.com,Unlisted,Dormant,100000,84365,19/08/2025,31/03/2025,63990,Other information service activities n.e.c.,,No
U46900PB2006PTC100484,Rudra Retail Private Limited,ROC-CHANDIGARH,100485,Company limited by Shares,Non-govt company,Private,11/07/2006,"358, Tower, Ganesh Colony, Chandigarh, Punjab - 160075",Punjab,160075,rudra31@gmail.com,Unlisted,Active,200000,158966,01/10/2024,31/03/2024,46900,Wholesale trade (non-specialized),,No
U47190DL2018PTC100569,Suvidha Trading Private Limited,ROC-DELHI,100570,Company limited by Shares,Non-govt company,Private,31/12/2018,"502, Complex, Capital Layout, New Delhi, Delhi - 110054",Delhi,110054,suvidha13@gmail.com,Unlisted,Active,100000,68857,09/10/2025,31/03/2026,47190,Other retail sale in non-specialized stores,,No
U14101TN2009PTC100434,Sai Merchants Private Limited,ROC-CHENNAI,100435,Company limited by Shares,Non-govt company,Private,05/09/2009,"572, Chambers, Capital Layout, Chennai, Tamil Nadu - 600045",Tamil Nadu,600045,sai23@gmail.com,Unlisted,Active,5000000,3139823,11/10/2025,31/03/2026,14101,Manufacture of wearing apparel,,No
U45201GJ2010PTC100368,Emerald Foods Private Limited,ROC-AHMEDABAD,100369,Company limited by Shares,Non-govt company,Private,02/12/2010,"2, Mall, Vertex Layout, Ahmedabad, Gujarat - 380024",Gujarat,380024,emerald15@gmail.com,Unlisted,Active,100000,58536,19/10/2025,31/03/2026,45201,Maintenance and repair of motor vehicles,,No
U46900RJ2023PTC100084,Capital Foods Private Limited,ROC-JAIPUR,100085,Company limited by Shares,Non-govt company,Private,31/07/2023,"121, Arcade, Ashirwad Chowk, Jaipur, Rajasthan - 302067",Rajasthan,302067,capital83@rediffmail.com,Unlisted,Active,10000000,100000,07/11/2021,31/03/2021,46900,Wholesale trade (non-specialized),RING-13,Yes
U82990KA2023PTC100062,Sunrise Trading Private Limited,ROC-BANGALORE,100063,Company limited by Shares,Non-govt company,Private,10/08/2023,"786, Complex, Vikram Chowk, Bengaluru, Karnataka - 560047",Karnataka,560047,sunrise61@rediffmail.com,Unlisted,Active - Non-compliant,100000000,500000,04/05/2020,31/03/2020,82990,Other business support activities n.e.c.,RING-10,Yes
U52290GJ2007PTC100639,Vertex Industries Private Limited,ROC-AHMEDABAD,100640,Company limited by Shares,Non-govt company,Private,29/07/2007,"848, Chambers, Shree Layout, Ahmedabad, Gujarat - 380095",Gujarat,380095,vertex50@gmail.com,Unlisted,Active,100000,63577,04/09/2025,31/03/2025,52290,Other transportation support activities,,No
U45201RJ2014PLC100273,Royal Textiles Limited,ROC-JAIPUR,100274,Company limited by Shares,Non-govt company,Public,11/05/2014,"715, House, Sai Street, Jaipur, Rajasthan - 302046",Rajasthan,302046,royal34@gmail.com,Unlisted,Active,1000000,558470,15/09/2024,31/03/2024,45201,Maintenance and repair of motor vehicles,,No
U52290UP2021PTC100286,Vaibhav Exports Private Limited,ROC-KANPUR,100287,Company limited by Shares,Non-govt company,Private,06/04/2021,"969, Heights, Vishwa Chowk, Kanpur, Uttar Pradesh - 208067",Uttar Pradesh,208067,vaibhav44@gmail.com,Unlisted,Active,500000,469569,22/09/2024,31/03/2024,52290,Other transportation support activities,,No
U14101PB2014PLC100361,Royal Developers Limited,ROC-CHANDIGARH,100362,Company limited by Shares,Non-govt company,Public,17/06/2014,"506, Mall, Krishna Chowk, Chandigarh, Punjab - 160063",Punjab,160063,royal25@gmail.com,Unlisted,Active,1000000,658891,26/07/2026,31/03/2026,14101,Manufacture of wearing apparel,,No
U64990DL2013PTC100355,Vardhan Logistics Private Limited,ROC-DELHI,100356,Company limited by Shares,Non-govt company,Private,12/10/2013,"962, House, Anmol Street, New Delhi, Delhi - 110061",Delhi,110061,vardhan50@gmail.com,Unlisted,Active,2000000,1644434,05/10/2024,31/03/2024,64990,Other financial service activities n.e.c.,,No
U82990KA2009PTC100457,Lakshmi Systems Private Limited,ROC-BANGALORE,100458,Company limited by Shares,Non-govt company,Private,09/01/2009,"969, House, Vardhan Nagar, Bengaluru, Karnataka - 560062",Karnataka,560062,lakshmi58@gmail.com,Unlisted,Dormant,200000,102948,04/07/2025,31/03/2025,82990,Other business support activities n.e.c.,,No
U68100MH2005PTC100279,Diamond Agro Private Limited,ROC-PUNE,100280,Company limited by Shares,Non-govt company,Private,12/02/2005,"916, Chambers, Continental Chowk, Pune, Maharashtra - 411046",Maharashtra,411046,diamond95@gmail.com,Unlisted,Active,500000,495737,23/11/2024,31/03/2024,68100,Real estate activities with own/leased property,,No
U63990RJ2019PTC100013,Vantage Agro Private Limited,ROC-JAIPUR,100014,Company limited by Shares,Non-govt company,Private,06/10/2019,"935, Tower, Vishwa Chowk, Jaipur, Rajasthan - 302091",Rajasthan,302091,vantage17@rediffmail.com,Unlisted,Active,50000000,150000,,,63990,Other information service activities n.e.c.,RING-02,Yes
U45201WB2024PTC100183,Shakti Foods Private Limited,ROC-KOLKATA,100184,Company limited by Shares,Non-govt company,Private,05/10/2024,"228, Complex, Om Nagar, Kolkata, West Bengal - 700071",West Bengal,700071,shakti79@gmail.com,Unlisted,Active,2000000,1868768,13/09/2024,31/03/2024,45201,Maintenance and repair of motor vehicles,,No
U52290PB2020PTC100369,Lakshmi Technologies Private Limited,ROC-CHANDIGARH,100370,Company limited by Shares,Non-govt company,Private,19/05/2020,"146, Heights, Radiant Marg, Chandigarh, Punjab - 160041",Punjab,160041,lakshmi83@gmail.com,Unlisted,Active,5000000,4099500,22/08/2025,31/03/2025,52290,Other transportation support activities,,No
U14101UP2006PTC100882,Vertex Realty Private Limited,ROC-KANPUR,100883,Company limited by Shares,Non-govt company,Private,13/08/2006,"489, Plaza, Diamond Lane, Kanpur, Uttar Pradesh - 208025",Uttar Pradesh,208025,vertex67@gmail.com,Unlisted,Active,200000,119617,03/10/2024,31/03/2024,14101,Manufacture of wearing apparel,,No
U46900HR2019PTC100616,Vishal Developers Private Limited,ROC-CHANDIGARH,100617,Company limited by Shares,Non-govt company,Private,11/06/2019,"295, Chambers, Everest Marg, Gurugram, Haryana - 122036",Haryana,122036,vishal98@gmail.com,Unlisted,Active,200000,166642,13/07/2026,31/03/2026,46900,Wholesale trade (non-specialized),,No
U52290TN2022PTC100224,Vaibhav Realty Private Limited,ROC-CHENNAI,100225,Company limited by Shares,Non-govt company,Private,06/12/2022,"508, House, Ashirwad Nagar, Chennai, Tamil Nadu - 600040",Tamil Nadu,600040,vaibhav94@gmail.com,Unlisted,Active,100000,67142,27/08/2025,31/03/2026,52290,Other transportation support activities,,No
U82990DL2021PTC100573,Superior Chemicals Private Limited,ROC-DELHI,100574,Company limited by Shares,Non-govt company,Private,15/04/2021,"622, Mall, Meridian Layout, New Delhi, Delhi - 110054",Delhi,110054,superior97@gmail.com,Unlisted,Active,100000,77398,16/11/2025,31/03/2026,82990,Other business support activities n.e.c.,,No
U70200MH2023PLC100971,Royal Services Limited,ROC-MUMBAI,100972,Company limited by Shares,Non-govt company,Public,02/12/2023,"983, Arcade, Aastha Colony, Mumbai, Maharashtra - 400086",Maharashtra,400086,royal33@gmail.com,Unlisted,Dormant,200000,117809,11/12/2025,31/03/2025,70200,Management consultancy activities,,No
U46310WB2011PTC100654,Elite Chemicals Private Limited,ROC-KOLKATA,100655,Company limited by Shares,Non-govt company,Private,28/04/2011,"193, Mall, Vardhan Road, Kolkata, West Bengal - 700033",West Bengal,700033,elite22@gmail.com,Unlisted,Active,500000,478714,21/08/2025,31/03/2026,46310,Wholesale of agricultural raw materials,,No
U64990WB2014PTC100546,Sai Developers Private Limited,ROC-KOLKATA,100547,Company limited by Shares,Non-govt company,Private,19/02/2014,"76, Chambers, Diamond Chowk, Kolkata, West Bengal - 700052",West Bengal,700052,sai53@gmail.com,Unlisted,Active,200000,181494,05/11/2025,31/03/2026,64990,Other financial service activities n.e.c.,,No
U74999RJ2005PTC100583,Vishwa Retail Private Limited,ROC-JAIPUR,100584,Company limited by Shares,Non-govt company,Private,25/01/2005,"262, Plaza, Ganesh Chowk, Jaipur, Rajasthan - 302092",Rajasthan,302092,vishwa86@gmail.com,Unlisted,Active,200000,166770,02/08/2025,31/03/2025,74999,Other business support service activities n.e.c.,,No
U74999GJ2025PTC100634,Orion Industries Private Limited,ROC-AHMEDABAD,100635,Company limited by Shares,Non-govt company,Private,30/12/2025,"943, Complex, Trident Street, Ahmedabad, Gujarat - 380026",Gujarat,380026,orion18@gmail.com,Unlisted,Active,500000,412269,01/07/2026,31/03/2026,74999,Other business support service activities n.e.c.,,No
U14101RJ2015PTC100177,Vantage Systems Private Limited,ROC-JAIPUR,100178,Company limited by Shares,Non-govt company,Private,26/10/2015,"431, Heights, Krishna Nagar, Jaipur, Rajasthan - 302039",Rajasthan,302039,vantage71@gmail.com,Unlisted,Active,200000,190198,17/10/2025,31/03/2026,14101,Manufacture of wearing apparel,,No
U74999RJ2011PTC100666,Suvidha Realty Private Limited,ROC-JAIPUR,100667,Company limited by Shares,Non-govt company,Private,15/09/2011,"719, House, Elite Colony, Jaipur, Rajasthan - 302099",Rajasthan,302099,suvidha61@gmail.com,Unlisted,Active,5000000,3743696,05/12/2025,31/03/2026,74999,Other business support service activities n.e.c.,,No
U74999WB2016PTC100674,Global Chemicals Private Limited,ROC-KOLKATA,100675,Company limited by Shares,Non-govt company,Private,08/04/2016,"939, Plaza, Meridian Marg, Kolkata, West Bengal - 700056",West Bengal,700056,global49@gmail.com,Unlisted,Active,1000000,684121,11/07/2026,31/03/2026,74999,Other business support service activities n.e.c.,,No
U46900GJ2023PTC100586,Shree Constructions Private Limited,ROC-AHMEDABAD,100587,Company limited by Shares,Non-govt company,Private,18/03/2023,"96, Complex, Metro Nagar, Ahmedabad, Gujarat - 380082",Gujarat,380082,shree20@gmail.com,Unlisted,Active,500000,385023,22/10/2025,31/03/2025,46900,Wholesale trade (non-specialized),,No
U46900TN2018PTC100874,Sunrise Industries Private Limited,ROC-CHENNAI,100875,Company limited by Shares,Non-govt company,Private,27/12/2018,"659, Chambers, Sunrise Nagar, Chennai, Tamil Nadu - 600050",Tamil Nadu,600050,sunrise88@gmail.com,Unlisted,Active,2000000,1909298,01/07/2025,31/03/2026,46900,Wholesale trade (non-specialized),,No
U63990DL2016PTC100394,Global Infra Private Limited,ROC-DELHI,100395,Company limited by Shares,Non-govt company,Private,30/05/2016,"200, Plaza, Radiant Marg, New Delhi, Delhi - 110057",Delhi,110057,global36@gmail.com,Unlisted,Active,200000,102735,26/11/2024,31/03/2024,63990,Other information service activities n.e.c.,,No
U41001RJ2013PTC100164,Shree Solutions Private Limited,ROC-JAIPUR,100165,Company limited by Shares,Non-govt company,Private,18/07/2013,"860, Plaza, Vaibhav Chowk, Jaipur, Rajasthan - 302036",Rajasthan,302036,shree79@gmail.com,Unlisted,Active,100000,83512,05/09/2025,31/03/2026,41001,Construction of residential/commercial buildings,,No
U46900KA2017PLC100249,Pioneer Ventures Limited,ROC-BANGALORE,100250,Company limited by Shares,Non-govt company,Public,18/01/2017,"376, Complex, Diamond Road, Bengaluru, Karnataka - 560033",Karnataka,560033,pioneer55@gmail.com,Unlisted,Active,5000000,2746714,16/12/2024,31/03/2024,46900,Wholesale trade (non-specialized),,No
U46900HR2025PLC100635,National Technologies Limited,ROC-CHANDIGARH,100636,Company limited by Shares,Non-govt company,Public,17/05/2025,"158, House, Golden Marg, Gurugram, Haryana - 122086",Haryana,122086,national92@gmail.com,Unlisted,Active,200000,112162,23/09/2025,31/03/2025,46900,Wholesale trade (non-specialized),,No
U68100RJ2016PTC100886,Suvidha Systems Private Limited,ROC-JAIPUR,100887,Company limited by Shares,Non-govt company,Private,19/06/2016,"410, House, Falcon Street, Jaipur, Rajasthan - 302088",Rajasthan,302088,suvidha12@gmail.com,Unlisted,Active,5000000,2500149,14/11/2024,31/03/2024,68100,Real estate activities with own/leased property,,No
U74999MH2018PTC100670,Ganesh Traders Private Limited,ROC-PUNE,100671,Company limited by Shares,Non-govt company,Private,19/05/2018,"100, Arcade, Ashirwad Lane, Pune, Maharashtra - 411066",Maharashtra,411066,ganesh79@gmail.com,Unlisted,Active,5000000,3008264,10/10/2025,31/03/2025,74999,Other business support service activities n.e.c.,,No
U70200WB2015PLC100376,Prime Consultancy Limited,ROC-KOLKATA,100377,Company limited by Shares,Non-govt company,Public,13/04/2015,"925, House, Vantage Road, Kolkata, West Bengal - 700032",West Bengal,700032,prime93@gmail.com,Unlisted,Active,100000,99087,12/08/2024,31/03/2024,70200,Management consultancy activities,,No
U10610WB2023PTC100413,Golden Systems Private Limited,ROC-KOLKATA,100414,Company limited by Shares,Non-govt company,Private,25/02/2023,"855, Chambers, Nova Colony, Kolkata, West Bengal - 700086",West Bengal,700086,golden53@gmail.com,Unlisted,Active,1000000,796787,16/10/2024,31/03/2024,10610,Manufacture of grain mill products,,No
U47190TG2018PTC100075,Nova Investments Private Limited,ROC-HYDERABAD,100076,Company limited by Shares,Non-govt company,Private,02/11/2018,"895, Mall, Krishna Nagar, Hyderabad, Telangana - 500057",Telangana,500057,nova75@rediffmail.com,Unlisted,Active,10000000,200000,10/06/2019,31/03/2019,47190,Other retail sale in non-specialized stores,RING-12,Yes
U46310TN2023PTC100114,Anmol Retail Private Limited,ROC-CHENNAI,100115,Company limited by Shares,Non-govt company,Private,29/05/2023,"387, Plaza, Royal Lane, Chennai, Tamil Nadu - 600085",Tamil Nadu,600085,anmol88@rediffmail.com,Unlisted,Active - Non-compliant,10000000,100000,25/10/2021,31/03/2021,46310,Wholesale of agricultural raw materials,RING-16,Yes
U46310HR2018PTC100599,Anmol Technologies Private Limited,ROC-CHANDIGARH,100600,Company limited by Shares,Non-govt company,Private,04/12/2018,"681, Arcade, Suvidha Street, Gurugram, Haryana - 122072",Haryana,122072,anmol31@gmail.com,Unlisted,Active,100000,72537,08/08/2025,31/03/2025,46310,Wholesale of agricultural raw materials,,No
U64990TG2008PTC100962,Infinity Distributors Private Limited,ROC-HYDERABAD,100963,Company limited by Shares,Non-govt company,Private,09/04/2008,"674, Mall, Platinum Lane, Hyderabad, Telangana - 500068",Telangana,500068,infinity83@gmail.com,Unlisted,Active,500000,377179,12/09/2025,31/03/2026,64990,Other financial service activities n.e.c.,,No
U10610TN2008PTC100391,National Logistics Private Limited,ROC-CHENNAI,100392,Company limited by Shares,Non-govt company,Private,30/04/2008,"429, Arcade, Vikram Layout, Chennai, Tamil Nadu - 600022",Tamil Nadu,600022,national26@gmail.com,Unlisted,Active,1000000,816314,04/08/2025,31/03/2026,10610,Manufacture of grain mill products,,No
U14101GJ2020PLC100105,Anmol Distributors Limited,ROC-AHMEDABAD,100106,Company limited by Shares,Non-govt company,Public,20/12/2020,"772, Arcade, Bharat Chowk, Ahmedabad, Gujarat - 380084",Gujarat,380084,anmol92@rediffmail.com,Unlisted,Active,100000000,500000,,,14101,Manufacture of wearing apparel,RING-15,Yes
U62011TN2023PTC100115,Anmol Industries Private Limited,ROC-CHENNAI,100116,Company limited by Shares,Non-govt company,Private,09/06/2023,"387, Plaza, Royal Lane, Chennai, Tamil Nadu - 600085",Tamil Nadu,600085,anmol10@rediffmail.com,Unlisted,Active,20000000,500000,,,62011,Computer programming activities,RING-16,Yes
U68100KA2015PTC100418,Pioneer Enterprises Private Limited,ROC-BANGALORE,100419,Company limited by Shares,Non-govt company,Private,25/12/2015,"346, Arcade, Ashirwad Marg, Bengaluru, Karnataka - 560079",Karnataka,560079,pioneer44@gmail.com,Unlisted,Active,500000,262518,14/09/2025,31/03/2025,68100,Real estate activities with own/leased property,,No
U47190DL2010PLC100526,Ganesh Constructions Limited,ROC-DELHI,100527,Company limited by Shares,Non-govt company,Public,22/07/2010,"107, Plaza, Trident Lane, New Delhi, Delhi - 110026",Delhi,110026,ganesh31@gmail.com,Unlisted,Active,500000,292094,28/12/2024,31/03/2024,47190,Other retail sale in non-specialized stores,,No
U47190WB2013PTC100458,Om Constructions Private Limited,ROC-KOLKATA,100459,Company limited by Shares,Non-govt company,Private,15/05/2013,"820, Heights, Royal Street, Kolkata, West Bengal - 700034",West Bengal,700034,om91@gmail.com,Unlisted,Dormant,200000,100172,01/09/2025,31/03/2026,47190,Other retail sale in non-specialized stores,,No
U46310KA2019PTC100410,Vaibhav Solutions Private Limited,ROC-BANGALORE,100411,Company limited by Shares,Non-govt company,Private,02/04/2019,"714, Tower, Vardhan Layout, Bengaluru, Karnataka - 560021",Karnataka,560021,vaibhav24@gmail.com,Unlisted,Active,100000,65558,27/11/2025,31/03/2026,46310,Wholesale of agricultural raw materials,,No
U82990MH2021PTC100093,Lakshmi Commodities Private Limited,ROC-MUMBAI,100094,Company limited by Shares,Non-govt company,Private,16/09/2021,"141, Heights, Trident Layout, Mumbai, Maharashtra - 400029",Maharashtra,400029,lakshmi93@rediffmail.com,Unlisted,Active,20000000,200000,15/06/2022,31/03/2022,82990,Other business support activities n.e.c.,RING-14,Yes
U41001GJ2014PTC100931,Platinum Merchants Private Limited,ROC-AHMEDABAD,100932,Company limited by Shares,Non-govt company,Private,30/03/2014,"710, Tower, Golden Chowk, Ahmedabad, Gujarat - 380093",Gujarat,380093,platinum83@gmail.com,Unlisted,Active,1000000,565143,08/11/2024,31/03/2024,41001,Construction of residential/commercial buildings,,No
U41001MH2021PTC100090,Lakshmi Finance Private Limited,ROC-MUMBAI,100091,Company limited by Shares,Non-govt company,Private,26/09/2021,"141, Heights, Trident Layout, Mumbai, Maharashtra - 400029",Maharashtra,400029,lakshmi50@rediffmail.com,Unlisted,Active - Non-compliant,20000000,100000,15/01/2022,31/03/2022,41001,Construction of residential/commercial buildings,RING-14,Yes
U14101UP2019PTC100337,Elite Investments Private Limited,ROC-KANPUR,100338,Company limited by Shares,Non-govt company,Private,18/01/2019,"645, House, Apex Layout, Kanpur, Uttar Pradesh - 208039",Uttar Pradesh,208039,elite65@gmail.com,Unlisted,Active,2000000,1550877,19/08/2025,31/03/2026,14101,Manufacture of wearing apparel,,No
U74999RJ2022PTC100989,Everest Finance Private Limited,ROC-JAIPUR,100990,Company limited by Shares,Non-govt company,Private,11/12/2022,"282, Arcade, Ganesh Marg, Jaipur, Rajasthan - 302075",Rajasthan,302075,everest17@gmail.com,Unlisted,Active,2000000,1298274,03/11/2024,31/03/2024,74999,Other business support service activities n.e.c.,,No
U52290UP2013PLC100922,Vantage Textiles Limited,ROC-KANPUR,100923,Company limited by Shares,Non-govt company,Public,12/07/2013,"605, Complex, Suvidha Nagar, Kanpur, Uttar Pradesh - 208018",Uttar Pradesh,208018,vantage37@gmail.com,Unlisted,Active,500000,435410,24/10/2025,31/03/2025,52290,Other transportation support activities,,No
U74999MH2009PTC100934,Prime Finance Private Limited,ROC-MUMBAI,100935,Company limited by Shares,Non-govt company,Private,17/11/2009,"162, Chambers, Vikram Colony, Mumbai, Maharashtra - 400088",Maharashtra,400088,prime63@gmail.com,Unlisted,Active,2000000,1527488,06/09/2025,31/03/2025,74999,Other business support service activities n.e.c.,,No
U68100UP2018PTC100606,Shakti Chemicals Private Limited,ROC-KANPUR,100607,Company limited by Shares,Non-govt company,Private,12/08/2018,"920, Tower, Trident Layout, Kanpur, Uttar Pradesh - 208088",Uttar Pradesh,208088,shakti19@gmail.com,Unlisted,Active,100000,76397,17/11/2024,31/03/2024,68100,Real estate activities with own/leased property,,No
U14101TG2018PTC100594,Radiant Trading Private Limited,ROC-HYDERABAD,100595,Company limited by Shares,Non-govt company,Private,30/04/2018,"257, Complex, Om Chowk, Hyderabad, Telangana - 500058",Telangana,500058,radiant58@gmail.com,Unlisted,Active,5000000,3930999,19/11/2025,31/03/2025,14101,Manufacture of wearing apparel,,No
U47190GJ2017PTC100612,Metro Services Private Limited,ROC-AHMEDABAD,100613,Company limited by Shares,Non-govt company,Private,28/01/2017,"341, Plaza, Apex Colony, Ahmedabad, Gujarat - 380081",Gujarat,380081,metro94@gmail.com,Unlisted,Active,200000,190169,09/07/2026,31/03/2026,47190,Other retail sale in non-specialized stores,,No
U68100MH2021PLC100095,Lakshmi Investments Limited,ROC-MUMBAI,100096,Company limited by Shares,Non-govt company,Public,25/09/2021,"141, Heights, Trident Layout, Mumbai, Maharashtra - 400029",Maharashtra,400029,lakshmi39@rediffmail.com,Unlisted,Active,20000000,200000,19/11/2022,31/03/2022,68100,Real estate activities with own/leased property,RING-14,Yes
U46900RJ2019PTC100012,Vantage Overseas Private Limited,ROC-JAIPUR,100013,Company limited by Shares,Non-govt company,Private,09/10/2019,"935, Tower, Vishwa Chowk, Jaipur, Rajasthan - 302091",Rajasthan,302091,vantage72@rediffmail.com,Unlisted,Under Process of Striking Off,100000000,100000,14/03/2020,31/03/2020,46900,Wholesale trade (non-specialized),RING-02,Yes
U45201UP2024PTC100397,Global Realty Private Limited,ROC-KANPUR,100398,Company limited by Shares,Non-govt company,Private,04/10/2024,"476, Heights, Aastha Road, Kanpur, Uttar Pradesh - 208054",Uttar Pradesh,208054,global99@gmail.com,Unlisted,Active,500000,354898,06/07/2025,31/03/2026,45201,Maintenance and repair of motor vehicles,,No
U46310GJ2007PTC100534,Horizon Finance Private Limited,ROC-AHMEDABAD,100535,Company limited by Shares,Non-govt company,Private,24/08/2007,"158, Tower, Silver Layout, Ahmedabad, Gujarat - 380058",Gujarat,380058,horizon10@gmail.com,Unlisted,Active,5000000,3010409,14/12/2025,31/03/2025,46310,Wholesale of agricultural raw materials,,No
U62011MH2019PTC100044,Apex Textiles Private Limited,ROC-PUNE,100045,Company limited by Shares,Non-govt company,Private,25/12/2018,"411, Mall, Royal Marg, Pune, Maharashtra - 411029",Maharashtra,411029,apex48@rediffmail.com,Unlisted,Under Process of Striking Off,100000000,200000,,,62011,Computer programming activities,RING-06,Yes
U47190MH2018PLC100043,Apex Merchants Limited,ROC-PUNE,100044,Company limited by Shares,Non-govt company,Public,04/01/2019,"411, Mall, Royal Marg, Pune, Maharashtra - 411029",Maharashtra,411029,apex44@rediffmail.com,Unlisted,Under Process of Striking Off,20000000,500000,,,47190,Other retail sale in non-specialized stores,RING-06,Yes
U14101TG2022PTC100330,Universal Technologies Private Limited,ROC-HYDERABAD,100331,Company limited by Shares,Non-govt company,Private,05/04/2022,"914, Complex, Orion Chowk, Hyderabad, Telangana - 500023",Telangana,500023,universal66@gmail.com,Unlisted,Active,500000,306523,14/09/2025,31/03/2025,14101,Manufacture of wearing apparel,,No
U63990MH2019PTC100168,Vishwa Industries Private Limited,ROC-MUMBAI,100169,Company limited by Shares,Non-govt company,Private,13/02/2019,"794, House, Suvidha Road, Mumbai, Maharashtra - 400097",Maharashtra,400097,vishwa29@gmail.com,Unlisted,Active,200000,186495,24/12/2025,31/03/2026,63990,Other information service activities n.e.c.,,No
U64990WB2024PTC100498,Infinity Consultancy Private Limited,ROC-KOLKATA,100499,Company limited by Shares,Non-govt company,Private,11/06/2024,"893, Complex, Vertex Chowk, Kolkata, West Bengal - 700073",West Bengal,700073,infinity19@gmail.com,Unlisted,Active,5000000,4768769,21/10/2024,31/03/2024,64990,Other financial service activities n.e.c.,,No
U82990TN2007PTC100877,Sunrise Infra Private Limited,ROC-CHENNAI,100878,Company limited by Shares,Non-govt company,Private,27/02/2007,"563, Chambers, Shree Marg, Chennai, Tamil Nadu - 600085",Tamil Nadu,600085,sunrise85@gmail.com,Unlisted,Active,1000000,702428,26/07/2025,31/03/2025,82990,Other business support activities n.e.c.,,No
U47190WB2007PTC100598,Nova Solutions Private Limited,ROC-KOLKATA,100599,Company limited by Shares,Non-govt company,Private,14/11/2007,"371, Arcade, Om Marg, Kolkata, West Bengal - 700096",West Bengal,700096,nova64@gmail.com,Unlisted,Active,5000000,3893730,09/09/2024,31/03/2024,47190,Other retail sale in non-specialized stores,,No
U10610DL2020PTC100757,Elite Agro Private Limited,ROC-DELHI,100758,Company limited by Shares,Non-govt company,Private,28/11/2020,"136, Chambers, Om Lane, New Delhi, Delhi - 110087",Delhi,110087,elite69@gmail.com,Unlisted,Active,200000,186695,14/12/2025,31/03/2025,10610,Manufacture of grain mill products,,No
U46310GJ2020PTC100101,Anmol Systems Private Limited,ROC-AHMEDABAD,100102,Company limited by Shares,Non-govt company,Private,27/12/2020,"772, Arcade, Bharat Chowk, Ahmedabad, Gujarat - 380084",Gujarat,380084,anmol58@rediffmail.com,Unlisted,Under Process of Striking Off,50000000,200000,,,46310,Wholesale of agricultural raw materials,RING-15,Yes
U64990MH2021PTC100427,Platinum Traders Private Limited,ROC-PUNE,100428,Company limited by Shares,Non-govt company,Private,17/11/2021,"265, Arcade, Lakshmi Marg, Pune, Maharashtra - 411027",Maharashtra,411027,platinum28@gmail.com,Unlisted,Active,500000,335610,23/10/2025,31/03/2025,64990,Other financial service activities n.e.c.,,No
U14101HR2013PTC100179,Vinayak Retail Private Limited,ROC-CHANDIGARH,100180,Company limited by Shares,Non-govt company,Private,23/09/2013,"91, Tower, Nova Lane, Gurugram, Haryana - 122057",Haryana,122057,vinayak20@gmail.com,Unlisted,Active,100000,90218,14/11/2025,31/03/2025,14101,Manufacture of wearing apparel,,No
U45201MH2016PTC100445,Vishal Textiles Private Limited,ROC-PUNE,100446,Company limited by Shares,Non-govt company,Private,16/07/2016,"893, Mall, Ashirwad Layout, Pune, Maharashtra - 411094",Maharashtra,411094,vishal22@gmail.com,Unlisted,Active,500000,334313,26/09/2025,31/03/2025,45201,Maintenance and repair of motor vehicles,,No
U46900TG2015PTC100417,Vardhan Solutions Private Limited,ROC-HYDERABAD,100418,Company limited by Shares,Non-govt company,Private,14/03/2015,"436, Arcade, Vishal Road, Hyderabad, Telangana - 500087",Telangana,500087,vardhan67@gmail.com,Unlisted,Active,1000000,826908,10/07/2025,31/03/2025,46900,Wholesale trade (non-specialized),,No
U46310GJ2014PTC100871,Shakti Enterprises Private Limited,ROC-AHMEDABAD,100872,Company limited by Shares,Non-govt company,Private,13/08/2014,"139, Arcade, Anmol Marg, Ahmedabad, Gujarat - 380081",Gujarat,380081,shakti88@gmail.com,Unlisted,Active,5000000,3264634,15/11/2024,31/03/2024,46310,Wholesale of agricultural raw materials,,No
U82990RJ2022PTC100883,Nova Services Private Limited,ROC-JAIPUR,100884,Company limited by Shares,Non-govt company,Private,07/05/2022,"860, Heights, Prime Colony, Jaipur, Rajasthan - 302034",Rajasthan,302034,nova67@gmail.com,Unlisted,Active,500000,403318,10/08/2024,31/03/2024,82990,Other business support activities n.e.c.,,No
U63990WB2005PTC100681,Vishal Solutions Private Limited,ROC-KOLKATA,100682,Company limited by Shares,Non-govt company,Private,19/06/2005,"130, House, Sai Road, Kolkata, West Bengal - 700025",West Bengal,700025,vishal83@gmail.com,Unlisted,Active,5000000,3661698,07/09/2024,31/03/2024,63990,Other information service activities n.e.c.,,No
U82990DL2010PTC100178,Emerald Investments Private Limited,ROC-DELHI,100179,Company limited by Shares,Non-govt company,Private,11/11/2010,"774, Chambers, Skyline Layout, New Delhi, Delhi - 110032",Delhi,110032,emerald57@gmail.com,Unlisted,Active,2000000,1423561,13/12/2025,31/03/2025,82990,Other business support activities n.e.c.,,No
U45201HR2019PTC100396,Radiant Agro Private Limited,ROC-CHANDIGARH,100397,Company limited by Shares,Non-govt company,Private,29/03/2019,"445, Tower, Radiant Lane, Gurugram, Haryana - 122032",Haryana,122032,radiant14@gmail.com,Unlisted,Active,100000,97541,01/08/2024,31/03/2024,45201,Maintenance and repair of motor vehicles,,No
U68100DL2018PLC100912,Elite Industries Limited,ROC-DELHI,100913,Company limited by Shares,Non-govt company,Public,19/02/2018,"314, House, Vikram Colony, New Delhi, Delhi - 110067",Delhi,110067,elite43@gmail.com,Unlisted,Active,5000000,3866385,28/11/2025,31/03/2026,68100,Real estate activities with own/leased property,,No
U70200UP2006PTC100794,National Foods Private Limited,ROC-KANPUR,100795,Company limited by Shares,Non-govt company,Private,16/06/2006,"818, Tower, Falcon Layout, Kanpur, Uttar Pradesh - 208022",Uttar Pradesh,208022,national15@gmail.com,Unlisted,Active,200000,143313,16/07/2025,31/03/2026,70200,Management consultancy activities,,No
U47190HR2007PLC100961,Universal Overseas Limited,ROC-CHANDIGARH,100962,Company limited by Shares,Non-govt company,Public,10/08/2007,"725, Plaza, Sunrise Layout, Gurugram, Haryana - 122071",Haryana,122071,universal20@gmail.com,Unlisted,Active,500000,445788,20/07/2025,31/03/2026,47190,Other retail sale in non-specialized stores,,No
U64990TN2017PTC100685,Platinum Exports Private Limited,ROC-CHENNAI,100686,Company limited by Shares,Non-govt company,Private,27/12/2017,"46, House, Radiant Nagar, Chennai, Tamil Nadu - 600043",Tamil Nadu,600043,platinum98@gmail.com,Unlisted,Active,2000000,1316988,26/11/2025,31/03/2026,64990,Other financial service activities n.e.c.,,No
U64990DL2017PTC100384,Meridian Realty Private Limited,ROC-DELHI,100385,Company limited by Shares,Non-govt company,Private,27/05/2017,"716, Mall, Suvidha Layout, New Delhi, Delhi - 110024",Delhi,110024,meridian12@gmail.com,Unlisted,Active,100000,68619,08/07/2026,31/03/2026,64990,Other financial service activities n.e.c.,,No
U46310PB2007PTC100957,Prime Technologies Private Limited,ROC-CHANDIGARH,100958,Company limited by Shares,Non-govt company,Private,23/03/2007,"371, Heights, Prime Marg, Chandigarh, Punjab - 160052",Punjab,160052,prime13@gmail.com,Unlisted,Active,2000000,1985564,05/11/2024,31/03/2024,46310,Wholesale of agricultural raw materials,,No
U62011UP2016PTC100752,Skyline Logistics Private Limited,ROC-KANPUR,100753,Company limited by Shares,Non-govt company,Private,20/10/2016,"987, Arcade, Shree Chowk, Kanpur, Uttar Pradesh - 208041",Uttar Pradesh,208041,skyline49@gmail.com,Unlisted,Active,2000000,1333205,21/12/2024,31/03/2024,62011,Computer programming activities,,No
U74999TN2025PLC100258,Royal Traders Limited,ROC-CHENNAI,100259,Company limited by Shares,Non-govt company,Public,11/02/2025,"115, Tower, Meridian Chowk, Chennai, Tamil Nadu - 600073",Tamil Nadu,600073,royal21@gmail.com,Unlisted,Active,5000000,4143576,08/08/2024,31/03/2024,74999,Other business support service activities n.e.c.,,No
U14101PB2012PTC100539,Nova Traders Private Limited,ROC-CHANDIGARH,100540,Company limited by Shares,Non-govt company,Private,30/09/2012,"415, House, Vardhan Road, Chandigarh, Punjab - 160040",Punjab,160040,nova62@gmail.com,Unlisted,Active,500000,272172,05/11/2025,31/03/2025,14101,Manufacture of wearing apparel,,No
U47190TN2017PTC100336,Horizon Agro Private Limited,ROC-CHENNAI,100337,Company limited by Shares,Non-govt company,Private,21/05/2017,"152, Arcade, Prime Chowk, Chennai, Tamil Nadu - 600016",Tamil Nadu,600016,horizon92@gmail.com,Unlisted,Active,200000,122392,21/07/2025,31/03/2025,47190,Other retail sale in non-specialized stores,,No
U41001RJ2022PTC100016,Superior Traders Private Limited,ROC-JAIPUR,100017,Company limited by Shares,Non-govt company,Private,08/12/2022,"272, Complex, Continental Road, Jaipur, Rajasthan - 302041",Rajasthan,302041,superior91@rediffmail.com,Unlisted,Active - Non-compliant,25000000,150000,,,41001,Construction of residential/commercial buildings,RING-03,Yes
U74999MH2025PTC100325,Bharat Investments Private Limited,ROC-PUNE,100326,Company limited by Shares,Non-govt company,Private,24/05/2025,"387, Chambers, Elite Road, Pune, Maharashtra - 411025",Maharashtra,411025,bharat32@gmail.com,Unlisted,Active,500000,286582,04/07/2025,31/03/2025,74999,Other business support service activities n.e.c.,,No
U10610PB2010PTC100759,Silver Impex Private Limited,ROC-CHANDIGARH,100760,Company limited by Shares,Non-govt company,Private,25/01/2010,"286, Arcade, Trident Marg, Chandigarh, Punjab - 160078",Punjab,160078,silver96@gmail.com,Unlisted,Active,1000000,839060,23/09/2025,31/03/2025,10610,Manufacture of grain mill products,,No
U10610TN2025PTC100223,Pioneer Ventures Private Limited,ROC-CHENNAI,100224,Company limited by Shares,Non-govt company,Private,13/09/2025,"485, Complex, Vardhan Marg, Chennai, Tamil Nadu - 600094",Tamil Nadu,600094,pioneer47@gmail.com,Unlisted,Active,5000000,3260177,21/07/2025,31/03/2025,10610,Manufacture of grain mill products,,No
U52290TN2016PTC100180,Metro Enterprises Private Limited,ROC-CHENNAI,100181,Company limited by Shares,Non-govt company,Private,14/06/2016,"162, Tower, Zenith Nagar, Chennai, Tamil Nadu - 600055",Tamil Nadu,600055,metro95@gmail.com,Unlisted,Active,5000000,3079177,01/12/2025,31/03/2026,52290,Other transportation support activities,,No
U52290UP2013PTC100984,Apex Constructions Private Limited,ROC-KANPUR,100985,Company limited by Shares,Non-govt company,Private,12/12/2013,"725, House, Nova Road, Kanpur, Uttar Pradesh - 208066",Uttar Pradesh,208066,apex13@gmail.com,Unlisted,Active,100000,89778,03/12/2025,31/03/2026,52290,Other transportation support activities,,No
U14101UP2024PTC100023,Pioneer Industries Private Limited,ROC-KANPUR,100024,Company limited by Shares,Non-govt company,Private,22/07/2024,"309, House, Falcon Marg, Kanpur, Uttar Pradesh - 208048",Uttar Pradesh,208048,pioneer70@rediffmail.com,Unlisted,Active,20000000,150000,,,14101,Manufacture of wearing apparel,RING-04,Yes
U45201UP2010PTC100357,Universal Exports Private Limited,ROC-KANPUR,100358,Company limited by Shares,Non-govt company,Private,17/11/2010,"104, Mall, Sai Nagar, Kanpur, Uttar Pradesh - 208019",Uttar Pradesh,208019,universal72@gmail.com,Unlisted,Active,200000,109277,13/08/2025,31/03/2025,45201,Maintenance and repair of motor vehicles,,No
U45201PB2011PTC100667,Shree Systems Private Limited,ROC-CHANDIGARH,100668,Company limited by Shares,Non-govt company,Private,07/09/2011,"487, Complex, Vikram Nagar, Chandigarh, Punjab - 160064",Punjab,160064,shree85@gmail.com,Unlisted,Active,200000,157933,21/09/2025,31/03/2025,45201,Maintenance and repair of motor vehicles,,No
U70200GJ2010PTC100862,Shree Consultancy Private Limited,ROC-AHMEDABAD,100863,Company limited by Shares,Non-govt company,Private,01/06/2010,"859, Heights, Global Street, Ahmedabad, Gujarat - 380037",Gujarat,380037,shree68@gmail.com,Unlisted,Active,2000000,1365183,18/12/2024,31/03/2024,70200,Management consultancy activities,,No
U41001HR2025PTC100341,Royal Services Private Limited,ROC-CHANDIGARH,100342,Company limited by Shares,Non-govt company,Private,05/12/2025,"805, Mall, Royal Road, Gurugram, Haryana - 122083",Haryana,122083,royal64@gmail.com,Unlisted,Active,5000000,2866472,26/12/2025,31/03/2025,41001,Construction of residential/commercial buildings,,No
U70200KA2016PTC100432,Bharat Textiles Private Limited,ROC-BANGALORE,100433,Company limited by Shares,Non-govt company,Private,14/04/2016,"915, Mall, Radiant Street, Bengaluru, Karnataka - 560032",Karnataka,560032,bharat18@gmail.com,Unlisted,Dormant,5000000,3600109,11/07/2025,31/03/2025,70200,Management consultancy activities,,No
U68100PB2017PTC100552,Royal Merchants Private Limited,ROC-CHANDIGARH,100553,Company limited by Shares,Non-govt company,Private,08/08/2017,"586, Heights, Vikram Road, Chandigarh, Punjab - 160042",Punjab,160042,royal34@gmail.com,Unlisted,Active,1000000,549126,11/11/2025,31/03/2026,68100,Real estate activities with own/leased property,,No
U70200HR2023PTC100834,Royal Commodities Private Limited,ROC-CHANDIGARH,100835,Company limited by Shares,Non-govt company,Private,08/04/2023,"896, Chambers, Shree Street, Gurugram, Haryana - 122075",Haryana,122075,royal53@gmail.com,Unlisted,Active,1000000,713878,27/07/2026,31/03/2026,70200,Management consultancy activities,,No
U82990HR2018PLC100204,Elite Solutions Limited,ROC-CHANDIGARH,100205,Company limited by Shares,Non-govt company,Public,27/09/2018,"994, Arcade, Lakshmi Colony, Gurugram, Haryana - 122067",Haryana,122067,elite79@gmail.com,Unlisted,Active,5000000,4216308,14/08/2024,31/03/2024,82990,Other business support activities n.e.c.,,No
U46900GJ2010PTC100631,Golden Exports Private Limited,ROC-AHMEDABAD,100632,Company limited by Shares,Non-govt company,Private,17/05/2010,"122, Arcade, Golden Nagar, Ahmedabad, Gujarat - 380025",Gujarat,380025,golden46@gmail.com,Unlisted,Active,1000000,935057,19/12/2025,31/03/2026,46900,Wholesale trade (non-specialized),,No
U64990MH2021PTC100094,Lakshmi Exports Private Limited,ROC-MUMBAI,100095,Company limited by Shares,Non-govt company,Private,12/09/2021,"141, Heights, Trident Layout, Mumbai, Maharashtra - 400029",Maharashtra,400029,lakshmi62@rediffmail.com,Unlisted,Active - Non-compliant,10000000,150000,,,64990,Other financial service activities n.e.c.,RING-14,Yes
U62011DL2017PTC100559,Royal Developers Private Limited,ROC-DELHI,100560,Company limited by Shares,Non-govt company,Private,26/09/2017,"296, Plaza, Silver Street, New Delhi, Delhi - 110014",Delhi,110014,royal52@gmail.com,Unlisted,Active - Non-compliant,1000000,877481,18/11/2025,31/03/2026,62011,Computer programming activities,,No
U46900RJ2021PTC100069,Elite Constructions Private Limited,ROC-JAIPUR,100070,Company limited by Shares,Non-govt company,Private,28/11/2021,"536, Complex, Superior Colony, Jaipur, Rajasthan - 302046",Rajasthan,302046,elite33@rediffmail.com,Unlisted,Active - Non-compliant,25000000,150000,,,46900,Wholesale trade (non-specialized),RING-11,Yes
U70200UP2016PTC100623,Trident Traders Private Limited,ROC-KANPUR,100624,Company limited by Shares,Non-govt company,Private,02/06/2016,"173, Mall, Silver Marg, Kanpur, Uttar Pradesh - 208016",Uttar Pradesh,208016,trident32@gmail.com,Unlisted,Active,500000,490361,05/11/2025,31/03/2026,70200,Management consultancy activities,,No
U63990TN2010PTC100285,Falcon Developers Private Limited,ROC-CHENNAI,100286,Company limited by Shares,Non-govt company,Private,11/07/2010,"86, Chambers, Apex Colony, Chennai, Tamil Nadu - 600079",Tamil Nadu,600079,falcon31@gmail.com,Unlisted,Active,2000000,1651550,15/10/2024,31/03/2024,63990,Other information service activities n.e.c.,,No
U10610TN2017PTC100845,Ashirwad Chemicals Private Limited,ROC-CHENNAI,100846,Company limited by Shares,Non-govt company,Private,15/05/2017,"406, Heights, National Layout, Chennai, Tamil Nadu - 600020",Tamil Nadu,600020,ashirwad92@gmail.com,Unlisted,Dormant,200000,157165,28/09/2024,31/03/2024,10610,Manufacture of grain mill products,,No
U63990PB2012PTC100435,Prime Traders Private Limited,ROC-CHANDIGARH,100436,Company limited by Shares,Non-govt company,Private,12/04/2012,"576, Tower, Diamond Lane, Chandigarh, Punjab - 160051",Punjab,160051,prime83@gmail.com,Unlisted,Active,5000000,3534443,07/11/2025,31/03/2026,63990,Other information service activities n.e.c.,,No
U10610WB2016PTC100154,Everest Impex Private Limited,ROC-KOLKATA,100155,Company limited by Shares,Non-govt company,Private,16/04/2016,"746, Heights, Emerald Street, Kolkata, West Bengal - 700053",West Bengal,700053,everest72@gmail.com,Unlisted,Active,500000,291755,15/09/2025,31/03/2025,10610,Manufacture of grain mill products,,No
U47190TG2018PTC100076,Nova Overseas Private Limited,ROC-HYDERABAD,100077,Company limited by Shares,Non-govt company,Private,27/10/2018,"895, Mall, Krishna Nagar, Hyderabad, Telangana - 500057",Telangana,500057,nova73@rediffmail.com,Unlisted,Active - Non-compliant,50000000,500000,06/06/2019,31/03/2019,47190,Other retail sale in non-specialized stores,RING-12,Yes
U70200GJ2013PTC100731,Radiant Commodities Private Limited,ROC-AHMEDABAD,100732,Company limited by Shares,Non-govt company,Private,21/12/2013,"447, Complex, Infinity Chowk, Ahmedabad, Gujarat - 380037",Gujarat,380037,radiant77@gmail.com,Unlisted,Active,1000000,555448,16/07/2025,31/03/2025,70200,Management consultancy activities,,No
U41001UP2021PLC100447,Horizon Merchants Limited,ROC-KANPUR,100448,Company limited by Shares,Non-govt company,Public,23/01/2021,"400, House, Trident Layout, Kanpur, Uttar Pradesh - 208051",Uttar Pradesh,208051,horizon27@gmail.com,Unlisted,Active,2000000,1942191,10/10/2025,31/03/2026,41001,Construction of residential/commercial buildings,,No
U82990TN2022PTC100189,Shree Trading Private Limited,ROC-CHENNAI,100190,Company limited by Shares,Non-govt company,Private,03/01/2022,"10, House, Pioneer Lane, Chennai, Tamil Nadu - 600010",Tamil Nadu,600010,shree80@gmail.com,Unlisted,Active,200000,134388,10/10/2025,31/03/2026,82990,Other business support activities n.e.c.,,No
U68100MH2020PTC100272,Silver Traders Private Limited,ROC-PUNE,100273,Company limited by Shares,Non-govt company,Private,04/10/2020,"302, House, Om Colony, Pune, Maharashtra - 411011",Maharashtra,411011,silver23@gmail.com,Unlisted,Active,1000000,735744,07/08/2024,31/03/2024,68100,Real estate activities with own/leased property,,No
U82990UP2008PTC100237,Sai Consultancy Private Limited,ROC-KANPUR,100238,Company limited by Shares,Non-govt company,Private,10/02/2008,"721, Plaza, Vishwa Road, Kanpur, Uttar Pradesh - 208059",Uttar Pradesh,208059,sai98@gmail.com,Unlisted,Active,5000000,3513400,15/12/2025,31/03/2025,82990,Other business support activities n.e.c.,,No
U46310UP2005PTC100488,Vaibhav Constructions Private Limited,ROC-KANPUR,100489,Company limited by Shares,Non-govt company,Private,04/07/2005,"408, House, Sai Marg, Kanpur, Uttar Pradesh - 208073",Uttar Pradesh,208073,vaibhav65@gmail.com,Unlisted,Active,2000000,1479724,03/08/2026,31/03/2026,46310,Wholesale of agricultural raw materials,,No
U14101UP2009PLC100118,Metro Developers Limited,ROC-KANPUR,100119,Company limited by Shares,Non-govt company,Public,13/01/2009,"817, Arcade, Vaibhav Road, Kanpur, Uttar Pradesh - 208062",Uttar Pradesh,208062,metro96@gmail.com,Unlisted,Active,2000000,1026916,15/08/2024,31/03/2024,14101,Manufacture of wearing apparel,,No
U45201MH2018PTC100944,Vishwa Investments Private Limited,ROC-MUMBAI,100945,Company limited by Shares,Non-govt company,Private,15/03/2018,"985, Heights, Emerald Colony, Mumbai, Maharashtra - 400037",Maharashtra,400037,vishwa40@gmail.com,Unlisted,Active,200000,101625,27/11/2025,31/03/2025,45201,Maintenance and repair of motor vehicles,,No
U46310HR2023PTC100513,Meridian Impex Private Limited,ROC-CHANDIGARH,100514,Company limited by Shares,Non-govt company,Private,27/09/2023,"835, Plaza, Emerald Layout, Gurugram, Haryana - 122044",Haryana,122044,meridian52@gmail.com,Unlisted,Active,2000000,1520048,08/08/2024,31/03/2024,46310,Wholesale of agricultural raw materials,,No
U46310PB2014PTC100826,Prime Systems Private Limited,ROC-CHANDIGARH,100827,Company limited by Shares,Non-govt company,Private,17/05/2014,"452, Chambers, Nova Chowk, Chandigarh, Punjab - 160027",Punjab,160027,prime19@gmail.com,Unlisted,Active - Non-compliant,1000000,589661,20/07/2024,31/03/2024,46310,Wholesale of agricultural raw materials,,No
U64990TG2022PLC100592,Meridian Overseas Limited,ROC-HYDERABAD,100593,Company limited by Shares,Non-govt company,Public,29/08/2022,"560, House, Shakti Lane, Hyderabad, Telangana - 500099",Telangana,500099,meridian84@gmail.com,Unlisted,Active,500000,405636,09/10/2024,31/03/2024,64990,Other financial service activities n.e.c.,,No
U14101TG2024PLC100127,Metro Retail Limited,ROC-HYDERABAD,100128,Company limited by Shares,Non-govt company,Public,14/10/2024,"381, Complex, Om Nagar, Hyderabad, Telangana - 500090",Telangana,500090,metro49@gmail.com,Unlisted,Active - Non-compliant,500000,289744,03/09/2025,31/03/2026,14101,Manufacture of wearing apparel,,No
U62011GJ2026PTC100117,Global Impex Private Limited,ROC-AHMEDABAD,100118,Company limited by Shares,Non-govt company,Private,13/04/2026,"441, Complex, Everest Colony, Ahmedabad, Gujarat - 380087",Gujarat,380087,global98@gmail.com,Unlisted,Active,500000,460403,11/10/2025,31/03/2025,62011,Computer programming activities,,No
U68100MH2024PTC100474,Apex Developers Private Limited,ROC-PUNE,100475,Company limited by Shares,Non-govt company,Private,18/07/2024,"143, Chambers, Vishal Road, Pune, Maharashtra - 411033",Maharashtra,411033,apex21@gmail.com,Unlisted,Active,5000000,4683503,23/07/2025,31/03/2026,68100,Real estate activities with own/leased property,,No
U10610PB2007PLC100694,Falcon Industries Limited,ROC-CHANDIGARH,100695,Company limited by Shares,Non-govt company,Public,17/06/2007,"448, Arcade, Krishna Marg, Chandigarh, Punjab - 160061",Punjab,160061,falcon83@gmail.com,Unlisted,Active,100000,74534,03/08/2024,31/03/2024,10610,Manufacture of grain mill products,,No
U47190TN2022PTC100058,Emerald Technologies Private Limited,ROC-CHENNAI,100059,Company limited by Shares,Non-govt company,Private,18/01/2023,"470, Plaza, Om Layout, Chennai, Tamil Nadu - 600061",Tamil Nadu,600061,emerald62@rediffmail.com,Unlisted,Under Process of Striking Off,10000000,200000,04/11/2021,31/03/2021,47190,Other retail sale in non-specialized stores,RING-09,Yes
U63990TN2021PTC100864,Capital Commodities Private Limited,ROC-CHENNAI,100865,Company limited by Shares,Non-govt company,Private,02/02/2021,"181, Mall, Emerald Lane, Chennai, Tamil Nadu - 600037",Tamil Nadu,600037,capital10@gmail.com,Unlisted,Active - Non-compliant,500000,416804,13/10/2025,31/03/2025,63990,Other information service activities n.e.c.,,No
U14101HR2005PTC100913,Diamond Infra Private Limited,ROC-CHANDIGARH,100914,Company limited by Shares,Non-govt company,Private,30/05/2005,"103, Chambers, Diamond Nagar, Gurugram, Haryana - 122075",Haryana,122075,diamond48@gmail.com,Unlisted,Active,500000,286096,18/12/2024,31/03/2024,14101,Manufacture of wearing apparel,,No
U70200WB2026PTC100370,Bharat Chemicals Private Limited,ROC-KOLKATA,100371,Company limited by Shares,Non-govt company,Private,15/03/2026,"628, Tower, Emerald Layout, Kolkata, West Bengal - 700082",West Bengal,700082,bharat54@gmail.com,Unlisted,Active,500000,297643,27/09/2024,31/03/2024,70200,Management consultancy activities,,No
U41001GJ2021PTC100269,Vinayak Realty Private Limited,ROC-AHMEDABAD,100270,Company limited by Shares,Non-govt company,Private,03/01/2021,"929, Mall, Everest Street, Ahmedabad, Gujarat - 380026",Gujarat,380026,vinayak97@gmail.com,Unlisted,Active,1000000,763639,03/10/2025,31/03/2026,41001,Construction of residential/commercial buildings,,No
U62011MH2025PTC100047,Anmol Enterprises Private Limited,ROC-PUNE,100048,Company limited by Shares,Non-govt company,Private,14/05/2025,"896, Mall, Global Layout, Pune, Maharashtra - 411011",Maharashtra,411011,anmol88@rediffmail.com,Unlisted,Active - Non-compliant,20000000,500000,03/03/2022,31/03/2022,62011,Computer programming activities,RING-07,Yes
U45201UP2006PTC100350,Krishna Finance Private Limited,ROC-KANPUR,100351,Company limited by Shares,Non-govt company,Private,27/05/2006,"701, House, Zenith Chowk, Kanpur, Uttar Pradesh - 208091",Uttar Pradesh,208091,krishna32@gmail.com,Unlisted,Dormant,500000,447389,25/07/2025,31/03/2026,45201,Maintenance and repair of motor vehicles,,No
U82990WB2014PLC100196,Falcon Distributors Limited,ROC-KOLKATA,100197,Company limited by Shares,Non-govt company,Public,01/05/2014,"42, Tower, Everest Road, Kolkata, West Bengal - 700037",West Bengal,700037,falcon76@gmail.com,Unlisted,Active,500000,448562,17/09/2024,31/03/2024,82990,Other business support activities n.e.c.,,No
U62011UP2022PTC101000,Vantage Technologies Private Limited,ROC-KANPUR,101001,Company limited by Shares,Non-govt company,Private,11/01/2022,"55, Heights, Falcon Road, Kanpur, Uttar Pradesh - 208014",Uttar Pradesh,208014,vantage79@gmail.com,Unlisted,Active,200000,154430,20/11/2025,31/03/2025,62011,Computer programming activities,,No
U46900RJ2010PTC100835,Superior Agro Private Limited,ROC-JAIPUR,100836,Company limited by Shares,Non-govt company,Private,09/05/2010,"908, Plaza, Vishwa Layout, Jaipur, Rajasthan - 302038",Rajasthan,302038,superior81@gmail.com,Unlisted,Active,2000000,1467115,05/10/2025,31/03/2026,46900,Wholesale trade (non-specialized),,No
U74999RJ2010PTC100737,Elite Trading Private Limited,ROC-JAIPUR,100738,Company limited by Shares,Non-govt company,Private,19/04/2010,"723, Chambers, Diamond Chowk, Jaipur, Rajasthan - 302064",Rajasthan,302064,elite85@gmail.com,Unlisted,Active,1000000,876449,08/07/2025,31/03/2025,74999,Other business support service activities n.e.c.,,No
U52290RJ2008PTC100264,Krishna Developers Private Limited,ROC-JAIPUR,100265,Company limited by Shares,Non-govt company,Private,23/10/2008,"728, House, Apex Chowk, Jaipur, Rajasthan - 302024",Rajasthan,302024,krishna50@gmail.com,Unlisted,Active,1000000,965163,11/07/2026,31/03/2026,52290,Other transportation support activities,,No
U10610DL2008PTC100444,Sunrise Logistics Private Limited,ROC-DELHI,100445,Company limited by Shares,Non-govt company,Private,04/04/2008,"814, Chambers, Golden Marg, New Delhi, Delhi - 110028",Delhi,110028,sunrise91@gmail.com,Unlisted,Active,5000000,4836561,02/12/2025,31/03/2025,10610,Manufacture of grain mill products,,No
U70200RJ2005PTC100676,Trident Constructions Private Limited,ROC-JAIPUR,100677,Company limited by Shares,Non-govt company,Private,20/03/2005,"709, Arcade, Skyline Colony, Jaipur, Rajasthan - 302094",Rajasthan,302094,trident37@gmail.com,Unlisted,Active,2000000,1434794,15/07/2025,31/03/2026,70200,Management consultancy activities,,No
U45201MH2009PTC100305,Om Systems Private Limited,ROC-MUMBAI,100306,Company limited by Shares,Non-govt company,Private,11/07/2009,"29, Plaza, Bharat Lane, Mumbai, Maharashtra - 400097",Maharashtra,400097,om95@gmail.com,Unlisted,Active,200000,137464,14/07/2026,31/03/2026,45201,Maintenance and repair of motor vehicles,,No
U46310TG2023PTC100342,Meridian Developers Private Limited,ROC-HYDERABAD,100343,Company limited by Shares,Non-govt company,Private,14/03/2023,"572, Mall, Prime Road, Hyderabad, Telangana - 500017",Telangana,500017,meridian54@gmail.com,Unlisted,Active,200000,170309,12/07/2025,31/03/2026,46310,Wholesale of agricultural raw materials,,No
U82990DL2007PTC100967,Falcon Trading Private Limited,ROC-DELHI,100968,Company limited by Shares,Non-govt company,Private,06/07/2007,"395, Mall, Anmol Chowk, New Delhi, Delhi - 110011",Delhi,110011,falcon41@gmail.com,Unlisted,Active,1000000,854732,20/10/2025,31/03/2025,82990,Other business support activities n.e.c.,,No
U14101RJ2017PTC100150,Aastha Merchants Private Limited,ROC-JAIPUR,100151,Company limited by Shares,Non-govt company,Private,05/08/2017,"656, Heights, Zenith Chowk, Jaipur, Rajasthan - 302093",Rajasthan,302093,aastha93@gmail.com,Unlisted,Active,2000000,1609050,09/09/2025,31/03/2026,14101,Manufacture of wearing apparel,,No
U10610KA2011PTC100125,Om Developers Private Limited,ROC-BANGALORE,100126,Company limited by Shares,Non-govt company,Private,22/04/2011,"976, Tower, Prime Nagar, Bengaluru, Karnataka - 560017",Karnataka,560017,om45@gmail.com,Unlisted,Active - Non-compliant,2000000,1168377,09/11/2025,31/03/2025,10610,Manufacture of grain mill products,,No
U82990WB2008PTC100787,Rudra Commodities Private Limited,ROC-KOLKATA,100788,Company limited by Shares,Non-govt company,Private,02/09/2008,"71, Heights, Vishwa Chowk, Kolkata, West Bengal - 700078",West Bengal,700078,rudra41@gmail.com,Unlisted,Active,200000,122663,12/12/2025,31/03/2025,82990,Other business support activities n.e.c.,,No
U52290MH2025PTC100051,Anmol Constructions Private Limited,ROC-PUNE,100052,Company limited by Shares,Non-govt company,Private,06/06/2025,"896, Mall, Global Layout, Pune, Maharashtra - 411011",Maharashtra,411011,anmol53@rediffmail.com,Unlisted,Active,25000000,150000,24/05/2020,31/03/2020,52290,Other transportation support activities,RING-07,Yes
U45201GJ2022PTC100354,Trident Exports Private Limited,ROC-AHMEDABAD,100355,Company limited by Shares,Non-govt company,Private,21/10/2022,"8, Heights, Horizon Chowk, Ahmedabad, Gujarat - 380044",Gujarat,380044,trident94@gmail.com,Unlisted,Active,1000000,706467,13/12/2024,31/03/2024,45201,Maintenance and repair of motor vehicles,,No
U74999TN2015PTC100928,Infinity Logistics Private Limited,ROC-CHENNAI,100929,Company limited by Shares,Non-govt company,Private,19/06/2015,"698, Mall, Nova Chowk, Chennai, Tamil Nadu - 600031",Tamil Nadu,600031,infinity16@gmail.com,Unlisted,Active,5000000,4349303,13/08/2025,31/03/2025,74999,Other business support service activities n.e.c.,,No
U46900PB2008PLC100143,Silver Finance Limited,ROC-CHANDIGARH,100144,Company limited by Shares,Non-govt company,Public,10/07/2008,"948, Arcade, Aastha Chowk, Chandigarh, Punjab - 160048",Punjab,160048,silver40@gmail.com,Unlisted,Active - Non-compliant,100000,66554,24/11/2024,31/03/2024,46900,Wholesale trade (non-specialized),,No
U10610UP2014PTC100471,Vaibhav Merchants Private Limited,ROC-KANPUR,100472,Company limited by Shares,Non-govt company,Private,22/11/2014,"353, Heights, National Colony, Kanpur, Uttar Pradesh - 208018",Uttar Pradesh,208018,vaibhav32@gmail.com,Unlisted,Active,2000000,1181833,19/12/2025,31/03/2025,10610,Manufacture of grain mill products,,No
U52290HR2023PTC100400,Skyline Trading Private Limited,ROC-CHANDIGARH,100401,Company limited by Shares,Non-govt company,Private,16/08/2023,"852, Arcade, Sunrise Nagar, Gurugram, Haryana - 122075",Haryana,122075,skyline12@gmail.com,Unlisted,Active,2000000,1918974,07/10/2024,31/03/2024,52290,Other transportation support activities,,No
U62011HR2018PTC100626,Orion Merchants Private Limited,ROC-CHANDIGARH,100627,Company limited by Shares,Non-govt company,Private,28/11/2018,"499, Plaza, Vantage Marg, Gurugram, Haryana - 122056",Haryana,122056,orion61@gmail.com,Unlisted,Active,1000000,581101,14/07/2026,31/03/2026,62011,Computer programming activities,,No
U47190PB2007PTC100321,Diamond Pharma Private Limited,ROC-CHANDIGARH,100322,Company limited by Shares,Non-govt company,Private,14/08/2007,"601, Mall, Zenith Road, Chandigarh, Punjab - 160085",Punjab,160085,diamond33@gmail.com,Unlisted,Active,100000,74460,01/08/2024,31/03/2024,47190,Other retail sale in non-specialized stores,,No
U62011RJ2022PTC100020,Superior Realty Private Limited,ROC-JAIPUR,100021,Company limited by Shares,Non-govt company,Private,10/12/2022,"272, Complex, Continental Road, Jaipur, Rajasthan - 302041",Rajasthan,302041,superior92@rediffmail.com,Unlisted,Under Process of Striking Off,25000000,100000,,,62011,Computer programming activities,RING-03,Yes
U46900GJ2013PTC100810,Vikram Investments Private Limited,ROC-AHMEDABAD,100811,Company limited by Shares,Non-govt company,Private,26/03/2013,"880, Arcade, Universal Lane, Ahmedabad, Gujarat - 380010",Gujarat,380010,vikram58@gmail.com,Unlisted,Active,500000,345695,10/07/2025,31/03/2026,46900,Wholesale trade (non-specialized),,No
U70200UP2011PTC100791,Royal Foods Private Limited,ROC-KANPUR,100792,Company limited by Shares,Non-govt company,Private,30/10/2011,"252, Heights, Royal Layout, Kanpur, Uttar Pradesh - 208048",Uttar Pradesh,208048,royal60@gmail.com,Unlisted,Active,1000000,560148,07/08/2024,31/03/2024,70200,Management consultancy activities,,No
U46310MH2018PTC100809,Rudra Consultancy Private Limited,ROC-PUNE,100810,Company limited by Shares,Non-govt company,Private,25/05/2018,"620, Arcade, Vantage Lane, Pune, Maharashtra - 411017",Maharashtra,411017,rudra13@gmail.com,Unlisted,Active,2000000,1275917,13/10/2025,31/03/2025,46310,Wholesale of agricultural raw materials,,No
U14101MH2011PTC100408,Lakshmi Textiles Private Limited,ROC-MUMBAI,100409,Company limited by Shares,Non-govt company,Private,03/03/2011,"995, Plaza, Rudra Layout, Mumbai, Maharashtra - 400087",Maharashtra,400087,lakshmi90@gmail.com,Unlisted,Active - Non-compliant,1000000,699147,02/12/2025,31/03/2025,14101,Manufacture of wearing apparel,,No
U70200WB2011PTC100538,Vantage Investments Private Limited,ROC-KOLKATA,100539,Company limited by Shares,Non-govt company,Private,22/07/2011,"553, Mall, Pioneer Layout, Kolkata, West Bengal - 700076",West Bengal,700076,vantage19@gmail.com,Unlisted,Active,200000,108504,19/12/2024,31/03/2024,70200,Management consultancy activities,,No
U46900MH2024PLC100621,Nova Consultancy Limited,ROC-PUNE,100622,Company limited by Shares,Non-govt company,Public,17/12/2024,"821, Heights, Silver Lane, Pune, Maharashtra - 411080",Maharashtra,411080,nova10@gmail.com,Unlisted,Active,5000000,3989594,03/07/2025,31/03/2025,46900,Wholesale trade (non-specialized),,No
U68100MH2018PTC100039,Apex Merchants Private Limited,ROC-PUNE,100040,Company limited by Shares,Non-govt company,Private,18/12/2018,"411, Mall, Royal Marg, Pune, Maharashtra - 411029",Maharashtra,411029,apex86@rediffmail.com,Unlisted,Active - Non-compliant,50000000,200000,03/08/2019,31/03/2019,68100,Real estate activities with own/leased property,RING-06,Yes
U68100KA2024PLC100176,Diamond Finance Limited,ROC-BANGALORE,100177,Company limited by Shares,Non-govt company,Public,14/06/2024,"676, Arcade, Silver Colony, Bengaluru, Karnataka - 560068",Karnataka,560068,diamond86@gmail.com,Unlisted,Active,200000,121936,20/08/2025,31/03/2026,68100,Real estate activities with own/leased property,,No
U52290TG2011PTC100246,Vishwa Pharma Private Limited,ROC-HYDERABAD,100247,Company limited by Shares,Non-govt company,Private,18/07/2011,"97, Complex, Orion Colony, Hyderabad, Telangana - 500050",Telangana,500050,vishwa97@gmail.com,Unlisted,Active,5000000,4840792,25/08/2024,31/03/2024,52290,Other transportation support activities,,No
U14101KA2015PTC100829,Vikram Infra Private Limited,ROC-BANGALORE,100830,Company limited by Shares,Non-govt company,Private,15/02/2015,"416, Mall, Anmol Road, Bengaluru, Karnataka - 560099",Karnataka,560099,vikram36@gmail.com,Unlisted,Dormant,2000000,1381025,20/11/2024,31/03/2024,14101,Manufacture of wearing apparel,,No
U82990TN2011PTC100668,Universal Logistics Private Limited,ROC-CHENNAI,100669,Company limited by Shares,Non-govt company,Private,26/06/2011,"828, Tower, Elite Chowk, Chennai, Tamil Nadu - 600084",Tamil Nadu,600084,universal78@gmail.com,Unlisted,Active,1000000,759493,18/11/2025,31/03/2026,82990,Other business support activities n.e.c.,,No
U74999MH2005PTC100755,Falcon Services Private Limited,ROC-PUNE,100756,Company limited by Shares,Non-govt company,Private,12/01/2005,"917, Mall, Nova Chowk, Pune, Maharashtra - 411089",Maharashtra,411089,falcon60@gmail.com,Unlisted,Active,500000,386152,11/07/2024,31/03/2024,74999,Other business support service activities n.e.c.,,No
U46900HR2006PTC100859,Om Textiles Private Limited,ROC-CHANDIGARH,100860,Company limited by Shares,Non-govt company,Private,23/02/2006,"534, Chambers, Falcon Layout, Gurugram, Haryana - 122081",Haryana,122081,om88@gmail.com,Unlisted,Active,200000,100587,26/12/2025,31/03/2025,46900,Wholesale trade (non-specialized),,No
U10610PB2006PTC100155,Nova Systems Private Limited,ROC-CHANDIGARH,100156,Company limited by Shares,Non-govt company,Private,03/02/2006,"119, House, Diamond Nagar, Chandigarh, Punjab - 160025",Punjab,160025,nova80@gmail.com,Unlisted,Active,100000,83098,23/07/2026,31/03/2026,10610,Manufacture of grain mill products,,No
U82990MH2007PTC100288,Metro Merchants Private Limited,ROC-MUMBAI,100289,Company limited by Shares,Non-govt company,Private,28/06/2007,"757, Complex, Royal Street, Mumbai, Maharashtra - 400018",Maharashtra,400018,metro26@gmail.com,Unlisted,Active,500000,392275,22/08/2024,31/03/2024,82990,Other business support activities n.e.c.,,No
U82990DL2016PLC100603,Vardhan Infra Limited,ROC-DELHI,100604,Company limited by Shares,Non-govt company,Public,06/08/2016,"150, Tower, Krishna Road, New Delhi, Delhi - 110011",Delhi,110011,vardhan33@gmail.com,Unlisted,Active,2000000,1924153,06/08/2024,31/03/2024,82990,Other business support activities n.e.c.,,No
U74999TG2005PTC100570,Apex Overseas Private Limited,ROC-HYDERABAD,100571,Company limited by Shares,Non-govt company,Private,25/09/2005,"392, Chambers, Anmol Road, Hyderabad, Telangana - 500060",Telangana,500060,apex16@gmail.com,Unlisted,Active,200000,161861,15/12/2024,31/03/2024,74999,Other business support service activities n.e.c.,,No
U14101WB2015PTC100744,Vardhan Ventures Private Limited,ROC-KOLKATA,100745,Company limited by Shares,Non-govt company,Private,23/06/2015,"737, House, Universal Street, Kolkata, West Bengal - 700070",West Bengal,700070,vardhan61@gmail.com,Unlisted,Active,500000,272204,04/12/2025,31/03/2026,14101,Manufacture of wearing apparel,,No
U70200RJ2022PTC100018,Superior Impex Private Limited,ROC-JAIPUR,100019,Company limited by Shares,Non-govt company,Private,11/12/2022,"272, Complex, Continental Road, Jaipur, Rajasthan - 302041",Rajasthan,302041,superior23@rediffmail.com,Unlisted,Active,10000000,200000,,,70200,Management consultancy activities,RING-03,Yes
U68100WB2007PTC100128,Universal Overseas Private Limited,ROC-KOLKATA,100129,Company limited by Shares,Non-govt company,Private,19/12/2007,"377, Arcade, Prime Nagar, Kolkata, West Bengal - 700027",West Bengal,700027,universal92@gmail.com,Unlisted,Active,100000,61447,11/07/2026,31/03/2026,68100,Real estate activities with own/leased property,,No
U52290PB2026PTC100323,Shree Realty Private Limited,ROC-CHANDIGARH,100324,Company limited by Shares,Non-govt company,Private,23/03/2026,"321, Heights, Lakshmi Lane, Chandigarh, Punjab - 160098",Punjab,160098,shree22@gmail.com,Unlisted,Active,500000,414789,23/10/2024,31/03/2024,52290,Other transportation support activities,,No
U41001UP2017PTC100256,Vantage Consultancy Private Limited,ROC-KANPUR,100257,Company limited by Shares,Non-govt company,Private,13/04/2017,"986, Mall, Zenith Nagar, Kanpur, Uttar Pradesh - 208082",Uttar Pradesh,208082,vantage90@gmail.com,Unlisted,Active,100000,81392,22/08/2025,31/03/2026,41001,Construction of residential/commercial buildings,,No
U41001PB2008PTC100658,Superior Developers Private Limited,ROC-CHANDIGARH,100659,Company limited by Shares,Non-govt company,Private,15/07/2008,"156, Heights, Sunrise Nagar, Chandigarh, Punjab - 160039",Punjab,160039,superior65@gmail.com,Unlisted,Active,2000000,1285837,02/08/2025,31/03/2025,41001,Construction of residential/commercial buildings,,No
U14101RJ2014PTC100965,Nova Merchants Private Limited,ROC-JAIPUR,100966,Company limited by Shares,Non-govt company,Private,19/10/2014,"406, Heights, Royal Street, Jaipur, Rajasthan - 302089",Rajasthan,302089,nova51@gmail.com,Unlisted,Active,5000000,2900414,21/08/2025,31/03/2025,14101,Manufacture of wearing apparel,,No
U62011MH2012PTC100191,Apex Trading Private Limited,ROC-PUNE,100192,Company limited by Shares,Non-govt company,Private,01/09/2012,"811, Plaza, Bharat Road, Pune, Maharashtra - 411028",Maharashtra,411028,apex17@gmail.com,Unlisted,Active,500000,446431,23/10/2025,31/03/2025,62011,Computer programming activities,,No
U63990MH2018PTC100116,Continental Constructions Private Limited,ROC-PUNE,100117,Company limited by Shares,Non-govt company,Private,01/06/2018,"87, Chambers, Vardhan Street, Pune, Maharashtra - 411097",Maharashtra,411097,continental58@gmail.com,Unlisted,Active,500000,465929,25/10/2025,31/03/2025,63990,Other information service activities n.e.c.,,No
U14101UP2013PTC100617,Vikram Systems Private Limited,ROC-KANPUR,100618,Company limited by Shares,Non-govt company,Private,21/05/2013,"61, House, Radiant Marg, Kanpur, Uttar Pradesh - 208092",Uttar Pradesh,208092,vikram12@gmail.com,Unlisted,Active,2000000,1340467,02/07/2025,31/03/2025,14101,Manufacture of wearing apparel,,No
U10610WB2016PLC100607,Platinum Overseas Limited,ROC-KOLKATA,100608,Company limited by Shares,Non-govt company,Public,16/09/2016,"6, Heights, Prime Road, Kolkata, West Bengal - 700069",West Bengal,700069,platinum56@gmail.com,Unlisted,Active,2000000,1831037,28/11/2025,31/03/2026,10610,Manufacture of grain mill products,,No
U52290TG2014PTC100181,Vardhan Trading Private Limited,ROC-HYDERABAD,100182,Company limited by Shares,Non-govt company,Private,18/02/2014,"526, Arcade, Orion Chowk, Hyderabad, Telangana - 500098",Telangana,500098,vardhan66@gmail.com,Unlisted,Active,100000,77931,26/07/2025,31/03/2025,52290,Other transportation support activities,,No
U68100KA2024PLC100302,Meridian Foods Limited,ROC-BANGALORE,100303,Company limited by Shares,Non-govt company,Public,20/09/2024,"718, Arcade, Infinity Street, Bengaluru, Karnataka - 560063",Karnataka,560063,meridian41@gmail.com,Unlisted,Active,1000000,731347,12/10/2025,31/03/2026,68100,Real estate activities with own/leased property,,No
U10610TG2022PTC100760,Golden Realty Private Limited,ROC-HYDERABAD,100761,Company limited by Shares,Non-govt company,Private,09/01/2022,"758, Arcade, Sai Street, Hyderabad, Telangana - 500057",Telangana,500057,golden72@gmail.com,Unlisted,Active,1000000,961424,03/10/2025,31/03/2026,10610,Manufacture of grain mill products,,No
U14101WB2026PTC100713,Nova Impex Private Limited,ROC-KOLKATA,100714,Company limited by Shares,Non-govt company,Private,22/01/2026,"752, House, Sai Street, Kolkata, West Bengal - 700047",West Bengal,700047,nova47@gmail.com,Unlisted,Active,100000,88121,08/08/2025,31/03/2025,14101,Manufacture of wearing apparel,,No
U10610TN2024PTC100724,Vikram Textiles Private Limited,ROC-CHENNAI,100725,Company limited by Shares,Non-govt company,Private,24/09/2024,"930, Complex, Om Road, Chennai, Tamil Nadu - 600028",Tamil Nadu,600028,vikram41@gmail.com,Unlisted,Active,100000,72216,11/10/2024,31/03/2024,10610,Manufacture of grain mill products,,No
U14101MH2005PLC100686,Platinum Textiles Limited,ROC-PUNE,100687,Company limited by Shares,Non-govt company,Public,24/06/2005,"739, Plaza, Metro Chowk, Pune, Maharashtra - 411036",Maharashtra,411036,platinum85@gmail.com,Unlisted,Dormant,1000000,903022,25/09/2025,31/03/2026,14101,Manufacture of wearing apparel,,No
U46900HR2017PLC100980,Apex Logistics Limited,ROC-CHANDIGARH,100981,Company limited by Shares,Non-govt company,Public,16/08/2017,"693, Plaza, Infinity Road, Gurugram, Haryana - 122068",Haryana,122068,apex87@gmail.com,Unlisted,Active,200000,194694,11/09/2025,31/03/2026,46900,Wholesale trade (non-specialized),,No
U63990HR2025PTC100518,Rudra Logistics Private Limited,ROC-CHANDIGARH,100519,Company limited by Shares,Non-govt company,Private,14/07/2025,"897, Heights, Apex Marg, Gurugram, Haryana - 122027",Haryana,122027,rudra40@gmail.com,Unlisted,Active,2000000,1868133,16/07/2025,31/03/2026,63990,Other information service activities n.e.c.,,No
U47190TN2025PTC100985,Platinum Developers Private Limited,ROC-CHENNAI,100986,Company limited by Shares,Non-govt company,Private,17/02/2025,"244, Heights, Vinayak Chowk, Chennai, Tamil Nadu - 600020",Tamil Nadu,600020,platinum61@gmail.com,Unlisted,Dormant,200000,176096,12/12/2024,31/03/2024,47190,Other retail sale in non-specialized stores,,No
U62011MH2025PTC100046,Anmol Overseas Private Limited,ROC-PUNE,100047,Company limited by Shares,Non-govt company,Private,25/05/2025,"896, Mall, Global Layout, Pune, Maharashtra - 411011",Maharashtra,411011,anmol97@rediffmail.com,Unlisted,Active - Non-compliant,50000000,100000,,,62011,Computer programming activities,RING-07,Yes
U46900KA2014PTC100910,Continental Retail Private Limited,ROC-BANGALORE,100911,Company limited by Shares,Non-govt company,Private,21/02/2014,"277, Tower, Capital Lane, Bengaluru, Karnataka - 560054",Karnataka,560054,continental23@gmail.com,Unlisted,Active,1000000,528896,07/11/2024,31/03/2024,46900,Wholesale trade (non-specialized),,No
U63990HR2024PTC100158,Trident Services Private Limited,ROC-CHANDIGARH,100159,Company limited by Shares,Non-govt company,Private,16/11/2024,"427, Mall, Vardhan Layout, Gurugram, Haryana - 122033",Haryana,122033,trident88@gmail.com,Unlisted,Active,200000,111305,04/08/2026,31/03/2026,63990,Other information service activities n.e.c.,,No
U64990GJ2023PTC100852,Vinayak Commodities Private Limited,ROC-AHMEDABAD,100853,Company limited by Shares,Non-govt company,Private,29/06/2023,"817, Tower, Universal Street, Ahmedabad, Gujarat - 380040",Gujarat,380040,vinayak94@gmail.com,Unlisted,Active,1000000,810220,03/08/2025,31/03/2025,64990,Other financial service activities n.e.c.,,No
U10610TN2019PTC100172,Radiant Constructions Private Limited,ROC-CHENNAI,100173,Company limited by Shares,Non-govt company,Private,25/06/2019,"908, Tower, Anmol Road, Chennai, Tamil Nadu - 600012",Tamil Nadu,600012,radiant74@gmail.com,Unlisted,Active,100000,92089,24/09/2025,31/03/2026,10610,Manufacture of grain mill products,,No
U41001RJ2022PTC100017,Superior Enterprises Private Limited,ROC-JAIPUR,100018,Company limited by Shares,Non-govt company,Private,20/12/2022,"272, Complex, Continental Road, Jaipur, Rajasthan - 302041",Rajasthan,302041,superior24@rediffmail.com,Unlisted,Active - Non-compliant,25000000,150000,01/09/2020,31/03/2020,41001,Construction of residential/commercial buildings,RING-03,Yes
U62011TN2009PLC100512,Everest Trading Limited,ROC-CHENNAI,100513,Company limited by Shares,Non-govt company,Public,13/05/2009,"939, Chambers, Shree Road, Chennai, Tamil Nadu - 600030",Tamil Nadu,600030,everest14@gmail.com,Unlisted,Active,2000000,1193664,09/11/2025,31/03/2026,62011,Computer programming activities,,No
U70200MH2025PTC100049,Anmol Agro Private Limited,ROC-PUNE,100050,Company limited by Shares,Non-govt company,Private,05/05/2025,"896, Mall, Global Layout, Pune, Maharashtra - 411011",Maharashtra,411011,anmol55@rediffmail.com,Unlisted,Under Process of Striking Off,100000000,100000,20/04/2021,31/03/2021,70200,Management consultancy activities,RING-07,Yes
U82990WB2014PLC100972,Platinum Logistics Limited,ROC-KOLKATA,100973,Company limited by Shares,Non-govt company,Public,02/12/2014,"1, Heights, Meridian Layout, Kolkata, West Bengal - 700014",West Bengal,700014,platinum23@gmail.com,Unlisted,Active,500000,331284,13/07/2026,31/03/2026,82990,Other business support activities n.e.c.,,No
U47190MH2021PTC100941,Pioneer Systems Private Limited,ROC-MUMBAI,100942,Company limited by Shares,Non-govt company,Private,08/06/2021,"513, Tower, Orion Lane, Mumbai, Maharashtra - 400014",Maharashtra,400014,pioneer45@gmail.com,Unlisted,Active,100000,86633,17/11/2025,31/03/2025,47190,Other retail sale in non-specialized stores,,No
U82990UP2018PTC100516,Pioneer Impex Private Limited,ROC-KANPUR,100517,Company limited by Shares,Non-govt company,Private,06/08/2018,"622, Chambers, Vaibhav Chowk, Kanpur, Uttar Pradesh - 208014",Uttar Pradesh,208014,pioneer60@gmail.com,Unlisted,Active,500000,289348,16/07/2024,31/03/2024,82990,Other business support activities n.e.c.,,No
U70200RJ2018PTC100953,Vishwa Developers Private Limited,ROC-JAIPUR,100954,Company limited by Shares,Non-govt company,Private,03/04/2018,"110, Plaza, Om Layout, Jaipur, Rajasthan - 302069",Rajasthan,302069,vishwa10@gmail.com,Unlisted,Active,2000000,1252325,26/10/2025,31/03/2026,70200,Management consultancy activities,,No
U63990DL2019PTC100481,Pioneer Trading Private Limited,ROC-DELHI,100482,Company limited by Shares,Non-govt company,Private,12/06/2019,"161, Mall, Vikram Colony, New Delhi, Delhi - 110023",Delhi,110023,pioneer45@gmail.com,Unlisted,Active,1000000,539354,18/10/2025,31/03/2026,63990,Other information service activities n.e.c.,,No
U46900DL2009PLC100284,Om Finance Limited,ROC-DELHI,100285,Company limited by Shares,Non-govt company,Public,26/01/2009,"915, Heights, Nova Nagar, New Delhi, Delhi - 110025",Delhi,110025,om16@gmail.com,Unlisted,Active,5000000,2646254,14/08/2025,31/03/2025,46900,Wholesale trade (non-specialized),,No
U45201MH2013PLC100719,Capital Services Limited,ROC-MUMBAI,100720,Company limited by Shares,Non-govt company,Public,22/12/2013,"964, Plaza, Pioneer Lane, Mumbai, Maharashtra - 400036",Maharashtra,400036,capital33@gmail.com,Unlisted,Active,200000,144564,01/12/2025,31/03/2025,45201,Maintenance and repair of motor vehicles,,No
U82990MH2020PTC100878,Skyline Retail Private Limited,ROC-MUMBAI,100879,Company limited by Shares,Non-govt company,Private,15/09/2020,"88, Arcade, Shakti Layout, Mumbai, Maharashtra - 400020",Maharashtra,400020,skyline20@gmail.com,Unlisted,Active,5000000,2555622,02/11/2025,31/03/2025,82990,Other business support activities n.e.c.,,No
U74999KA2009PTC100226,Meridian Foods Private Limited,ROC-BANGALORE,100227,Company limited by Shares,Non-govt company,Private,13/01/2009,"101, Tower, Vinayak Layout, Bengaluru, Karnataka - 560054",Karnataka,560054,meridian38@gmail.com,Unlisted,Active,2000000,1010577,14/07/2026,31/03/2026,74999,Other business support service activities n.e.c.,,No
U68100UP2024PTC100027,Pioneer Retail Private Limited,ROC-KANPUR,100028,Company limited by Shares,Non-govt company,Private,03/07/2024,"309, House, Falcon Marg, Kanpur, Uttar Pradesh - 208048",Uttar Pradesh,208048,pioneer79@rediffmail.com,Unlisted,Active - Non-compliant,25000000,200000,24/09/2020,31/03/2020,68100,Real estate activities with own/leased property,RING-04,Yes
U41001DL2021PTC100955,Zenith Solutions Private Limited,ROC-DELHI,100956,Company limited by Shares,Non-govt company,Private,18/03/2021,"879, Heights, Aastha Lane, New Delhi, Delhi - 110089",Delhi,110089,zenith29@gmail.com,Unlisted,Active,200000,179277,13/11/2025,31/03/2025,41001,Construction of residential/commercial buildings,,No
U14101UP2015PTC100438,Vinayak Systems Private Limited,ROC-KANPUR,100439,Company limited by Shares,Non-govt company,Private,08/04/2015,"591, Complex, Metro Street, Kanpur, Uttar Pradesh - 208036",Uttar Pradesh,208036,vinayak49@gmail.com,Unlisted,Active,5000000,3000828,28/12/2025,31/03/2025,14101,Manufacture of wearing apparel,,No
U14101TG2020PLC100952,Continental Realty Limited,ROC-HYDERABAD,100953,Company limited by Shares,Non-govt company,Public,06/10/2020,"702, Plaza, National Marg, Hyderabad, Telangana - 500078",Telangana,500078,continental87@gmail.com,Unlisted,Active,2000000,1045473,03/08/2025,31/03/2025,14101,Manufacture of wearing apparel,,No
U10610RJ2024PLC100365,Superior Chemicals Limited,ROC-JAIPUR,100366,Company limited by Shares,Non-govt company,Public,19/06/2024,"315, Tower, Apex Layout, Jaipur, Rajasthan - 302023",Rajasthan,302023,superior24@gmail.com,Unlisted,Active,2000000,1203020,22/08/2025,31/03/2026,10610,Manufacture of grain mill products,,No
U63990RJ2023PTC100230,Suvidha Agro Private Limited,ROC-JAIPUR,100231,Company limited by Shares,Non-govt company,Private,18/09/2023,"807, Plaza, Infinity Road, Jaipur, Rajasthan - 302037",Rajasthan,302037,suvidha93@gmail.com,Unlisted,Active,1000000,983287,11/07/2025,31/03/2025,63990,Other information service activities n.e.c.,,No
U70200MH2018PTC100038,Apex Consultancy Private Limited,ROC-PUNE,100039,Company limited by Shares,Non-govt company,Private,16/12/2018,"411, Mall, Royal Marg, Pune, Maharashtra - 411029",Maharashtra,411029,apex39@rediffmail.com,Unlisted,Active - Non-compliant,20000000,200000,22/02/2019,31/03/2019,70200,Management consultancy activities,RING-06,Yes
U41001TN2024PTC100966,Rudra Impex Private Limited,ROC-CHENNAI,100967,Company limited by Shares,Non-govt company,Private,03/09/2024,"138, Complex, Vertex Colony, Chennai, Tamil Nadu - 600014",Tamil Nadu,600014,rudra29@gmail.com,Unlisted,Active,200000,169008,15/07/2025,31/03/2025,41001,Construction of residential/commercial buildings,,No
U64990MH2019PTC100375,Golden Impex Private Limited,ROC-MUMBAI,100376,Company limited by Shares,Non-govt company,Private,30/09/2019,"684, Tower, Ganesh Layout, Mumbai, Maharashtra - 400057",Maharashtra,400057,golden95@gmail.com,Unlisted,Active,200000,151151,10/09/2025,31/03/2026,64990,Other financial service activities n.e.c.,,No
U70200GJ2011PTC100470,Trident Foods Private Limited,ROC-AHMEDABAD,100471,Company limited by Shares,Non-govt company,Private,02/07/2011,"122, House, Silver Layout, Ahmedabad, Gujarat - 380099",Gujarat,380099,trident45@gmail.com,Unlisted,Active,100000,90116,14/08/2026,31/03/2026,70200,Management consultancy activities,,No
U74999PB2021PTC100968,Orion Agro Private Limited,ROC-CHANDIGARH,100969,Company limited by Shares,Non-govt company,Private,22/06/2021,"417, Arcade, Apex Nagar, Chandigarh, Punjab - 160098",Punjab,160098,orion31@gmail.com,Unlisted,Active,2000000,1027469,16/07/2024,31/03/2024,74999,Other business support service activities n.e.c.,,No
U70200GJ2012PLC100851,Apex Overseas Limited,ROC-AHMEDABAD,100852,Company limited by Shares,Non-govt company,Public,23/01/2012,"248, Plaza, Royal Nagar, Ahmedabad, Gujarat - 380027",Gujarat,380027,apex52@gmail.com,Unlisted,Active,5000000,4471172,01/12/2024,31/03/2024,70200,Management consultancy activities,,No
U63990KA2018PTC100705,Everest Realty Private Limited,ROC-BANGALORE,100706,Company limited by Shares,Non-govt company,Private,28/02/2018,"284, House, Orion Marg, Bengaluru, Karnataka - 560061",Karnataka,560061,everest61@gmail.com,Unlisted,Active,500000,375110,17/11/2025,31/03/2026,63990,Other information service activities n.e.c.,,No
U45201WB2015PTC100842,Vikram Developers Private Limited,ROC-KOLKATA,100843,Company limited by Shares,Non-govt company,Private,18/04/2015,"849, Tower, Krishna Colony, Kolkata, West Bengal - 700097",West Bengal,700097,vikram80@gmail.com,Unlisted,Active,5000000,4953481,03/08/2025,31/03/2026,45201,Maintenance and repair of motor vehicles,,No
U47190UP2012PTC100195,Pioneer Foods Private Limited,ROC-KANPUR,100196,Company limited by Shares,Non-govt company,Private,23/03/2012,"110, Mall, Metro Road, Kanpur, Uttar Pradesh - 208014",Uttar Pradesh,208014,pioneer83@gmail.com,Unlisted,Active,100000,76160,07/07/2025,31/03/2026,47190,Other retail sale in non-specialized stores,,No
U64990UP2023PTC100855,Emerald Realty Private Limited,ROC-KANPUR,100856,Company limited by Shares,Non-govt company,Private,07/12/2023,"319, Heights, Krishna Colony, Kanpur, Uttar Pradesh - 208088",Uttar Pradesh,208088,emerald85@gmail.com,Unlisted,Active - Non-compliant,2000000,1597712,02/10/2024,31/03/2024,64990,Other financial service activities n.e.c.,,No
U10610KA2017PTC100865,Nova Chemicals Private Limited,ROC-BANGALORE,100866,Company limited by Shares,Non-govt company,Private,30/01/2017,"565, Chambers, Shree Marg, Bengaluru, Karnataka - 560045",Karnataka,560045,nova79@gmail.com,Unlisted,Active,1000000,796577,13/08/2026,31/03/2026,10610,Manufacture of grain mill products,,No
U10610GJ2024PLC100504,Apex Distributors Limited,ROC-AHMEDABAD,100505,Company limited by Shares,Non-govt company,Public,30/01/2024,"897, Heights, Sunrise Marg, Ahmedabad, Gujarat - 380073",Gujarat,380073,apex74@gmail.com,Unlisted,Active,1000000,511513,26/10/2025,31/03/2026,10610,Manufacture of grain mill products,,No
U82990DL2014PTC100970,Sunrise Foods Private Limited,ROC-DELHI,100971,Company limited by Shares,Non-govt company,Private,07/10/2014,"412, Plaza, Horizon Road, New Delhi, Delhi - 110066",Delhi,110066,sunrise45@gmail.com,Unlisted,Active,200000,146300,06/11/2024,31/03/2024,82990,Other business support activities n.e.c.,,No
U82990MH2009PTC100831,Vantage Foods Private Limited,ROC-PUNE,100832,Company limited by Shares,Non-govt company,Private,16/10/2009,"489, Arcade, Platinum Colony, Pune, Maharashtra - 411055",Maharashtra,411055,vantage74@gmail.com,Unlisted,Active,500000,297733,07/12/2025,31/03/2026,82990,Other business support activities n.e.c.,,No
U46900TN2007PTC100580,Universal Services Private Limited,ROC-CHENNAI,100581,Company limited by Shares,Non-govt company,Private,02/10/2007,"103, Mall, Infinity Chowk, Chennai, Tamil Nadu - 600021",Tamil Nadu,600021,universal72@gmail.com,Unlisted,Active,200000,102664,08/11/2025,31/03/2025,46900,Wholesale trade (non-specialized),,No
U46310TG2008PTC100969,Silver Retail Private Limited,ROC-HYDERABAD,100970,Company limited by Shares,Non-govt company,Private,02/08/2008,"516, Chambers, Platinum Layout, Hyderabad, Telangana - 500091",Telangana,500091,silver48@gmail.com,Unlisted,Active,200000,169631,11/07/2024,31/03/2024,46310,Wholesale of agricultural raw materials,,No
U68100KA2011PLC100163,Zenith Chemicals Limited,ROC-BANGALORE,100164,Company limited by Shares,Non-govt company,Public,07/08/2011,"864, Heights, Rudra Lane, Bengaluru, Karnataka - 560035",Karnataka,560035,zenith36@gmail.com,Unlisted,Active,200000,113818,10/11/2024,31/03/2024,68100,Real estate activities with own/leased property,,No
U68100MH2013PTC100909,Diamond Distributors Private Limited,ROC-PUNE,100910,Company limited by Shares,Non-govt company,Private,06/08/2013,"612, Complex, Meridian Colony, Pune, Maharashtra - 411050",Maharashtra,411050,diamond97@gmail.com,Unlisted,Active,2000000,1790577,23/10/2025,31/03/2026,68100,Real estate activities with own/leased property,,No
U68100PB2005PTC100153,Golden Foods Private Limited,ROC-CHANDIGARH,100154,Company limited by Shares,Non-govt company,Private,08/02/2005,"805, Tower, Prime Nagar, Chandigarh, Punjab - 160091",Punjab,160091,golden64@gmail.com,Unlisted,Active,500000,302345,16/08/2024,31/03/2024,68100,Real estate activities with own/leased property,,No
U47190DL2009PTC100802,Elite Distributors Private Limited,ROC-DELHI,100803,Company limited by Shares,Non-govt company,Private,31/08/2009,"792, Mall, Infinity Street, New Delhi, Delhi - 110051",Delhi,110051,elite92@gmail.com,Unlisted,Active - Non-compliant,200000,197921,26/09/2025,31/03/2026,47190,Other retail sale in non-specialized stores,,No
U41001MH2020PTC100994,Om Infra Private Limited,ROC-MUMBAI,100995,Company limited by Shares,Non-govt company,Private,23/02/2020,"166, Arcade, Everest Layout, Mumbai, Maharashtra - 400055",Maharashtra,400055,om63@gmail.com,Unlisted,Active,5000000,4288683,21/12/2025,31/03/2026,41001,Construction of residential/commercial buildings,,No
U63990TN2005PTC100756,Universal Constructions Private Limited,ROC-CHENNAI,100757,Company limited by Shares,Non-govt company,Private,31/05/2005,"84, Plaza, Vinayak Lane, Chennai, Tamil Nadu - 600085",Tamil Nadu,600085,universal58@gmail.com,Unlisted,Active,200000,160420,06/08/2024,31/03/2024,63990,Other information service activities n.e.c.,,No
U46900TN2023PTC100112,Anmol Chemicals Private Limited,ROC-CHENNAI,100113,Company limited by Shares,Non-govt company,Private,07/06/2023,"387, Plaza, Royal Lane, Chennai, Tamil Nadu - 600085",Tamil Nadu,600085,anmol22@rediffmail.com,Unlisted,Active,10000000,150000,28/10/2021,31/03/2021,46900,Wholesale trade (non-specialized),RING-16,Yes
U41001PB2023PTC100227,Vikram Traders Private Limited,ROC-CHANDIGARH,100228,Company limited by Shares,Non-govt company,Private,06/01/2023,"655, Mall, Zenith Nagar, Chandigarh, Punjab - 160098",Punjab,160098,vikram95@gmail.com,Unlisted,Active,100000,84782,03/12/2025,31/03/2025,41001,Construction of residential/commercial buildings,,No
U10610HR2023PTC100689,Skyline Exports Private Limited,ROC-CHANDIGARH,100690,Company limited by Shares,Non-govt company,Private,01/08/2023,"705, House, Capital Marg, Gurugram, Haryana - 122070",Haryana,122070,skyline11@gmail.com,Unlisted,Active,100000,51772,04/10/2024,31/03/2024,10610,Manufacture of grain mill products,,No
U10610GJ2020PTC100104,Anmol Distributors Private Limited,ROC-AHMEDABAD,100105,Company limited by Shares,Non-govt company,Private,28/12/2020,"772, Arcade, Bharat Chowk, Ahmedabad, Gujarat - 380084",Gujarat,380084,anmol94@rediffmail.com,Unlisted,Active,25000000,150000,,,10610,Manufacture of grain mill products,RING-15,Yes
U14101MH2006PTC100422,Aastha Overseas Private Limited,ROC-MUMBAI,100423,Company limited by Shares,Non-govt company,Private,06/10/2006,"299, Heights, Diamond Layout, Mumbai, Maharashtra - 400013",Maharashtra,400013,aastha29@gmail.com,Unlisted,Active,1000000,780662,10/09/2025,31/03/2026,14101,Manufacture of wearing apparel,,No
U62011PB2025PTC100420,Vishal Traders Private Limited,ROC-CHANDIGARH,100421,Company limited by Shares,Non-govt company,Private,18/06/2025,"553, Chambers, Vaibhav Marg, Chandigarh, Punjab - 160057",Punjab,160057,vishal83@gmail.com,Unlisted,Active,100000,89682,17/11/2025,31/03/2025,62011,Computer programming activities,,No
U14101TN2020PTC100751,Shree Foods Private Limited,ROC-CHENNAI,100752,Company limited by Shares,Non-govt company,Private,29/11/2020,"584, Mall, Emerald Nagar, Chennai, Tamil Nadu - 600087",Tamil Nadu,600087,shree23@gmail.com,Unlisted,Active,200000,105561,01/08/2025,31/03/2025,14101,Manufacture of wearing apparel,,No
U74999UP2018PTC100587,Vishwa Enterprises Private Limited,ROC-KANPUR,100588,Company limited by Shares,Non-govt company,Private,17/03/2018,"438, Plaza, Radiant Lane, Kanpur, Uttar Pradesh - 208032",Uttar Pradesh,208032,vishwa72@gmail.com,Unlisted,Active,200000,171338,12/07/2025,31/03/2026,74999,Other business support service activities n.e.c.,,No
U52290UP2018PTC100781,Radiant Foods Private Limited,ROC-KANPUR,100782,Company limited by Shares,Non-govt company,Private,23/04/2018,"702, Plaza, Diamond Lane, Kanpur, Uttar Pradesh - 208069",Uttar Pradesh,208069,radiant75@gmail.com,Unlisted,Active,100000,99441,20/11/2024,31/03/2024,52290,Other transportation support activities,,No
U82990MH2020PTC100673,Continental Infra Private Limited,ROC-PUNE,100674,Company limited by Shares,Non-govt company,Private,25/09/2020,"190, Tower, Royal Layout, Pune, Maharashtra - 411040",Maharashtra,411040,continental91@gmail.com,Unlisted,Active,2000000,1056356,22/08/2025,31/03/2025,82990,Other business support activities n.e.c.,,No
U74999MH2008PLC100120,Universal Merchants Limited,ROC-PUNE,100121,Company limited by Shares,Non-govt company,Public,06/03/2008,"488, Tower, Diamond Layout, Pune, Maharashtra - 411050",Maharashtra,411050,universal18@gmail.com,Unlisted,Active,500000,335766,12/10/2024,31/03/2024,74999,Other business support service activities n.e.c.,,No
U52290HR2024PLC100054,Infinity Exports Limited,ROC-CHANDIGARH,100055,Company limited by Shares,Non-govt company,Public,04/02/2024,"691, House, Falcon Colony, Gurugram, Haryana - 122021",Haryana,122021,infinity25@rediffmail.com,Unlisted,Active - Non-compliant,25000000,100000,,,52290,Other transportation support activities,RING-08,Yes
U68100TN2007PTC100152,Ganesh Agro Private Limited,ROC-CHENNAI,100153,Company limited by Shares,Non-govt company,Private,23/08/2007,"911, Chambers, Vantage Road, Chennai, Tamil Nadu - 600097",Tamil Nadu,600097,ganesh58@gmail.com,Unlisted,Active,100000,93319,16/07/2024,31/03/2024,68100,Real estate activities with own/leased property,,No
U46900DL2015PTC100404,Silver Solutions Private Limited,ROC-DELHI,100405,Company limited by Shares,Non-govt company,Private,18/08/2015,"719, Chambers, Metro Road, New Delhi, Delhi - 110078",Delhi,110078,silver68@gmail.com,Unlisted,Active,500000,354075,10/07/2026,31/03/2026,46900,Wholesale trade (non-specialized),,No
U70200MH2018PTC100946,Pioneer Realty Private Limited,ROC-PUNE,100947,Company limited by Shares,Non-govt company,Private,18/10/2018,"109, Mall, Vardhan Nagar, Pune, Maharashtra - 411050",Maharashtra,411050,pioneer44@gmail.com,Unlisted,Active - Non-compliant,2000000,1936838,09/12/2024,31/03/2024,70200,Management consultancy activities,,No
U68100HR2012PTC100208,Orion Impex Private Limited,ROC-CHANDIGARH,100209,Company limited by Shares,Non-govt company,Private,03/04/2012,"93, Arcade, Sunrise Street, Gurugram, Haryana - 122025",Haryana,122025,orion21@gmail.com,Unlisted,Active,100000,58943,15/08/2024,31/03/2024,68100,Real estate activities with own/leased property,,No
U64990MH2007PTC100659,Suvidha Commodities Private Limited,ROC-MUMBAI,100660,Company limited by Shares,Non-govt company,Private,07/03/2007,"280, Chambers, Rudra Street, Mumbai, Maharashtra - 400018",Maharashtra,400018,suvidha92@gmail.com,Unlisted,Active,200000,172385,02/07/2024,31/03/2024,64990,Other financial service activities n.e.c.,,No
U10610HR2011PTC100844,Orion Finance Private Limited,ROC-CHANDIGARH,100845,Company limited by Shares,Non-govt company,Private,16/07/2011,"332, Heights, Shakti Layout, Gurugram, Haryana - 122071",Haryana,122071,orion69@gmail.com,Unlisted,Active,2000000,1241837,05/07/2024,31/03/2024,10610,Manufacture of grain mill products,,No
U62011GJ2021PTC100763,Diamond Overseas Private Limited,ROC-AHMEDABAD,100764,Company limited by Shares,Non-govt company,Private,30/12/2021,"73, Heights, Metro Marg, Ahmedabad, Gujarat - 380018",Gujarat,380018,diamond66@gmail.com,Unlisted,Active,1000000,508017,01/09/2025,31/03/2026,62011,Computer programming activities,,No
U46310RJ2019PTC100009,Vantage Developers Private Limited,ROC-JAIPUR,100010,Company limited by Shares,Non-govt company,Private,09/10/2019,"935, Tower, Vishwa Chowk, Jaipur, Rajasthan - 302091",Rajasthan,302091,vantage52@rediffmail.com,Unlisted,Active,10000000,150000,,,46310,Wholesale of agricultural raw materials,RING-02,Yes
U46900UP2024PTC100808,Apex Exports Private Limited,ROC-KANPUR,100809,Company limited by Shares,Non-govt company,Private,02/09/2024,"53, House, Lakshmi Nagar, Kanpur, Uttar Pradesh - 208094",Uttar Pradesh,208094,apex33@gmail.com,Unlisted,Active,100000,85499,11/08/2025,31/03/2025,46900,Wholesale trade (non-specialized),,No
U70200MH2018PTC100037,Apex Agro Private Limited,ROC-PUNE,100038,Company limited by Shares,Non-govt company,Private,02/01/2019,"411, Mall, Royal Marg, Pune, Maharashtra - 411029",Maharashtra,411029,apex43@rediffmail.com,Unlisted,Active - Non-compliant,100000000,100000,07/11/2020,31/03/2020,70200,Management consultancy activities,RING-06,Yes
U10610DL2009PTC100453,Silver Foods Private Limited,ROC-DELHI,100454,Company limited by Shares,Non-govt company,Private,04/04/2009,"574, Complex, Infinity Road, New Delhi, Delhi - 110035",Delhi,110035,silver21@gmail.com,Unlisted,Active,500000,477207,25/09/2024,31/03/2024,10610,Manufacture of grain mill products,,No
U46900MH2009PTC100652,Golden Textiles Private Limited,ROC-MUMBAI,100653,Company limited by Shares,Non-govt company,Private,22/09/2009,"265, Mall, Silver Lane, Mumbai, Maharashtra - 400013",Maharashtra,400013,golden37@gmail.com,Unlisted,Active,100000,97078,25/11/2025,31/03/2026,46900,Wholesale trade (non-specialized),,No
U82990TN2006PLC100254,Ganesh Industries Limited,ROC-CHENNAI,100255,Company limited by Shares,Non-govt company,Public,21/06/2006,"472, House, Vardhan Nagar, Chennai, Tamil Nadu - 600044",Tamil Nadu,600044,ganesh12@gmail.com,Unlisted,Active,500000,278617,02/09/2024,31/03/2024,82990,Other business support activities n.e.c.,,No
U68100PB2008PLC100304,Vertex Retail Limited,ROC-CHANDIGARH,100305,Company limited by Shares,Non-govt company,Public,23/02/2008,"128, House, Silver Road, Chandigarh, Punjab - 160095",Punjab,160095,vertex11@gmail.com,Unlisted,Active,500000,460390,10/08/2025,31/03/2026,68100,Real estate activities with own/leased property,,No
U52290HR2010PLC100747,Vardhan Consultancy Limited,ROC-CHANDIGARH,100748,Company limited by Shares,Non-govt company,Public,31/07/2010,"984, Complex, Horizon Nagar, Gurugram, Haryana - 122014",Haryana,122014,vardhan58@gmail.com,Unlisted,Active,500000,319111,07/08/2025,31/03/2025,52290,Other transportation support activities,,No
U82990TN2010PTC100572,Vertex Trading Private Limited,ROC-CHENNAI,100573,Company limited by Shares,Non-govt company,Private,09/11/2010,"120, Complex, Diamond Layout, Chennai, Tamil Nadu - 600010",Tamil Nadu,600010,vertex33@gmail.com,Unlisted,Active - Non-compliant,500000,394402,24/12/2024,31/03/2024,82990,Other business support activities n.e.c.,,No
U74999RJ2026PTC100624,Vishal Exports Private Limited,ROC-JAIPUR,100625,Company limited by Shares,Non-govt company,Private,21/05/2026,"753, Plaza, Prime Marg, Jaipur, Rajasthan - 302091",Rajasthan,302091,vishal36@gmail.com,Unlisted,Active,2000000,1602443,21/12/2025,31/03/2026,74999,Other business support service activities n.e.c.,,No
U63990HR2014PTC100733,Krishna Merchants Private Limited,ROC-CHANDIGARH,100734,Company limited by Shares,Non-govt company,Private,12/08/2014,"89, Mall, Shakti Lane, Gurugram, Haryana - 122032",Haryana,122032,krishna48@gmail.com,Unlisted,Active,100000,73669,01/10/2025,31/03/2026,63990,Other information service activities n.e.c.,,No
U52290TN2022PTC100892,Sunrise Traders Private Limited,ROC-CHENNAI,100893,Company limited by Shares,Non-govt company,Private,26/07/2022,"962, Arcade, Bharat Street, Chennai, Tamil Nadu - 600017",Tamil Nadu,600017,sunrise63@gmail.com,Unlisted,Active,5000000,4934383,14/08/2026,31/03/2026,52290,Other transportation support activities,,No
U70200TN2005PTC100263,Golden Logistics Private Limited,ROC-CHENNAI,100264,Company limited by Shares,Non-govt company,Private,24/08/2005,"470, Tower, Shree Layout, Chennai, Tamil Nadu - 600027",Tamil Nadu,600027,golden51@gmail.com,Unlisted,Active,500000,308871,21/12/2025,31/03/2026,70200,Management consultancy activities,,No
U14101MH2023PLC100611,Trident Textiles Limited,ROC-MUMBAI,100612,Company limited by Shares,Non-govt company,Public,14/08/2023,"336, Arcade, Horizon Street, Mumbai, Maharashtra - 400082",Maharashtra,400082,trident76@gmail.com,Unlisted,Active,100000,93862,23/11/2025,31/03/2025,14101,Manufacture of wearing apparel,,No
U46310HR2009PTC100298,Ashirwad Commodities Private Limited,ROC-CHANDIGARH,100299,Company limited by Shares,Non-govt company,Private,11/04/2009,"414, House, Ganesh Marg, Gurugram, Haryana - 122070",Haryana,122070,ashirwad93@gmail.com,Unlisted,Active - Non-compliant,2000000,1997995,26/09/2025,31/03/2026,46310,Wholesale of agricultural raw materials,,No
U46310WB2013PTC100415,Global Technologies Private Limited,ROC-KOLKATA,100416,Company limited by Shares,Non-govt company,Private,03/11/2013,"782, Tower, Elite Street, Kolkata, West Bengal - 700050",West Bengal,700050,global27@gmail.com,Unlisted,Active,200000,191283,08/12/2025,31/03/2025,46310,Wholesale of agricultural raw materials,,No
U46310HR2021PTC100151,Vardhan Merchants Private Limited,ROC-CHANDIGARH,100152,Company limited by Shares,Non-govt company,Private,18/04/2021,"520, Arcade, Silver Street, Gurugram, Haryana - 122047",Haryana,122047,vardhan22@gmail.com,Unlisted,Active,200000,168631,12/12/2025,31/03/2025,46310,Wholesale of agricultural raw materials,,No
U70200TG2018PTC100789,Vaibhav Traders Private Limited,ROC-HYDERABAD,100790,Company limited by Shares,Non-govt company,Private,02/04/2018,"754, Complex, Ganesh Street, Hyderabad, Telangana - 500078",Telangana,500078,vaibhav61@gmail.com,Unlisted,Active,2000000,1203395,01/09/2025,31/03/2025,70200,Management consultancy activities,,No
U41001UP2014PTC100641,Prime Trading Private Limited,ROC-KANPUR,100642,Company limited by Shares,Non-govt company,Private,01/10/2014,"140, Tower, Apex Chowk, Kanpur, Uttar Pradesh - 208019",Uttar Pradesh,208019,prime35@gmail.com,Unlisted,Active,5000000,2537272,04/10/2024,31/03/2024,41001,Construction of residential/commercial buildings,,No
U82990HR2006PLC100890,Om Infra Limited,ROC-CHANDIGARH,100891,Company limited by Shares,Non-govt company,Public,17/06/2006,"937, Complex, Global Colony, Gurugram, Haryana - 122083",Haryana,122083,om69@gmail.com,Unlisted,Active,500000,466537,10/08/2025,31/03/2026,82990,Other business support activities n.e.c.,,No
U14101HR2012PTC100551,Horizon Solutions Private Limited,ROC-CHANDIGARH,100552,Company limited by Shares,Non-govt company,Private,22/04/2012,"776, Plaza, Pioneer Marg, Gurugram, Haryana - 122054",Haryana,122054,horizon62@gmail.com,Unlisted,Active,5000000,4006000,18/12/2025,31/03/2026,14101,Manufacture of wearing apparel,,No
U70200GJ2006PLC100887,Emerald Ventures Limited,ROC-AHMEDABAD,100888,Company limited by Shares,Non-govt company,Public,04/07/2006,"316, Mall, Everest Layout, Ahmedabad, Gujarat - 380041",Gujarat,380041,emerald37@gmail.com,Unlisted,Active,100000,67727,02/10/2025,31/03/2026,70200,Management consultancy activities,,No
U46310MH2010PTC100489,Falcon Retail Private Limited,ROC-MUMBAI,100490,Company limited by Shares,Non-govt company,Private,12/03/2010,"841, Mall, Orion Street, Mumbai, Maharashtra - 400057",Maharashtra,400057,falcon94@gmail.com,Unlisted,Active,5000000,2618236,15/09/2024,31/03/2024,46310,Wholesale of agricultural raw materials,,No
U46900DL2017PTC100148,Ashirwad Overseas Private Limited,ROC-DELHI,100149,Company limited by Shares,Non-govt company,Private,03/10/2017,"468, Plaza, Superior Lane, New Delhi, Delhi - 110045",Delhi,110045,ashirwad57@gmail.com,Unlisted,Active,200000,119276,02/08/2026,31/03/2026,46900,Wholesale trade (non-specialized),,No
U70200TN2022PTC100147,Superior Trading Private Limited,ROC-CHENNAI,100148,Company limited by Shares,Non-govt company,Private,20/10/2022,"996, Chambers, Prime Chowk, Chennai, Tamil Nadu - 600066",Tamil Nadu,600066,superior51@gmail.com,Unlisted,Active,500000,320086,04/12/2024,31/03/2024,70200,Management consultancy activities,,No
U46310UP2014PTC100721,Emerald Enterprises Private Limited,ROC-KANPUR,100722,Company limited by Shares,Non-govt company,Private,28/08/2014,"660, Arcade, Continental Lane, Kanpur, Uttar Pradesh - 208085",Uttar Pradesh,208085,emerald72@gmail.com,Unlisted,Active,1000000,726281,18/08/2025,31/03/2026,46310,Wholesale of agricultural raw materials,,No
U14101TG2024PLC100932,Everest Realty Limited,ROC-HYDERABAD,100933,Company limited by Shares,Non-govt company,Public,08/06/2024,"826, Chambers, Zenith Marg, Hyderabad, Telangana - 500092",Telangana,500092,everest47@gmail.com,Unlisted,Active,5000000,2607526,25/07/2024,31/03/2024,14101,Manufacture of wearing apparel,,No
U82990RJ2017PTC100740,Shakti Industries Private Limited,ROC-JAIPUR,100741,Company limited by Shares,Non-govt company,Private,16/09/2017,"720, Heights, Ashirwad Lane, Jaipur, Rajasthan - 302039",Rajasthan,302039,shakti69@gmail.com,Unlisted,Active,2000000,1930488,14/08/2024,31/03/2024,82990,Other business support activities n.e.c.,,No
U10610TG2022PTC100660,Everest Traders Private Limited,ROC-HYDERABAD,100661,Company limited by Shares,Non-govt company,Private,16/02/2022,"317, Arcade, Vikram Street, Hyderabad, Telangana - 500096",Telangana,500096,everest10@gmail.com,Unlisted,Active,100000,76541,13/07/2024,31/03/2024,10610,Manufacture of grain mill products,,No
U14101MH2015PTC100349,Aastha Industries Private Limited,ROC-PUNE,100350,Company limited by Shares,Non-govt company,Private,05/07/2015,"787, House, Metro Nagar, Pune, Maharashtra - 411052",Maharashtra,411052,aastha18@gmail.com,Unlisted,Active,2000000,1900126,13/07/2025,31/03/2026,14101,Manufacture of wearing apparel,,No
U64990GJ2007PTC100464,Krishna Technologies Private Limited,ROC-AHMEDABAD,100465,Company limited by Shares,Non-govt company,Private,02/07/2007,"447, Heights, Diamond Street, Ahmedabad, Gujarat - 380066",Gujarat,380066,krishna86@gmail.com,Unlisted,Active,100000,91654,08/07/2024,31/03/2024,64990,Other financial service activities n.e.c.,,No
U52290WB2016PLC100326,Vishal Commodities Limited,ROC-KOLKATA,100327,Company limited by Shares,Non-govt company,Public,04/12/2016,"10, Complex, Aastha Street, Kolkata, West Bengal - 700028",West Bengal,700028,vishal58@gmail.com,Unlisted,Active,2000000,1882021,09/08/2024,31/03/2024,52290,Other transportation support activities,,No
U82990UP2009PTC100187,Meridian Consultancy Private Limited,ROC-KANPUR,100188,Company limited by Shares,Non-govt company,Private,15/02/2009,"768, Tower, Capital Street, Kanpur, Uttar Pradesh - 208060",Uttar Pradesh,208060,meridian23@gmail.com,Unlisted,Active,100000,56251,23/12/2025,31/03/2025,82990,Other business support activities n.e.c.,,No
U52290UP2017PTC100124,Vishal Systems Private Limited,ROC-KANPUR,100125,Company limited by Shares,Non-govt company,Private,01/05/2017,"843, Plaza, Vikram Layout, Kanpur, Uttar Pradesh - 208079",Uttar Pradesh,208079,vishal37@gmail.com,Unlisted,Active,100000,78635,18/09/2024,31/03/2024,52290,Other transportation support activities,,No
U14101RJ2006PTC100854,Global Merchants Private Limited,ROC-JAIPUR,100855,Company limited by Shares,Non-govt company,Private,13/12/2006,"781, Complex, Vikram Nagar, Jaipur, Rajasthan - 302042",Rajasthan,302042,global22@gmail.com,Unlisted,Active,500000,457613,24/12/2025,31/03/2025,14101,Manufacture of wearing apparel,,No
U46310GJ2026PTC100609,Shree Retail Private Limited,ROC-AHMEDABAD,100610,Company limited by Shares,Non-govt company,Private,15/01/2026,"282, Plaza, Platinum Street, Ahmedabad, Gujarat - 380037",Gujarat,380037,shree27@gmail.com,Unlisted,Active,100000,53168,14/09/2024,31/03/2024,46310,Wholesale of agricultural raw materials,,No
U62011MH2022PTC100144,Trident Overseas Private Limited,ROC-PUNE,100145,Company limited by Shares,Non-govt company,Private,09/08/2022,"380, House, Superior Street, Pune, Maharashtra - 411067",Maharashtra,411067,trident15@gmail.com,Unlisted,Active,1000000,744548,06/10/2025,31/03/2026,62011,Computer programming activities,,No
U82990GJ2014PTC100959,Vishwa Realty Private Limited,ROC-AHMEDABAD,100960,Company limited by Shares,Non-govt company,Private,04/04/2014,"791, Complex, Prime Marg, Ahmedabad, Gujarat - 380062",Gujarat,380062,vishwa37@gmail.com,Unlisted,Active,500000,492356,03/08/2025,31/03/2026,82990,Other business support activities n.e.c.,,No
U63990TN2005PTC100198,Horizon Infra Private Limited,ROC-CHENNAI,100199,Company limited by Shares,Non-govt company,Private,27/06/2005,"949, Complex, Global Marg, Chennai, Tamil Nadu - 600068",Tamil Nadu,600068,horizon55@gmail.com,Unlisted,Active,5000000,4555843,19/11/2024,31/03/2024,63990,Other information service activities n.e.c.,,No
U41001HR2007PTC100610,Nova Retail Private Limited,ROC-CHANDIGARH,100611,Company limited by Shares,Non-govt company,Private,09/01/2007,"360, Plaza, National Road, Gurugram, Haryana - 122083",Haryana,122083,nova57@gmail.com,Unlisted,Active - Non-compliant,1000000,536243,26/07/2025,31/03/2026,41001,Construction of residential/commercial buildings,,No
U70200UP2024PTC100280,Falcon Solutions Private Limited,ROC-KANPUR,100281,Company limited by Shares,Non-govt company,Private,23/07/2024,"750, House, Silver Street, Kanpur, Uttar Pradesh - 208074",Uttar Pradesh,208074,falcon26@gmail.com,Unlisted,Active,2000000,1498827,16/12/2025,31/03/2025,70200,Management consultancy activities,,No
U64990UP2005PTC100294,Vikram Pharma Private Limited,ROC-KANPUR,100295,Company limited by Shares,Non-govt company,Private,01/09/2005,"348, Chambers, Golden Lane, Kanpur, Uttar Pradesh - 208012",Uttar Pradesh,208012,vikram32@gmail.com,Unlisted,Active,200000,128410,06/12/2025,31/03/2025,64990,Other financial service activities n.e.c.,,No
U63990MH2013PTC100401,Radiant Distributors Private Limited,ROC-MUMBAI,100402,Company limited by Shares,Non-govt company,Private,12/05/2013,"790, Chambers, Diamond Colony, Mumbai, Maharashtra - 400071",Maharashtra,400071,radiant82@gmail.com,Unlisted,Active,2000000,1714578,13/07/2024,31/03/2024,63990,Other information service activities n.e.c.,,No
U41001PB2011PTC100123,Golden Constructions Private Limited,ROC-CHANDIGARH,100124,Company limited by Shares,Non-govt company,Private,25/06/2011,"200, House, Falcon Layout, Chandigarh, Punjab - 160062",Punjab,160062,golden97@gmail.com,Unlisted,Active,200000,131458,05/10/2025,31/03/2026,41001,Construction of residential/commercial buildings,,No
U74999TN2012PLC100184,Zenith Technologies Limited,ROC-CHENNAI,100185,Company limited by Shares,Non-govt company,Public,11/09/2012,"875, House, Zenith Layout, Chennai, Tamil Nadu - 600033",Tamil Nadu,600033,zenith83@gmail.com,Unlisted,Active,200000,149877,12/09/2024,31/03/2024,74999,Other business support service activities n.e.c.,,No
U52290HR2009PTC100203,Lakshmi Constructions Private Limited,ROC-CHANDIGARH,100204,Company limited by Shares,Non-govt company,Private,18/06/2009,"502, House, Vishal Street, Gurugram, Haryana - 122012",Haryana,122012,lakshmi54@gmail.com,Unlisted,Active,1000000,780343,11/09/2025,31/03/2026,52290,Other transportation support activities,,No
U64990KA2011PTC100439,Metro Agro Private Limited,ROC-BANGALORE,100440,Company limited by Shares,Non-govt company,Private,30/01/2011,"971, House, Sai Layout, Bengaluru, Karnataka - 560036",Karnataka,560036,metro58@gmail.com,Unlisted,Active,200000,177234,27/07/2025,31/03/2025,64990,Other financial service activities n.e.c.,,No
U46310HR2017PTC100247,Meridian Overseas Private Limited,ROC-CHANDIGARH,100248,Company limited by Shares,Non-govt company,Private,12/05/2017,"492, Heights, Everest Colony, Gurugram, Haryana - 122027",Haryana,122027,meridian66@gmail.com,Unlisted,Active,100000,70867,01/08/2026,31/03/2026,46310,Wholesale of agricultural raw materials,,No
U63990WB2018PTC100416,Vantage Merchants Private Limited,ROC-KOLKATA,100417,Company limited by Shares,Non-govt company,Private,10/06/2018,"310, House, National Colony, Kolkata, West Bengal - 700059",West Bengal,700059,vantage93@gmail.com,Unlisted,Active,1000000,957293,07/07/2025,31/03/2026,63990,Other information service activities n.e.c.,,No
U46900TG2025PTC100933,Superior Textiles Private Limited,ROC-HYDERABAD,100934,Company limited by Shares,Non-govt company,Private,12/09/2025,"981, Arcade, Vishwa Marg, Hyderabad, Telangana - 500022",Telangana,500022,superior96@gmail.com,Unlisted,Active,200000,141259,23/07/2025,31/03/2026,46900,Wholesale trade (non-specialized),,No
U82990KA2009PTC100766,Infinity Agro Private Limited,ROC-BANGALORE,100767,Company limited by Shares,Non-govt company,Private,05/03/2009,"633, Complex, Nova Street, Bengaluru, Karnataka - 560066",Karnataka,560066,infinity70@gmail.com,Unlisted,Active,2000000,1921559,13/10/2025,31/03/2026,82990,Other business support activities n.e.c.,,No
U14101TN2018PTC100907,Suvidha Pharma Private Limited,ROC-CHENNAI,100908,Company limited by Shares,Non-govt company,Private,24/11/2018,"358, Plaza, Ashirwad Colony, Chennai, Tamil Nadu - 600072",Tamil Nadu,600072,suvidha86@gmail.com,Unlisted,Active,500000,287912,12/09/2024,31/03/2024,14101,Manufacture of wearing apparel,,No
U64990MH2008PTC100836,Apex Retail Private Limited,ROC-MUMBAI,100837,Company limited by Shares,Non-govt company,Private,28/02/2008,"757, Mall, Vaibhav Layout, Mumbai, Maharashtra - 400070",Maharashtra,400070,apex22@gmail.com,Unlisted,Active,500000,418783,12/07/2024,31/03/2024,64990,Other financial service activities n.e.c.,,No
U63990HR2010PLC100888,Vinayak Ventures Limited,ROC-CHANDIGARH,100889,Company limited by Shares,Non-govt company,Public,25/01/2010,"938, House, Skyline Chowk, Gurugram, Haryana - 122073",Haryana,122073,vinayak71@gmail.com,Unlisted,Active,2000000,1480850,18/07/2025,31/03/2025,63990,Other information service activities n.e.c.,,No
U63990WB2015PTC100130,Orion Commodities Private Limited,ROC-KOLKATA,100131,Company limited by Shares,Non-govt company,Private,26/07/2015,"945, Plaza, Infinity Chowk, Kolkata, West Bengal - 700090",West Bengal,700090,orion74@gmail.com,Unlisted,Active,100000,50834,02/08/2025,31/03/2025,63990,Other information service activities n.e.c.,,No
U82990TN2020PTC100638,Apex Pharma Private Limited,ROC-CHENNAI,100639,Company limited by Shares,Non-govt company,Private,14/01/2020,"881, Complex, Golden Colony, Chennai, Tamil Nadu - 600061",Tamil Nadu,600061,apex17@gmail.com,Unlisted,Active,5000000,3915183,21/12/2024,31/03/2024,82990,Other business support activities n.e.c.,,No
U68100TG2016PTC100403,Radiant Ventures Private Limited,ROC-HYDERABAD,100404,Company limited by Shares,Non-govt company,Private,07/10/2016,"121, House, Pioneer Chowk, Hyderabad, Telangana - 500076",Telangana,500076,radiant51@gmail.com,Unlisted,Active,200000,174899,10/07/2025,31/03/2025,68100,Real estate activities with own/leased property,,No
U45201MH2008PTC100785,Suvidha Retail Private Limited,ROC-MUMBAI,100786,Company limited by Shares,Non-govt company,Private,02/06/2008,"549, Mall, Universal Colony, Mumbai, Maharashtra - 400090",Maharashtra,400090,suvidha60@gmail.com,Unlisted,Active,200000,197777,13/08/2026,31/03/2026,45201,Maintenance and repair of motor vehicles,,No
U82990MH2019PTC100771,Orion Services Private Limited,ROC-PUNE,100772,Company limited by Shares,Non-govt company,Private,26/10/2019,"17, Plaza, Vaibhav Road, Pune, Maharashtra - 411033",Maharashtra,411033,orion97@gmail.com,Unlisted,Active,100000,66477,09/08/2025,31/03/2025,82990,Other business support activities n.e.c.,,No
U70200GJ2014PTC100736,Suvidha Overseas Private Limited,ROC-AHMEDABAD,100737,Company limited by Shares,Non-govt company,Private,28/04/2014,"567, Tower, Superior Chowk, Ahmedabad, Gujarat - 380098",Gujarat,380098,suvidha21@gmail.com,Unlisted,Active,1000000,924539,13/08/2025,31/03/2025,70200,Management consultancy activities,,No
U46310RJ2006PLC100914,Pioneer Consultancy Limited,ROC-JAIPUR,100915,Company limited by Shares,Non-govt company,Public,14/01/2006,"112, Chambers, Ashirwad Layout, Jaipur, Rajasthan - 302058",Rajasthan,302058,pioneer28@gmail.com,Unlisted,Active,2000000,1010567,14/10/2024,31/03/2024,46310,Wholesale of agricultural raw materials,,No
U74999PB2025PTC100220,Everest Logistics Private Limited,ROC-CHANDIGARH,100221,Company limited by Shares,Non-govt company,Private,11/07/2025,"131, Arcade, Om Colony, Chandigarh, Punjab - 160080",Punjab,160080,everest16@gmail.com,Unlisted,Active,100000,79136,28/10/2024,31/03/2024,74999,Other business support service activities n.e.c.,,No
U46310MH2012PTC100642,Vikram Trading Private Limited,ROC-PUNE,100643,Company limited by Shares,Non-govt company,Private,10/08/2012,"431, Heights, Vertex Lane, Pune, Maharashtra - 411090",Maharashtra,411090,vikram97@gmail.com,Unlisted,Active,2000000,1963834,18/12/2025,31/03/2025,46310,Wholesale of agricultural raw materials,,No
U47190MH2006PTC100916,Rudra Finance Private Limited,ROC-PUNE,100917,Company limited by Shares,Non-govt company,Private,11/03/2006,"193, House, Orion Street, Pune, Maharashtra - 411084",Maharashtra,411084,rudra60@gmail.com,Unlisted,Active,2000000,1069151,04/11/2024,31/03/2024,47190,Other retail sale in non-specialized stores,,No
U10610WB2021PTC100753,Om Realty Private Limited,ROC-KOLKATA,100754,Company limited by Shares,Non-govt company,Private,29/12/2021,"637, Tower, Ganesh Lane, Kolkata, West Bengal - 700076",West Bengal,700076,om71@gmail.com,Unlisted,Active,5000000,2948346,27/09/2024,31/03/2024,10610,Manufacture of grain mill products,,No
U41001MH2012PTC100807,Platinum Overseas Private Limited,ROC-PUNE,100808,Company limited by Shares,Non-govt company,Private,11/02/2012,"488, Heights, Radiant Nagar, Pune, Maharashtra - 411047",Maharashtra,411047,platinum64@gmail.com,Unlisted,Active,1000000,966943,14/08/2024,31/03/2024,41001,Construction of residential/commercial buildings,,No
U62011GJ2022PTC100920,Horizon Ventures Private Limited,ROC-AHMEDABAD,100921,Company limited by Shares,Non-govt company,Private,30/09/2022,"890, Heights, Universal Marg, Ahmedabad, Gujarat - 380048",Gujarat,380048,horizon79@gmail.com,Unlisted,Active,5000000,4571793,09/10/2025,31/03/2025,62011,Computer programming activities,,No
U64990PB2018PTC100625,Om Pharma Private Limited,ROC-CHANDIGARH,100626,Company limited by Shares,Non-govt company,Private,06/05/2018,"551, Chambers, Prime Road, Chandigarh, Punjab - 160097",Punjab,160097,om12@gmail.com,Unlisted,Active,1000000,728459,20/07/2024,31/03/2024,64990,Other financial service activities n.e.c.,,No
U63990MH2022PTC100875,Royal Investments Private Limited,ROC-PUNE,100876,Company limited by Shares,Non-govt company,Private,20/07/2022,"814, Arcade, Prime Chowk, Pune, Maharashtra - 411093",Maharashtra,411093,royal90@gmail.com,Unlisted,Active,200000,160882,26/08/2024,31/03/2024,63990,Other information service activities n.e.c.,,No
U14101KA2010PTC100761,Silver Enterprises Private Limited,ROC-BANGALORE,100762,Company limited by Shares,Non-govt company,Private,28/04/2010,"162, Chambers, Ashirwad Layout, Bengaluru, Karnataka - 560057",Karnataka,560057,silver82@gmail.com,Unlisted,Active,100000,57158,11/09/2024,31/03/2024,14101,Manufacture of wearing apparel,,No
U47190RJ2026PTC100387,Capital Logistics Private Limited,ROC-JAIPUR,100388,Company limited by Shares,Non-govt company,Private,21/01/2026,"806, Arcade, Nova Layout, Jaipur, Rajasthan - 302026",Rajasthan,302026,capital39@gmail.com,Unlisted,Active,500000,474261,25/09/2025,31/03/2026,47190,Other retail sale in non-specialized stores,,No
U64990KA2009PTC100973,Om Services Private Limited,ROC-BANGALORE,100974,Company limited by Shares,Non-govt company,Private,10/12/2009,"904, Complex, Vantage Colony, Bengaluru, Karnataka - 560092",Karnataka,560092,om81@gmail.com,Unlisted,Active,2000000,1676758,12/12/2024,31/03/2024,64990,Other financial service activities n.e.c.,,No
U64990KA2006PTC100510,Platinum Impex Private Limited,ROC-BANGALORE,100511,Company limited by Shares,Non-govt company,Private,25/02/2006,"477, House, Suvidha Nagar, Bengaluru, Karnataka - 560019",Karnataka,560019,platinum86@gmail.com,Unlisted,Active - Non-compliant,200000,189703,12/07/2025,31/03/2025,64990,Other financial service activities n.e.c.,,No
U14101KA2011PTC100268,Silver Chemicals Private Limited,ROC-BANGALORE,100269,Company limited by Shares,Non-govt company,Private,24/05/2011,"944, Arcade, Vinayak Street, Bengaluru, Karnataka - 560055",Karnataka,560055,silver95@gmail.com,Unlisted,Active,5000000,2885336,26/12/2025,31/03/2025,14101,Manufacture of wearing apparel,,No
U70200DL2018PTC100820,Vishal Pharma Private Limited,ROC-DELHI,100821,Company limited by Shares,Non-govt company,Private,14/06/2018,"1, Arcade, Ashirwad Colony, New Delhi, Delhi - 110037",Delhi,110037,vishal27@gmail.com,Unlisted,Active,100000,86354,08/08/2024,31/03/2024,70200,Management consultancy activities,,No
U46900WB2015PTC100442,Sai Foods Private Limited,ROC-KOLKATA,100443,Company limited by Shares,Non-govt company,Private,22/07/2015,"538, Complex, Silver Road, Kolkata, West Bengal - 700011",West Bengal,700011,sai54@gmail.com,Unlisted,Active,5000000,4680070,24/11/2025,31/03/2026,46900,Wholesale trade (non-specialized),,No
U68100GJ2015PTC100497,Capital Infra Private Limited,ROC-AHMEDABAD,100498,Company limited by Shares,Non-govt company,Private,24/09/2015,"880, Tower, Apex Street, Ahmedabad, Gujarat - 380075",Gujarat,380075,capital28@gmail.com,Unlisted,Active,200000,109904,18/12/2024,31/03/2024,68100,Real estate activities with own/leased property,,No
U14101TN2023PTC100113,Anmol Textiles Private Limited,ROC-CHENNAI,100114,Company limited by Shares,Non-govt company,Private,26/05/2023,"387, Plaza, Royal Lane, Chennai, Tamil Nadu - 600085",Tamil Nadu,600085,anmol28@rediffmail.com,Unlisted,Active,100000000,100000,19/04/2023,31/03/2023,14101,Manufacture of wearing apparel,RING-16,Yes
U64990DL2009PTC100692,Infinity Trading Private Limited,ROC-DELHI,100693,Company limited by Shares,Non-govt company,Private,23/01/2009,"18, Arcade, Everest Layout, New Delhi, Delhi - 110070",Delhi,110070,infinity33@gmail.com,Unlisted,Active,2000000,1269878,24/12/2024,31/03/2024,64990,Other financial service activities n.e.c.,,No
U14101RJ2019PTC100233,Vantage Realty Private Limited,ROC-JAIPUR,100234,Company limited by Shares,Non-govt company,Private,19/01/2019,"181, Complex, Aastha Marg, Jaipur, Rajasthan - 302016",Rajasthan,302016,vantage92@gmail.com,Unlisted,Active,200000,127642,16/10/2025,31/03/2026,14101,Manufacture of wearing apparel,,No
U45201TN2024PTC100870,Vishal Ventures Private Limited,ROC-CHENNAI,100871,Company limited by Shares,Non-govt company,Private,01/10/2024,"432, Complex, Global Street, Chennai, Tamil Nadu - 600034",Tamil Nadu,600034,vishal61@gmail.com,Unlisted,Active,100000,81467,28/10/2025,31/03/2025,45201,Maintenance and repair of motor vehicles,,No
U62011RJ2008PTC100608,Rudra Developers Private Limited,ROC-JAIPUR,100609,Company limited by Shares,Non-govt company,Private,03/02/2008,"602, Tower, Diamond Marg, Jaipur, Rajasthan - 302043",Rajasthan,302043,rudra56@gmail.com,Unlisted,Active,500000,294256,17/09/2025,31/03/2025,62011,Computer programming activities,,No
U46900DL2018PTC100672,Golden Overseas Private Limited,ROC-DELHI,100673,Company limited by Shares,Non-govt company,Private,29/08/2018,"511, Arcade, Trident Nagar, New Delhi, Delhi - 110048",Delhi,110048,golden79@gmail.com,Unlisted,Active - Non-compliant,500000,308977,09/07/2025,31/03/2025,46900,Wholesale trade (non-specialized),,No
U70200PB2019PTC100374,Vishwa Overseas Private Limited,ROC-CHANDIGARH,100375,Company limited by Shares,Non-govt company,Private,03/02/2019,"206, Tower, Royal Marg, Chandigarh, Punjab - 160029",Punjab,160029,vishwa87@gmail.com,Unlisted,Active,5000000,4972896,23/11/2025,31/03/2025,70200,Management consultancy activities,,No
U45201MH2017PTC100982,Sunrise Technologies Private Limited,ROC-MUMBAI,100983,Company limited by Shares,Non-govt company,Private,04/01/2017,"199, Complex, Silver Marg, Mumbai, Maharashtra - 400020",Maharashtra,400020,sunrise31@gmail.com,Unlisted,Active,1000000,894642,13/07/2026,31/03/2026,45201,Maintenance and repair of motor vehicles,,No
U82990HR2013PTC100843,Global Solutions Private Limited,ROC-CHANDIGARH,100844,Company limited by Shares,Non-govt company,Private,06/12/2013,"539, Heights, Sai Road, Gurugram, Haryana - 122093",Haryana,122093,global60@gmail.com,Unlisted,Active,200000,165820,18/10/2025,31/03/2026,82990,Other business support activities n.e.c.,,No
U10610MH2014PTC100234,Royal Traders Private Limited,ROC-PUNE,100235,Company limited by Shares,Non-govt company,Private,23/12/2014,"798, Tower, Sunrise Lane, Pune, Maharashtra - 411022",Maharashtra,411022,royal40@gmail.com,Unlisted,Active,2000000,1325972,08/09/2024,31/03/2024,10610,Manufacture of grain mill products,,No
U70200KA2014PTC100786,Ashirwad Logistics Private Limited,ROC-BANGALORE,100787,Company limited by Shares,Non-govt company,Private,02/08/2014,"777, Mall, Vantage Lane, Bengaluru, Karnataka - 560025",Karnataka,560025,ashirwad55@gmail.com,Unlisted,Active,100000,53319,07/10/2025,31/03/2026,70200,Management consultancy activities,,No
U45201TN2010PTC100677,Prime Developers Private Limited,ROC-CHENNAI,100678,Company limited by Shares,Non-govt company,Private,06/10/2010,"602, Plaza, Vaibhav Marg, Chennai, Tamil Nadu - 600024",Tamil Nadu,600024,prime16@gmail.com,Unlisted,Active,1000000,814552,20/07/2025,31/03/2025,45201,Maintenance and repair of motor vehicles,,No
U74999UP2014PTC100318,Orion Infra Private Limited,ROC-KANPUR,100319,Company limited by Shares,Non-govt company,Private,03/07/2014,"605, Chambers, Global Nagar, Kanpur, Uttar Pradesh - 208011",Uttar Pradesh,208011,orion78@gmail.com,Unlisted,Dormant,500000,449379,20/12/2024,31/03/2024,74999,Other business support service activities n.e.c.,,No
U41001MH2024PTC100649,Om Traders Private Limited,ROC-PUNE,100650,Company limited by Shares,Non-govt company,Private,19/12/2024,"35, Chambers, Metro Chowk, Pune, Maharashtra - 411068",Maharashtra,411068,om47@gmail.com,Unlisted,Active,200000,182881,05/12/2024,31/03/2024,41001,Construction of residential/commercial buildings,,No
U64990DL2023PTC100411,Vardhan Foods Private Limited,ROC-DELHI,100412,Company limited by Shares,Non-govt company,Private,26/09/2023,"451, Arcade, National Layout, New Delhi, Delhi - 110055",Delhi,110055,vardhan84@gmail.com,Unlisted,Active,500000,470892,23/09/2025,31/03/2025,64990,Other financial service activities n.e.c.,,No
U74999KA2016PLC100899,Krishna Logistics Limited,ROC-BANGALORE,100900,Company limited by Shares,Non-govt company,Public,14/07/2016,"655, Mall, Vantage Marg, Bengaluru, Karnataka - 560088",Karnataka,560088,krishna61@gmail.com,Unlisted,Active,1000000,767588,14/10/2025,31/03/2025,74999,Other business support service activities n.e.c.,,No
U41001WB2026PLC100710,Vaibhav Distributors Limited,ROC-KOLKATA,100711,Company limited by Shares,Non-govt company,Public,27/02/2026,"149, House, Royal Marg, Kolkata, West Bengal - 700071",West Bengal,700071,vaibhav11@gmail.com,Unlisted,Active,100000,66092,27/09/2025,31/03/2025,41001,Construction of residential/commercial buildings,,No
U45201KA2023PTC100359,Nova Ventures Private Limited,ROC-BANGALORE,100360,Company limited by Shares,Non-govt company,Private,23/12/2023,"170, Chambers, Anmol Layout, Bengaluru, Karnataka - 560065",Karnataka,560065,nova67@gmail.com,Unlisted,Active,5000000,3202706,10/11/2024,31/03/2024,45201,Maintenance and repair of motor vehicles,,No
U14101MH2015PTC100259,Universal Foods Private Limited,ROC-MUMBAI,100260,Company limited by Shares,Non-govt company,Private,27/08/2015,"842, Arcade, Sai Marg, Mumbai, Maharashtra - 400094",Maharashtra,400094,universal16@gmail.com,Unlisted,Active,200000,196331,12/12/2025,31/03/2026,14101,Manufacture of wearing apparel,,No
U70200TG2010PLC100745,Metro Commodities Limited,ROC-HYDERABAD,100746,Company limited by Shares,Non-govt company,Public,08/12/2010,"189, Arcade, Bharat Layout, Hyderabad, Telangana - 500010",Telangana,500010,metro20@gmail.com,Unlisted,Active,500000,304585,21/12/2025,31/03/2025,70200,Management consultancy activities,,No
U14101RJ2018PLC100628,Vishal Technologies Limited,ROC-JAIPUR,100629,Company limited by Shares,Non-govt company,Public,30/04/2018,"246, Arcade, Rudra Road, Jaipur, Rajasthan - 302094",Rajasthan,302094,vishal86@gmail.com,Unlisted,Active,2000000,1098086,21/08/2025,31/03/2025,14101,Manufacture of wearing apparel,,No
U47190PB2006PTC100633,Suvidha Traders Private Limited,ROC-CHANDIGARH,100634,Company limited by Shares,Non-govt company,Private,03/02/2006,"816, Heights, Vishal Street, Chandigarh, Punjab - 160038",Punjab,160038,suvidha66@gmail.com,Unlisted,Dormant,1000000,596997,14/11/2024,31/03/2024,47190,Other retail sale in non-specialized stores,,No
U45201GJ2019PTC100283,Vantage Traders Private Limited,ROC-AHMEDABAD,100284,Company limited by Shares,Non-govt company,Private,07/10/2019,"909, Mall, National Colony, Ahmedabad, Gujarat - 380061",Gujarat,380061,vantage85@gmail.com,Unlisted,Active,2000000,1179743,27/12/2025,31/03/2026,45201,Maintenance and repair of motor vehicles,,No
U74999RJ2018PTC100377,Prime Retail Private Limited,ROC-JAIPUR,100378,Company limited by Shares,Non-govt company,Private,10/01/2018,"751, Complex, Horizon Road, Jaipur, Rajasthan - 302095",Rajasthan,302095,prime23@gmail.com,Unlisted,Active,2000000,1617475,28/07/2026,31/03/2026,74999,Other business support service activities n.e.c.,,No
U41001TG2013PTC100385,Diamond Enterprises Private Limited,ROC-HYDERABAD,100386,Company limited by Shares,Non-govt company,Private,05/07/2013,"782, Heights, Sai Colony, Hyderabad, Telangana - 500043",Telangana,500043,diamond85@gmail.com,Unlisted,Active,5000000,3577712,18/07/2025,31/03/2025,41001,Construction of residential/commercial buildings,,No
U70200KA2015PTC100225,Elite Commodities Private Limited,ROC-BANGALORE,100226,Company limited by Shares,Non-govt company,Private,24/08/2015,"695, Heights, Meridian Marg, Bengaluru, Karnataka - 560022",Karnataka,560022,elite78@gmail.com,Unlisted,Active,200000,153044,13/10/2025,31/03/2025,70200,Management consultancy activities,,No
U62011MH2021PTC100954,Meridian Agro Private Limited,ROC-MUMBAI,100955,Company limited by Shares,Non-govt company,Private,20/05/2021,"795, Plaza, Capital Lane, Mumbai, Maharashtra - 400056",Maharashtra,400056,meridian41@gmail.com,Unlisted,Active,5000000,4814044,16/07/2025,31/03/2026,62011,Computer programming activities,,No
U10610TG2016PLC100815,Everest Pharma Limited,ROC-HYDERABAD,100816,Company limited by Shares,Non-govt company,Public,29/08/2016,"340, House, Platinum Lane, Hyderabad, Telangana - 500039",Telangana,500039,everest67@gmail.com,Unlisted,Active,2000000,1429150,13/07/2024,31/03/2024,10610,Manufacture of grain mill products,,No
U63990HR2024PTC100473,Bharat Pharma Private Limited,ROC-CHANDIGARH,100474,Company limited by Shares,Non-govt company,Private,23/02/2024,"566, Chambers, Radiant Chowk, Gurugram, Haryana - 122044",Haryana,122044,bharat20@gmail.com,Unlisted,Active,1000000,703597,09/12/2025,31/03/2025,63990,Other information service activities n.e.c.,,No
U68100GJ2017PLC100348,Suvidha Impex Limited,ROC-AHMEDABAD,100349,Company limited by Shares,Non-govt company,Public,04/10/2017,"133, Mall, Superior Colony, Ahmedabad, Gujarat - 380057",Gujarat,380057,suvidha20@gmail.com,Unlisted,Active,100000,68173,22/11/2025,31/03/2025,68100,Real estate activities with own/leased property,,No
U74999RJ2013PTC100506,Metro Overseas Private Limited,ROC-JAIPUR,100507,Company limited by Shares,Non-govt company,Private,22/07/2013,"713, Plaza, Nova Road, Jaipur, Rajasthan - 302077",Rajasthan,302077,metro42@gmail.com,Unlisted,Active,100000,88035,20/07/2026,31/03/2026,74999,Other business support service activities n.e.c.,,No
U46310KA2012PTC100640,Aastha Pharma Private Limited,ROC-BANGALORE,100641,Company limited by Shares,Non-govt company,Private,15/01/2012,"75, Complex, Vishwa Road, Bengaluru, Karnataka - 560057",Karnataka,560057,aastha21@gmail.com,Unlisted,Active,500000,447688,19/09/2025,31/03/2025,46310,Wholesale of agricultural raw materials,,No
U14101GJ2020PTC100988,Shakti Systems Private Limited,ROC-AHMEDABAD,100989,Company limited by Shares,Non-govt company,Private,03/01/2020,"798, Chambers, Diamond Chowk, Ahmedabad, Gujarat - 380015",Gujarat,380015,shakti97@gmail.com,Unlisted,Active,200000,105615,12/07/2025,31/03/2025,14101,Manufacture of wearing apparel,,No
U62011KA2005PTC100929,Infinity Constructions Private Limited,ROC-BANGALORE,100930,Company limited by Shares,Non-govt company,Private,27/03/2005,"158, Chambers, Prime Nagar, Bengaluru, Karnataka - 560072",Karnataka,560072,infinity19@gmail.com,Unlisted,Active,100000,89781,20/10/2025,31/03/2025,62011,Computer programming activities,,No
U46310MH2026PTC100906,Om Technologies Private Limited,ROC-MUMBAI,100907,Company limited by Shares,Non-govt company,Private,18/04/2026,"128, Plaza, Aastha Marg, Mumbai, Maharashtra - 400024",Maharashtra,400024,om25@gmail.com,Unlisted,Active,200000,129845,15/10/2025,31/03/2026,46310,Wholesale of agricultural raw materials,,No
U45201UP2012PLC100620,Shree Agro Limited,ROC-KANPUR,100621,Company limited by Shares,Non-govt company,Public,03/07/2012,"557, Mall, Sunrise Street, Kanpur, Uttar Pradesh - 208021",Uttar Pradesh,208021,shree31@gmail.com,Unlisted,Active,1000000,667041,26/11/2024,31/03/2024,45201,Maintenance and repair of motor vehicles,,No
U46900RJ2008PTC100856,National Commodities Private Limited,ROC-JAIPUR,100857,Company limited by Shares,Non-govt company,Private,01/06/2008,"48, Complex, Falcon Street, Jaipur, Rajasthan - 302040",Rajasthan,302040,national23@gmail.com,Unlisted,Active,200000,136929,12/09/2025,31/03/2025,46900,Wholesale trade (non-specialized),,No
U10610HR2021PTC100804,Vertex Developers Private Limited,ROC-CHANDIGARH,100805,Company limited by Shares,Non-govt company,Private,28/05/2021,"996, Arcade, Capital Layout, Gurugram, Haryana - 122095",Haryana,122095,vertex63@gmail.com,Unlisted,Active,100000,88070,09/08/2026,31/03/2026,10610,Manufacture of grain mill products,,No
U64990UP2018PTC100646,Lakshmi Developers Private Limited,ROC-KANPUR,100647,Company limited by Shares,Non-govt company,Private,17/08/2018,"232, Arcade, Skyline Chowk, Kanpur, Uttar Pradesh - 208012",Uttar Pradesh,208012,lakshmi77@gmail.com,Unlisted,Active,5000000,4861874,10/10/2024,31/03/2024,64990,Other financial service activities n.e.c.,,No
U64990MH2019PLC100847,Shree Services Limited,ROC-MUMBAI,100848,Company limited by Shares,Non-govt company,Public,02/05/2019,"143, Arcade, Vaibhav Layout, Mumbai, Maharashtra - 400056",Maharashtra,400056,shree40@gmail.com,Unlisted,Active,100000,97021,14/12/2025,31/03/2026,64990,Other financial service activities n.e.c.,,No
U14101GJ2007PTC100557,Ganesh Constructions Private Limited,ROC-AHMEDABAD,100558,Company limited by Shares,Non-govt company,Private,19/04/2007,"850, Mall, Anmol Layout, Ahmedabad, Gujarat - 380039",Gujarat,380039,ganesh64@gmail.com,Unlisted,Active - Non-compliant,200000,126109,24/09/2025,31/03/2026,14101,Manufacture of wearing apparel,,No
U47190TN2016PTC100958,Ashirwad Distributors Private Limited,ROC-CHENNAI,100959,Company limited by Shares,Non-govt company,Private,14/07/2016,"758, Complex, Suvidha Lane, Chennai, Tamil Nadu - 600077",Tamil Nadu,600077,ashirwad48@gmail.com,Unlisted,Active,200000,194755,22/07/2026,31/03/2026,47190,Other retail sale in non-specialized stores,,No
U46310TN2024PLC100578,Sai Textiles Limited,ROC-CHENNAI,100579,Company limited by Shares,Non-govt company,Public,02/12/2024,"629, Complex, Trident Lane, Chennai, Tamil Nadu - 600081",Tamil Nadu,600081,sai73@gmail.com,Unlisted,Dormant,200000,102564,12/07/2025,31/03/2025,46310,Wholesale of agricultural raw materials,,No
U62011WB2014PLC100796,Sai Exports Limited,ROC-KOLKATA,100797,Company limited by Shares,Non-govt company,Public,05/01/2014,"874, Complex, Zenith Marg, Kolkata, West Bengal - 700014",West Bengal,700014,sai50@gmail.com,Unlisted,Active,200000,120580,05/08/2026,31/03/2026,62011,Computer programming activities,,No
U82990RJ2023PTC100086,Capital Enterprises Private Limited,ROC-JAIPUR,100087,Company limited by Shares,Non-govt company,Private,24/07/2023,"121, Arcade, Ashirwad Chowk, Jaipur, Rajasthan - 302067",Rajasthan,302067,capital50@rediffmail.com,Unlisted,Under Process of Striking Off,50000000,150000,24/10/2021,31/03/2021,82990,Other business support activities n.e.c.,RING-13,Yes
U68100TN2024PTC100243,Metro Trading Private Limited,ROC-CHENNAI,100244,Company limited by Shares,Non-govt company,Private,20/01/2024,"503, Heights, Lakshmi Marg, Chennai, Tamil Nadu - 600095",Tamil Nadu,600095,metro56@gmail.com,Unlisted,Active,5000000,4178894,07/10/2024,31/03/2024,68100,Real estate activities with own/leased property,,No
U74999TG2025PTC100699,Prime Consultancy Private Limited,ROC-HYDERABAD,100700,Company limited by Shares,Non-govt company,Private,22/06/2025,"466, Plaza, Shree Chowk, Hyderabad, Telangana - 500021",Telangana,500021,prime30@gmail.com,Unlisted,Active,5000000,4927347,12/08/2026,31/03/2026,74999,Other business support service activities n.e.c.,,No
U62011TN2019PTC100160,Om Solutions Private Limited,ROC-CHENNAI,100161,Company limited by Shares,Non-govt company,Private,07/06/2019,"91, Mall, Diamond Colony, Chennai, Tamil Nadu - 600025",Tamil Nadu,600025,om73@gmail.com,Unlisted,Active,1000000,908551,15/11/2025,31/03/2025,62011,Computer programming activities,,No
U46900UP2010PTC100525,Capital Developers Private Limited,ROC-KANPUR,100526,Company limited by Shares,Non-govt company,Private,12/03/2010,"730, Arcade, Falcon Chowk, Kanpur, Uttar Pradesh - 208022",Uttar Pradesh,208022,capital61@gmail.com,Unlisted,Active,500000,327872,26/07/2024,31/03/2024,46900,Wholesale trade (non-specialized),,No
U70200TG2022PLC100036,Vikram Enterprises Limited,ROC-HYDERABAD,100037,Company limited by Shares,Non-govt company,Public,15/10/2022,"336, Chambers, Platinum Colony, Hyderabad, Telangana - 500053",Telangana,500053,vikram46@rediffmail.com,Unlisted,Active,20000000,500000,,,70200,Management consultancy activities,RING-05,Yes
U47190MH2020PTC100541,Infinity Textiles Private Limited,ROC-PUNE,100542,Company limited by Shares,Non-govt company,Private,05/02/2020,"535, Arcade, Skyline Chowk, Pune, Maharashtra - 411030",Maharashtra,411030,infinity12@gmail.com,Unlisted,Active,200000,169664,06/12/2025,31/03/2025,47190,Other retail sale in non-specialized stores,,No
U47190RJ2010PTC100171,Royal Agro Private Limited,ROC-JAIPUR,100172,Company limited by Shares,Non-govt company,Private,16/08/2010,"688, Chambers, Global Chowk, Jaipur, Rajasthan - 302089",Rajasthan,302089,royal18@gmail.com,Unlisted,Active,200000,172558,05/09/2025,31/03/2025,47190,Other retail sale in non-specialized stores,,No
U10610HR2021PTC100655,Falcon Logistics Private Limited,ROC-CHANDIGARH,100656,Company limited by Shares,Non-govt company,Private,29/08/2021,"845, Mall, Pioneer Marg, Gurugram, Haryana - 122090",Haryana,122090,falcon38@gmail.com,Unlisted,Active,100000,83480,28/07/2025,31/03/2026,10610,Manufacture of grain mill products,,No
U74999KA2012PLC100891,National Foods Limited,ROC-BANGALORE,100892,Company limited by Shares,Non-govt company,Public,29/12/2012,"61, Arcade, Pioneer Marg, Bengaluru, Karnataka - 560067",Karnataka,560067,national66@gmail.com,Unlisted,Active - Non-compliant,200000,184897,07/07/2026,31/03/2026,74999,Other business support service activities n.e.c.,,No
U41001TG2008PTC100858,Radiant Realty Private Limited,ROC-HYDERABAD,100859,Company limited by Shares,Non-govt company,Private,28/06/2008,"330, Mall, Capital Layout, Hyderabad, Telangana - 500065",Telangana,500065,radiant71@gmail.com,Unlisted,Active,100000,79685,26/07/2024,31/03/2024,41001,Construction of residential/commercial buildings,,No
U46900TG2010PLC100848,Vinayak Systems Limited,ROC-HYDERABAD,100849,Company limited by Shares,Non-govt company,Public,26/09/2010,"963, Heights, Horizon Chowk, Hyderabad, Telangana - 500052",Telangana,500052,vinayak18@gmail.com,Unlisted,Active,5000000,3451073,09/09/2025,31/03/2026,46900,Wholesale trade (non-specialized),,No
U70200PB2023PLC100945,Om Impex Limited,ROC-CHANDIGARH,100946,Company limited by Shares,Non-govt company,Public,08/05/2023,"33, Plaza, Aastha Lane, Chandigarh, Punjab - 160082",Punjab,160082,om73@gmail.com,Unlisted,Active,500000,330312,19/09/2025,31/03/2025,70200,Management consultancy activities,,No
U46900WB2022PTC100734,Vardhan Textiles Private Limited,ROC-KOLKATA,100735,Company limited by Shares,Non-govt company,Private,24/01/2022,"231, House, Vikram Street, Kolkata, West Bengal - 700063",West Bengal,700063,vardhan81@gmail.com,Unlisted,Active,200000,135893,24/09/2024,31/03/2024,46900,Wholesale trade (non-specialized),,No
U41001MH2021PTC100096,Lakshmi Merchants Private Limited,ROC-MUMBAI,100097,Company limited by Shares,Non-govt company,Private,28/09/2021,"141, Heights, Trident Layout, Mumbai, Maharashtra - 400029",Maharashtra,400029,lakshmi68@rediffmail.com,Unlisted,Active,25000000,100000,10/06/2022,31/03/2022,41001,Construction of residential/commercial buildings,RING-14,Yes
U10610MH2012PTC100564,Metro Solutions Private Limited,ROC-MUMBAI,100565,Company limited by Shares,Non-govt company,Private,25/06/2012,"315, Tower, Sunrise Chowk, Mumbai, Maharashtra - 400068",Maharashtra,400068,metro23@gmail.com,Unlisted,Active,200000,126913,13/08/2025,31/03/2025,10610,Manufacture of grain mill products,,No
U10610DL2008PTC100241,Continental Agro Private Limited,ROC-DELHI,100242,Company limited by Shares,Non-govt company,Private,24/09/2008,"158, Complex, Vertex Road, New Delhi, Delhi - 110015",Delhi,110015,continental50@gmail.com,Unlisted,Active,200000,171181,26/12/2025,31/03/2026,10610,Manufacture of grain mill products,,No
U52290GJ2005PTC100743,Diamond Traders Private Limited,ROC-AHMEDABAD,100744,Company limited by Shares,Non-govt company,Private,12/09/2005,"542, Complex, Lakshmi Nagar, Ahmedabad, Gujarat - 380080",Gujarat,380080,diamond32@gmail.com,Unlisted,Active,5000000,3848553,05/10/2025,31/03/2026,52290,Other transportation support activities,,No
U47190GJ2016PTC100575,National Infra Private Limited,ROC-AHMEDABAD,100576,Company limited by Shares,Non-govt company,Private,18/03/2016,"119, Chambers, Silver Road, Ahmedabad, Gujarat - 380097",Gujarat,380097,national99@gmail.com,Unlisted,Active,2000000,1967414,05/12/2025,31/03/2026,47190,Other retail sale in non-specialized stores,,No
U63990TG2005PTC100691,Radiant Impex Private Limited,ROC-HYDERABAD,100692,Company limited by Shares,Non-govt company,Private,24/07/2005,"115, Mall, Universal Street, Hyderabad, Telangana - 500080",Telangana,500080,radiant18@gmail.com,Unlisted,Active - Non-compliant,500000,329053,26/10/2024,31/03/2024,63990,Other information service activities n.e.c.,,No
U70200TG2022PLC100461,Everest Technologies Limited,ROC-HYDERABAD,100462,Company limited by Shares,Non-govt company,Public,15/04/2022,"315, Complex, Suvidha Colony, Hyderabad, Telangana - 500016",Telangana,500016,everest78@gmail.com,Unlisted,Active,5000000,4247254,03/08/2026,31/03/2026,70200,Management consultancy activities,,No
U45201UP2005PTC100554,Horizon Investments Private Limited,ROC-KANPUR,100555,Company limited by Shares,Non-govt company,Private,18/05/2005,"732, Mall, Prime Nagar, Kanpur, Uttar Pradesh - 208062",Uttar Pradesh,208062,horizon95@gmail.com,Unlisted,Active,1000000,720324,02/08/2025,31/03/2025,45201,Maintenance and repair of motor vehicles,,No
U46310RJ2008PTC100889,Ashirwad Constructions Private Limited,ROC-JAIPUR,100890,Company limited by Shares,Non-govt company,Private,06/10/2008,"635, Plaza, Vardhan Chowk, Jaipur, Rajasthan - 302096",Rajasthan,302096,ashirwad19@gmail.com,Unlisted,Active,100000,74447,26/11/2025,31/03/2025,46310,Wholesale of agricultural raw materials,,No
U63990TG2016PTC100207,Vishal Enterprises Private Limited,ROC-HYDERABAD,100208,Company limited by Shares,Non-govt company,Private,30/07/2016,"793, Arcade, Platinum Street, Hyderabad, Telangana - 500064",Telangana,500064,vishal47@gmail.com,Unlisted,Active,5000000,4906480,10/10/2025,31/03/2025,63990,Other information service activities n.e.c.,,No
U63990RJ2012PTC100393,Emerald Agro Private Limited,ROC-JAIPUR,100394,Company limited by Shares,Non-govt company,Private,23/02/2012,"441, Arcade, Vardhan Colony, Jaipur, Rajasthan - 302022",Rajasthan,302022,emerald54@gmail.com,Unlisted,Active,200000,195351,07/12/2024,31/03/2024,63990,Other information service activities n.e.c.,,No
U46310HR2009PLC100795,Royal Pharma Limited,ROC-CHANDIGARH,100796,Company limited by Shares,Non-govt company,Public,08/01/2009,"56, Complex, Vantage Nagar, Gurugram, Haryana - 122052",Haryana,122052,royal92@gmail.com,Unlisted,Active,5000000,2990439,07/08/2026,31/03/2026,46310,Wholesale of agricultural raw materials,,No
U74999MH2020PTC100398,Falcon Systems Private Limited,ROC-MUMBAI,100399,Company limited by Shares,Non-govt company,Private,21/02/2020,"275, Mall, Anmol Lane, Mumbai, Maharashtra - 400053",Maharashtra,400053,falcon91@gmail.com,Unlisted,Active,1000000,695689,02/09/2025,31/03/2025,74999,Other business support service activities n.e.c.,,No
U14101DL2022PTC100767,Apex Traders Private Limited,ROC-DELHI,100768,Company limited by Shares,Non-govt company,Private,09/12/2022,"351, Complex, Elite Marg, New Delhi, Delhi - 110066",Delhi,110066,apex51@gmail.com,Unlisted,Active,1000000,665699,23/09/2025,31/03/2026,14101,Manufacture of wearing apparel,,No
U41001WB2019PLC100849,Suvidha Constructions Limited,ROC-KOLKATA,100850,Company limited by Shares,Non-govt company,Public,17/02/2019,"321, Chambers, Apex Marg, Kolkata, West Bengal - 700094",West Bengal,700094,suvidha68@gmail.com,Unlisted,Active,1000000,916062,17/09/2025,31/03/2025,41001,Construction of residential/commercial buildings,,No
U82990UP2014PTC100218,Vardhan Impex Private Limited,ROC-KANPUR,100219,Company limited by Shares,Non-govt company,Private,06/02/2014,"310, Mall, Infinity Nagar, Kanpur, Uttar Pradesh - 208040",Uttar Pradesh,208040,vardhan89@gmail.com,Unlisted,Active,5000000,4491894,26/07/2024,31/03/2024,82990,Other business support activities n.e.c.,,No
U62011PB2019PTC100005,Horizon Developers Private Limited,ROC-CHANDIGARH,100006,Company limited by Shares,Non-govt company,Private,19/03/2019,"115, Plaza, Vishal Chowk, Chandigarh, Punjab - 160041",Punjab,160041,horizon16@rediffmail.com,Unlisted,Active - Non-compliant,20000000,150000,,,62011,Computer programming activities,RING-01,Yes
U68100GJ2014PTC100769,Sai Commodities Private Limited,ROC-AHMEDABAD,100770,Company limited by Shares,Non-govt company,Private,29/09/2014,"583, Plaza, Emerald Street, Ahmedabad, Gujarat - 380011",Gujarat,380011,sai15@gmail.com,Unlisted,Active,500000,376584,12/08/2025,31/03/2025,68100,Real estate activities with own/leased property,,No
U68100MH2012PTC100643,Continental Merchants Private Limited,ROC-PUNE,100644,Company limited by Shares,Non-govt company,Private,30/10/2012,"944, Arcade, Trident Marg, Pune, Maharashtra - 411016",Maharashtra,411016,continental10@gmail.com,Unlisted,Active,1000000,636143,26/10/2024,31/03/2024,68100,Real estate activities with own/leased property,,No
U46900UP2007PTC100930,Prime Pharma Private Limited,ROC-KANPUR,100931,Company limited by Shares,Non-govt company,Private,07/12/2007,"130, Chambers, Horizon Street, Kanpur, Uttar Pradesh - 208082",Uttar Pradesh,208082,prime67@gmail.com,Unlisted,Active,100000,92419,12/12/2024,31/03/2024,46900,Wholesale trade (non-specialized),,No
U64990TN2017PTC100613,Emerald Consultancy Private Limited,ROC-CHENNAI,100614,Company limited by Shares,Non-govt company,Private,16/04/2017,"561, Arcade, Golden Colony, Chennai, Tamil Nadu - 600039",Tamil Nadu,600039,emerald58@gmail.com,Unlisted,Active,5000000,4991139,07/11/2024,31/03/2024,64990,Other financial service activities n.e.c.,,No
U41001MH2008PTC100739,Aastha Investments Private Limited,ROC-MUMBAI,100740,Company limited by Shares,Non-govt company,Private,05/02/2008,"784, Tower, Orion Nagar, Mumbai, Maharashtra - 400097",Maharashtra,400097,aastha66@gmail.com,Unlisted,Active,100000,84723,14/11/2024,31/03/2024,41001,Construction of residential/commercial buildings,,No
U62011WB2014PLC100547,Vertex Technologies Limited,ROC-KOLKATA,100548,Company limited by Shares,Non-govt company,Public,13/08/2014,"867, Plaza, Krishna Lane, Kolkata, West Bengal - 700017",West Bengal,700017,vertex76@gmail.com,Unlisted,Active,5000000,2615896,25/10/2025,31/03/2026,62011,Computer programming activities,,No
U47190HR2019PTC100726,Ashirwad Impex Private Limited,ROC-CHANDIGARH,100727,Company limited by Shares,Non-govt company,Private,09/05/2019,"940, Mall, Vishwa Street, Gurugram, Haryana - 122043",Haryana,122043,ashirwad69@gmail.com,Unlisted,Active,500000,309440,16/10/2024,31/03/2024,47190,Other retail sale in non-specialized stores,,No
U82990TG2006PTC100684,Elite Services Private Limited,ROC-HYDERABAD,100685,Company limited by Shares,Non-govt company,Private,17/07/2006,"650, Chambers, Bharat Chowk, Hyderabad, Telangana - 500062",Telangana,500062,elite43@gmail.com,Unlisted,Active,5000000,4207394,11/10/2025,31/03/2026,82990,Other business support activities n.e.c.,,No
U45201GJ2020PTC100099,Anmol Developers Private Limited,ROC-AHMEDABAD,100100,Company limited by Shares,Non-govt company,Private,23/12/2020,"772, Arcade, Bharat Chowk, Ahmedabad, Gujarat - 380084",Gujarat,380084,anmol36@rediffmail.com,Unlisted,Active,20000000,150000,22/02/2020,31/03/2020,45201,Maintenance and repair of motor vehicles,RING-15,Yes
U52290UP2008PLC100805,Silver Traders Limited,ROC-KANPUR,100806,Company limited by Shares,Non-govt company,Public,18/05/2008,"938, Plaza, Vishal Road, Kanpur, Uttar Pradesh - 208089",Uttar Pradesh,208089,silver87@gmail.com,Unlisted,Active,2000000,1830793,13/07/2025,31/03/2025,52290,Other transportation support activities,,No
U46310GJ2005PTC100728,Prime Chemicals Private Limited,ROC-AHMEDABAD,100729,Company limited by Shares,Non-govt company,Private,28/05/2005,"173, Heights, Everest Lane, Ahmedabad, Gujarat - 380091",Gujarat,380091,prime50@gmail.com,Unlisted,Active,2000000,1266125,25/11/2024,31/03/2024,46310,Wholesale of agricultural raw materials,,No
U10610PB2022PTC100574,National Merchants Private Limited,ROC-CHANDIGARH,100575,Company limited by Shares,Non-govt company,Private,25/10/2022,"921, Tower, Sai Street, Chandigarh, Punjab - 160092",Punjab,160092,national83@gmail.com,Unlisted,Active,500000,277370,19/12/2025,31/03/2026,10610,Manufacture of grain mill products,,No
U41001KA2020PTC100407,Silver Investments Private Limited,ROC-BANGALORE,100408,Company limited by Shares,Non-govt company,Private,15/12/2020,"572, House, Suvidha Colony, Bengaluru, Karnataka - 560032",Karnataka,560032,silver13@gmail.com,Unlisted,Active,1000000,780242,04/12/2025,31/03/2025,41001,Construction of residential/commercial buildings,,No
U10610RJ2007PLC100503,Shakti Trading Limited,ROC-JAIPUR,100504,Company limited by Shares,Non-govt company,Public,17/01/2007,"866, House, Horizon Lane, Jaipur, Rajasthan - 302068",Rajasthan,302068,shakti88@gmail.com,Unlisted,Active - Non-compliant,5000000,4035330,08/07/2026,31/03/2026,10610,Manufacture of grain mill products,,No
U41001MH2025PTC100048,Anmol Traders Private Limited,ROC-PUNE,100049,Company limited by Shares,Non-govt company,Private,09/05/2025,"896, Mall, Global Layout, Pune, Maharashtra - 411011",Maharashtra,411011,anmol64@rediffmail.com,Unlisted,Under Process of Striking Off,50000000,200000,,,41001,Construction of residential/commercial buildings,RING-07,Yes
U63990TG2022PTC100033,Vikram Ventures Private Limited,ROC-HYDERABAD,100034,Company limited by Shares,Non-govt company,Private,01/10/2022,"336, Chambers, Platinum Colony, Hyderabad, Telangana - 500053",Telangana,500053,vikram76@rediffmail.com,Unlisted,Under Process of Striking Off,25000000,200000,01/09/2021,31/03/2021,63990,Other information service activities n.e.c.,RING-05,Yes
U46310TG2015PTC100780,Skyline Impex Private Limited,ROC-HYDERABAD,100781,Company limited by Shares,Non-govt company,Private,28/04/2015,"969, Plaza, Apex Street, Hyderabad, Telangana - 500039",Telangana,500039,skyline70@gmail.com,Unlisted,Active,200000,122006,17/11/2025,31/03/2025,46310,Wholesale of agricultural raw materials,,No
U45201TG2016PTC100840,Zenith Infra Private Limited,ROC-HYDERABAD,100841,Company limited by Shares,Non-govt company,Private,12/02/2016,"713, Chambers, Vertex Colony, Hyderabad, Telangana - 500063",Telangana,500063,zenith93@gmail.com,Unlisted,Active,100000,70032,21/07/2024,31/03/2024,45201,Maintenance and repair of motor vehicles,,No
U74999UP2014PTC100201,National Exports Private Limited,ROC-KANPUR,100202,Company limited by Shares,Non-govt company,Private,02/07/2014,"313, Complex, Continental Layout, Kanpur, Uttar Pradesh - 208089",Uttar Pradesh,208089,national28@gmail.com,Unlisted,Active,500000,297622,25/07/2024,31/03/2024,74999,Other business support service activities n.e.c.,,No
U64990HR2011PTC100135,Vishal Foods Private Limited,ROC-CHANDIGARH,100136,Company limited by Shares,Non-govt company,Private,06/02/2011,"109, Complex, Diamond Layout, Gurugram, Haryana - 122050",Haryana,122050,vishal62@gmail.com,Unlisted,Active,100000,97177,05/07/2024,31/03/2024,64990,Other financial service activities n.e.c.,,No
U46310UP2024PTC100028,Pioneer Commodities Private Limited,ROC-KANPUR,100029,Company limited by Shares,Non-govt company,Private,13/07/2024,"309, House, Falcon Marg, Kanpur, Uttar Pradesh - 208048",Uttar Pradesh,208048,pioneer60@rediffmail.com,Unlisted,Under Process of Striking Off,50000000,150000,,,46310,Wholesale of agricultural raw materials,RING-04,Yes
U63990HR2024PTC100881,National Trading Private Limited,ROC-CHANDIGARH,100882,Company limited by Shares,Non-govt company,Private,26/01/2024,"991, Chambers, Shree Chowk, Gurugram, Haryana - 122092",Haryana,122092,national74@gmail.com,Unlisted,Active,200000,143927,03/09/2024,31/03/2024,63990,Other information service activities n.e.c.,,No
U46900HR2019PTC100231,Suvidha Impex Private Limited,ROC-CHANDIGARH,100232,Company limited by Shares,Non-govt company,Private,11/03/2019,"606, Tower, Global Road, Gurugram, Haryana - 122073",Haryana,122073,suvidha86@gmail.com,Unlisted,Active,500000,455184,27/08/2024,31/03/2024,46900,Wholesale trade (non-specialized),,No
U14101PB2024PTC100490,Platinum Consultancy Private Limited,ROC-CHANDIGARH,100491,Company limited by Shares,Non-govt company,Private,30/04/2024,"350, Complex, Vardhan Street, Chandigarh, Punjab - 160036",Punjab,160036,platinum98@gmail.com,Unlisted,Active,200000,188974,20/08/2024,31/03/2024,14101,Manufacture of wearing apparel,,No
U46900TG2010PTC100773,Metro Traders Private Limited,ROC-HYDERABAD,100774,Company limited by Shares,Non-govt company,Private,01/06/2010,"860, Plaza, Vardhan Street, Hyderabad, Telangana - 500063",Telangana,500063,metro20@gmail.com,Unlisted,Active,2000000,1858080,02/07/2025,31/03/2026,46900,Wholesale trade (non-specialized),,No
U46310MH2025PTC100379,Bharat Ventures Private Limited,ROC-PUNE,100380,Company limited by Shares,Non-govt company,Private,07/06/2025,"361, Heights, Shakti Street, Pune, Maharashtra - 411018",Maharashtra,411018,bharat66@gmail.com,Unlisted,Active,5000000,3820386,17/10/2025,31/03/2026,46310,Wholesale of agricultural raw materials,,No
U62011PB2012PTC100289,Suvidha Enterprises Private Limited,ROC-CHANDIGARH,100290,Company limited by Shares,Non-govt company,Private,31/03/2012,"530, Plaza, Anmol Lane, Chandigarh, Punjab - 160016",Punjab,160016,suvidha45@gmail.com,Unlisted,Active,1000000,637017,12/10/2025,31/03/2025,62011,Computer programming activities,,No
U46310GJ2015PTC100419,Emerald Traders Private Limited,ROC-AHMEDABAD,100420,Company limited by Shares,Non-govt company,Private,11/04/2015,"470, Plaza, Royal Colony, Ahmedabad, Gujarat - 380057",Gujarat,380057,emerald14@gmail.com,Unlisted,Active,2000000,1244100,19/11/2024,31/03/2024,46310,Wholesale of agricultural raw materials,,No
U63990GJ2020PTC100675,Universal Pharma Private Limited,ROC-AHMEDABAD,100676,Company limited by Shares,Non-govt company,Private,02/10/2020,"342, Chambers, Radiant Marg, Ahmedabad, Gujarat - 380038",Gujarat,380038,universal34@gmail.com,Unlisted,Active,2000000,1459462,02/08/2024,31/03/2024,63990,Other information service activities n.e.c.,,No
U62011GJ2023PTC100392,Skyline Investments Private Limited,ROC-AHMEDABAD,100393,Company limited by Shares,Non-govt company,Private,22/09/2023,"785, Tower, Apex Marg, Ahmedabad, Gujarat - 380085",Gujarat,380085,skyline85@gmail.com,Unlisted,Active,500000,439415,24/08/2024,31/03/2024,62011,Computer programming activities,,No
U74999DL2015PTC100593,Om Overseas Private Limited,ROC-DELHI,100594,Company limited by Shares,Non-govt company,Private,19/09/2015,"117, Tower, Trident Road, New Delhi, Delhi - 110064",Delhi,110064,om97@gmail.com,Unlisted,Active,200000,169699,12/07/2024,31/03/2024,74999,Other business support service activities n.e.c.,,No
U45201WB2012PTC100499,Everest Merchants Private Limited,ROC-KOLKATA,100500,Company limited by Shares,Non-govt company,Private,03/05/2012,"893, Complex, Trident Colony, Kolkata, West Bengal - 700021",West Bengal,700021,everest98@gmail.com,Unlisted,Active,500000,463844,25/10/2025,31/03/2025,45201,Maintenance and repair of motor vehicles,,No
U10610HR2009PLC100139,Om Systems Limited,ROC-CHANDIGARH,100140,Company limited by Shares,Non-govt company,Public,03/12/2009,"607, Heights, Vishal Colony, Gurugram, Haryana - 122085",Haryana,122085,om13@gmail.com,Unlisted,Active,1000000,677402,08/08/2026,31/03/2026,10610,Manufacture of grain mill products,,No
U64990KA2023PTC100063,Sunrise Pharma Private Limited,ROC-BANGALORE,100064,Company limited by Shares,Non-govt company,Private,13/08/2023,"786, Complex, Vikram Chowk, Bengaluru, Karnataka - 560047",Karnataka,560047,sunrise49@rediffmail.com,Unlisted,Active - Non-compliant,100000000,500000,,,64990,Other financial service activities n.e.c.,RING-10,Yes
U52290TG2009PTC100472,Silver Pharma Private Limited,ROC-HYDERABAD,100473,Company limited by Shares,Non-govt company,Private,23/04/2009,"665, Chambers, Vaibhav Chowk, Hyderabad, Telangana - 500043",Telangana,500043,silver67@gmail.com,Unlisted,Active,500000,495509,02/08/2025,31/03/2026,52290,Other transportation support activities,,No
U64990HR2007PTC100648,Continental Exports Private Limited,ROC-CHANDIGARH,100649,Company limited by Shares,Non-govt company,Private,30/07/2007,"724, House, Metro Colony, Gurugram, Haryana - 122084",Haryana,122084,continental53@gmail.com,Unlisted,Active,5000000,4659436,17/09/2025,31/03/2025,64990,Other financial service activities n.e.c.,,No
U64990WB2006PTC100129,Prime Realty Private Limited,ROC-KOLKATA,100130,Company limited by Shares,Non-govt company,Private,22/11/2006,"869, Arcade, Capital Lane, Kolkata, West Bengal - 700060",West Bengal,700060,prime47@gmail.com,Unlisted,Active,2000000,1600999,01/12/2025,31/03/2025,64990,Other financial service activities n.e.c.,,No
U46310WB2012PTC100977,Metro Ventures Private Limited,ROC-KOLKATA,100978,Company limited by Shares,Non-govt company,Private,13/01/2012,"160, Arcade, Lakshmi Marg, Kolkata, West Bengal - 700034",West Bengal,700034,metro27@gmail.com,Unlisted,Active,5000000,4277338,15/11/2025,31/03/2025,46310,Wholesale of agricultural raw materials,,No
U14101KA2012PTC100521,Shree Commodities Private Limited,ROC-BANGALORE,100522,Company limited by Shares,Non-govt company,Private,17/05/2012,"674, Arcade, Aastha Chowk, Bengaluru, Karnataka - 560063",Karnataka,560063,shree30@gmail.com,Unlisted,Active,200000,194657,06/09/2025,31/03/2026,14101,Manufacture of wearing apparel,,No
U14101KA2023PTC100839,National Technologies Private Limited,ROC-BANGALORE,100840,Company limited by Shares,Non-govt company,Private,02/05/2023,"403, Heights, Nova Street, Bengaluru, Karnataka - 560073",Karnataka,560073,national95@gmail.com,Unlisted,Active,1000000,711641,10/08/2024,31/03/2024,14101,Manufacture of wearing apparel,,No
U62011TG2016PTC100963,Platinum Trading Private Limited,ROC-HYDERABAD,100964,Company limited by Shares,Non-govt company,Private,01/11/2016,"442, Tower, Global Street, Hyderabad, Telangana - 500056",Telangana,500056,platinum81@gmail.com,Unlisted,Active,200000,196130,28/10/2024,31/03/2024,62011,Computer programming activities,,No
U10610KA2023PTC100065,Sunrise Investments Private Limited,ROC-BANGALORE,100066,Company limited by Shares,Non-govt company,Private,01/08/2023,"786, Complex, Vikram Chowk, Bengaluru, Karnataka - 560047",Karnataka,560047,sunrise17@rediffmail.com,Unlisted,Active,25000000,100000,,,10610,Manufacture of grain mill products,RING-10,Yes
U63990WB2018PLC100813,Radiant Constructions Limited,ROC-KOLKATA,100814,Company limited by Shares,Non-govt company,Public,07/06/2018,"75, Plaza, Everest Road, Kolkata, West Bengal - 700089",West Bengal,700089,radiant46@gmail.com,Unlisted,Active,1000000,762095,28/07/2024,31/03/2024,63990,Other information service activities n.e.c.,,No
U64990RJ2019PTC100015,Vantage Solutions Private Limited,ROC-JAIPUR,100016,Company limited by Shares,Non-govt company,Private,10/10/2019,"935, Tower, Vishwa Chowk, Jaipur, Rajasthan - 302091",Rajasthan,302091,vantage92@rediffmail.com,Unlisted,Active,25000000,150000,,,64990,Other financial service activities n.e.c.,RING-02,Yes
U47190MH2021PTC100157,Ashirwad Solutions Private Limited,ROC-PUNE,100158,Company limited by Shares,Non-govt company,Private,25/03/2021,"52, Tower, Golden Marg, Pune, Maharashtra - 411047",Maharashtra,411047,ashirwad56@gmail.com,Unlisted,Active,500000,411084,15/09/2025,31/03/2025,47190,Other retail sale in non-specialized stores,,No
U70200MH2018PTC100041,Apex Foods Private Limited,ROC-PUNE,100042,Company limited by Shares,Non-govt company,Private,05/01/2019,"411, Mall, Royal Marg, Pune, Maharashtra - 411029",Maharashtra,411029,apex51@rediffmail.com,Unlisted,Active - Non-compliant,50000000,100000,,,70200,Management consultancy activities,RING-06,Yes
U64990MH2006PTC100493,Trident Textiles Private Limited,ROC-PUNE,100494,Company limited by Shares,Non-govt company,Private,11/11/2006,"248, Mall, Krishna Colony, Pune, Maharashtra - 411049",Maharashtra,411049,trident80@gmail.com,Unlisted,Active,5000000,4576575,11/12/2025,31/03/2026,64990,Other financial service activities n.e.c.,,No
U70200HR2008PTC100380,Continental Industries Private Limited,ROC-CHANDIGARH,100381,Company limited by Shares,Non-govt company,Private,17/07/2008,"320, House, Shakti Marg, Gurugram, Haryana - 122079",Haryana,122079,continental99@gmail.com,Unlisted,Active,100000,76721,17/11/2024,31/03/2024,70200,Management consultancy activities,,No
U82990TN2016PTC100188,Diamond Investments Private Limited,ROC-CHENNAI,100189,Company limited by Shares,Non-govt company,Private,25/10/2016,"999, Arcade, Falcon Layout, Chennai, Tamil Nadu - 600027",Tamil Nadu,600027,diamond99@gmail.com,Unlisted,Active,200000,102857,15/10/2025,31/03/2025,82990,Other business support activities n.e.c.,,No
U74999TN2018PTC100764,Everest Industries Private Limited,ROC-CHENNAI,100765,Company limited by Shares,Non-govt company,Private,02/04/2018,"750, Heights, Capital Road, Chennai, Tamil Nadu - 600097",Tamil Nadu,600097,everest50@gmail.com,Unlisted,Active,500000,360584,09/10/2024,31/03/2024,74999,Other business support service activities n.e.c.,,No
U63990PB2021PLC100217,Orion Industries Limited,ROC-CHANDIGARH,100218,Company limited by Shares,Non-govt company,Public,14/12/2021,"467, Arcade, Vinayak Layout, Chandigarh, Punjab - 160070",Punjab,160070,orion39@gmail.com,Unlisted,Active,1000000,783894,04/10/2024,31/03/2024,63990,Other information service activities n.e.c.,,No
U45201TN2022PLC100792,Sai Infra Limited,ROC-CHENNAI,100793,Company limited by Shares,Non-govt company,Public,13/10/2022,"740, Chambers, Zenith Chowk, Chennai, Tamil Nadu - 600097",Tamil Nadu,600097,sai42@gmail.com,Unlisted,Active - Non-compliant,2000000,1323376,24/07/2025,31/03/2025,45201,Maintenance and repair of motor vehicles,,No
U46310HR2024PTC100053,Infinity Pharma Private Limited,ROC-CHANDIGARH,100054,Company limited by Shares,Non-govt company,Private,24/01/2024,"691, House, Falcon Colony, Gurugram, Haryana - 122021",Haryana,122021,infinity45@rediffmail.com,Unlisted,Under Process of Striking Off,50000000,150000,14/10/2020,31/03/2020,46310,Wholesale of agricultural raw materials,RING-08,Yes
U46310MH2024PTC100879,Aastha Agro Private Limited,ROC-MUMBAI,100880,Company limited by Shares,Non-govt company,Private,21/11/2024,"590, Heights, Sai Chowk, Mumbai, Maharashtra - 400051",Maharashtra,400051,aastha12@gmail.com,Unlisted,Active,5000000,2951754,14/12/2025,31/03/2026,46310,Wholesale of agricultural raw materials,,No
U64990UP2014PTC100338,Metro Industries Private Limited,ROC-KANPUR,100339,Company limited by Shares,Non-govt company,Private,26/07/2014,"745, Plaza, Lakshmi Road, Kanpur, Uttar Pradesh - 208058",Uttar Pradesh,208058,metro59@gmail.com,Unlisted,Dormant,1000000,954565,05/11/2024,31/03/2024,64990,Other financial service activities n.e.c.,,No
U45201TG2013PTC100749,Radiant Consultancy Private Limited,ROC-HYDERABAD,100750,Company limited by Shares,Non-govt company,Private,07/05/2013,"51, Arcade, Lakshmi Lane, Hyderabad, Telangana - 500022",Telangana,500022,radiant51@gmail.com,Unlisted,Active,1000000,506178,06/11/2025,31/03/2025,45201,Maintenance and repair of motor vehicles,,No
U74999UP2024PTC100720,Sunrise Textiles Private Limited,ROC-KANPUR,100721,Company limited by Shares,Non-govt company,Private,04/10/2024,"716, Chambers, Vishal Lane, Kanpur, Uttar Pradesh - 208026",Uttar Pradesh,208026,sunrise69@gmail.com,Unlisted,Active,2000000,1728527,04/09/2024,31/03/2024,74999,Other business support service activities n.e.c.,,No
U62011DL2026PTC100725,Horizon Distributors Private Limited,ROC-DELHI,100726,Company limited by Shares,Non-govt company,Private,06/03/2026,"258, House, Global Street, New Delhi, Delhi - 110099",Delhi,110099,horizon13@gmail.com,Unlisted,Active,500000,368363,13/12/2024,31/03/2024,62011,Computer programming activities,,No
U41001TG2015PTC100296,Vantage Pharma Private Limited,ROC-HYDERABAD,100297,Company limited by Shares,Non-govt company,Private,01/06/2015,"486, Arcade, Ganesh Nagar, Hyderabad, Telangana - 500091",Telangana,500091,vantage84@gmail.com,Unlisted,Active,500000,428121,16/12/2025,31/03/2025,41001,Construction of residential/commercial buildings,,No
U68100HR2011PLC100702,Vishwa Infra Limited,ROC-CHANDIGARH,100703,Company limited by Shares,Non-govt company,Public,08/12/2011,"420, Complex, Silver Colony, Gurugram, Haryana - 122022",Haryana,122022,vishwa96@gmail.com,Unlisted,Active,200000,125947,16/07/2025,31/03/2025,68100,Real estate activities with own/leased property,,No
U63990MH2016PTC100252,Aastha Systems Private Limited,ROC-PUNE,100253,Company limited by Shares,Non-govt company,Private,16/01/2016,"556, Heights, Orion Marg, Pune, Maharashtra - 411014",Maharashtra,411014,aastha65@gmail.com,Unlisted,Active,1000000,600965,09/11/2025,31/03/2025,63990,Other information service activities n.e.c.,,No
U46900MH2016PTC100727,Everest Systems Private Limited,ROC-MUMBAI,100728,Company limited by Shares,Non-govt company,Private,19/01/2016,"902, Chambers, Vikram Street, Mumbai, Maharashtra - 400085",Maharashtra,400085,everest85@gmail.com,Unlisted,Active,1000000,746354,07/08/2024,31/03/2024,46900,Wholesale trade (non-specialized),,No
U47190GJ2012PTC100462,Golden Traders Private Limited,ROC-AHMEDABAD,100463,Company limited by Shares,Non-govt company,Private,08/03/2012,"47, House, Capital Road, Ahmedabad, Gujarat - 380047",Gujarat,380047,golden10@gmail.com,Unlisted,Active,5000000,3009020,01/11/2024,31/03/2024,47190,Other retail sale in non-specialized stores,,No
U68100GJ2012PTC100456,Falcon Investments Private Limited,ROC-AHMEDABAD,100457,Company limited by Shares,Non-govt company,Private,18/10/2012,"971, Plaza, Rudra Layout, Ahmedabad, Gujarat - 380065",Gujarat,380065,falcon27@gmail.com,Unlisted,Active,5000000,2869700,09/11/2025,31/03/2026,68100,Real estate activities with own/leased property,,No
U46310RJ2015PTC100997,Golden Technologies Private Limited,ROC-JAIPUR,100998,Company limited by Shares,Non-govt company,Private,19/05/2015,"935, Mall, Diamond Lane, Jaipur, Rajasthan - 302044",Rajasthan,302044,golden66@gmail.com,Unlisted,Active,1000000,990778,17/07/2026,31/03/2026,46310,Wholesale of agricultural raw materials,,No
U82990TG2022PTC100816,Pioneer Textiles Private Limited,ROC-HYDERABAD,100817,Company limited by Shares,Non-govt company,Private,11/05/2022,"247, Complex, Nova Street, Hyderabad, Telangana - 500037",Telangana,500037,pioneer48@gmail.com,Unlisted,Active,1000000,929840,06/12/2025,31/03/2026,82990,Other business support activities n.e.c.,,No
U47190MH2016PTC100863,Lakshmi Ventures Private Limited,ROC-PUNE,100864,Company limited by Shares,Non-govt company,Private,07/03/2016,"513, House, Vikram Street, Pune, Maharashtra - 411064",Maharashtra,411064,lakshmi40@gmail.com,Unlisted,Active,200000,143919,17/12/2025,31/03/2026,47190,Other retail sale in non-specialized stores,,No
U68100DL2021PTC100270,Rudra Agro Private Limited,ROC-DELHI,100271,Company limited by Shares,Non-govt company,Private,29/03/2021,"190, Tower, Vishal Chowk, New Delhi, Delhi - 110096",Delhi,110096,rudra23@gmail.com,Unlisted,Active,5000000,3624869,07/08/2025,31/03/2025,68100,Real estate activities with own/leased property,,No
U64990MH2012PTC100202,Everest Consultancy Private Limited,ROC-PUNE,100203,Company limited by Shares,Non-govt company,Private,11/06/2012,"495, Complex, Vaibhav Marg, Pune, Maharashtra - 411058",Maharashtra,411058,everest84@gmail.com,Unlisted,Active,5000000,3845013,18/09/2024,31/03/2024,64990,Other financial service activities n.e.c.,,No
U46900KA2014PTC100162,Rudra Foods Private Limited,ROC-BANGALORE,100163,Company limited by Shares,Non-govt company,Private,19/04/2014,"604, Complex, Radiant Marg, Bengaluru, Karnataka - 560077",Karnataka,560077,rudra16@gmail.com,Unlisted,Active,5000000,4593665,22/10/2025,31/03/2025,46900,Wholesale trade (non-specialized),,No
U68100UP2009PTC100556,Continental Chemicals Private Limited,ROC-KANPUR,100557,Company limited by Shares,Non-govt company,Private,23/11/2009,"51, Complex, Ganesh Colony, Kanpur, Uttar Pradesh - 208016",Uttar Pradesh,208016,continental28@gmail.com,Unlisted,Active,100000,94570,19/09/2025,31/03/2025,68100,Real estate activities with own/leased property,,No
U46900WB2005PTC100730,Trident Merchants Private Limited,ROC-KOLKATA,100731,Company limited by Shares,Non-govt company,Private,19/11/2005,"225, Chambers, Superior Lane, Kolkata, West Bengal - 700078",West Bengal,700078,trident89@gmail.com,Unlisted,Active,5000000,3078998,19/07/2024,31/03/2024,46900,Wholesale trade (non-specialized),,No
U70200UP2016PTC100402,Vikram Realty Private Limited,ROC-KANPUR,100403,Company limited by Shares,Non-govt company,Private,26/01/2016,"706, House, Shree Chowk, Kanpur, Uttar Pradesh - 208098",Uttar Pradesh,208098,vikram36@gmail.com,Unlisted,Active,1000000,655727,11/07/2026,31/03/2026,70200,Management consultancy activities,,No
U62011TN2024PTC100703,Royal Finance Private Limited,ROC-CHENNAI,100704,Company limited by Shares,Non-govt company,Private,28/10/2024,"485, Mall, National Street, Chennai, Tamil Nadu - 600084",Tamil Nadu,600084,royal17@gmail.com,Unlisted,Active,2000000,1441997,10/11/2025,31/03/2025,62011,Computer programming activities,,No
U74999GJ2015PTC100477,Superior Technologies Private Limited,ROC-AHMEDABAD,100478,Company limited by Shares,Non-govt company,Private,21/12/2015,"708, Heights, Skyline Layout, Ahmedabad, Gujarat - 380069",Gujarat,380069,superior51@gmail.com,Unlisted,Active,2000000,1999097,02/08/2024,31/03/2024,74999,Other business support service activities n.e.c.,,No
U45201DL2020PTC100822,Infinity Technologies Private Limited,ROC-DELHI,100823,Company limited by Shares,Non-govt company,Private,31/03/2020,"210, Heights, Vertex Street, New Delhi, Delhi - 110029",Delhi,110029,infinity35@gmail.com,Unlisted,Active,1000000,512020,14/12/2025,31/03/2025,45201,Maintenance and repair of motor vehicles,,No
U47190HR2016PTC100772,Platinum Distributors Private Limited,ROC-CHANDIGARH,100773,Company limited by Shares,Non-govt company,Private,11/01/2016,"560, Mall, Om Colony, Gurugram, Haryana - 122094",Haryana,122094,platinum79@gmail.com,Unlisted,Active,2000000,1774351,21/11/2025,31/03/2026,47190,Other retail sale in non-specialized stores,,No
U52290GJ2020PTC100106,Anmol Services Private Limited,ROC-AHMEDABAD,100107,Company limited by Shares,Non-govt company,Private,20/12/2020,"772, Arcade, Bharat Chowk, Ahmedabad, Gujarat - 380084",Gujarat,380084,anmol52@rediffmail.com,Unlisted,Active - Non-compliant,50000000,150000,,,52290,Other transportation support activities,RING-15,Yes
U52290TG2018PTC100566,Om Foods Private Limited,ROC-HYDERABAD,100567,Company limited by Shares,Non-govt company,Private,02/02/2018,"884, Complex, Prime Layout, Hyderabad, Telangana - 500053",Telangana,500053,om75@gmail.com,Unlisted,Active,1000000,896147,10/09/2025,31/03/2025,52290,Other transportation support activities,,No
U10610UP2023PTC100390,Diamond Foods Private Limited,ROC-KANPUR,100391,Company limited by Shares,Non-govt company,Private,02/10/2023,"323, Tower, Vaibhav Lane, Kanpur, Uttar Pradesh - 208066",Uttar Pradesh,208066,diamond62@gmail.com,Unlisted,Active,500000,477767,15/08/2025,31/03/2025,10610,Manufacture of grain mill products,,No
U74999PB2019PTC100002,Horizon Exports Private Limited,ROC-CHANDIGARH,100003,Company limited by Shares,Non-govt company,Private,18/03/2019,"115, Plaza, Vishal Chowk, Chandigarh, Punjab - 160041",Punjab,160041,horizon80@rediffmail.com,Unlisted,Under Process of Striking Off,100000000,200000,03/07/2020,31/03/2020,74999,Other business support service activities n.e.c.,RING-01,Yes
U74999MH2026PTC100938,Radiant Retail Private Limited,ROC-MUMBAI,100939,Company limited by Shares,Non-govt company,Private,31/03/2026,"716, Plaza, Zenith Street, Mumbai, Maharashtra - 400029",Maharashtra,400029,radiant92@gmail.com,Unlisted,Active,500000,383580,21/09/2024,31/03/2024,74999,Other business support service activities n.e.c.,,No
U70200MH2026PLC100983,Suvidha Logistics Limited,ROC-MUMBAI,100984,Company limited by Shares,Non-govt company,Public,30/04/2026,"473, Chambers, Diamond Layout, Mumbai, Maharashtra - 400098",Maharashtra,400098,suvidha42@gmail.com,Unlisted,Active,1000000,577815,12/08/2025,31/03/2025,70200,Management consultancy activities,,No
U10610UP2021PTC100562,Vishwa Impex Private Limited,ROC-KANPUR,100563,Company limited by Shares,Non-govt company,Private,01/08/2021,"349, House, Silver Chowk, Kanpur, Uttar Pradesh - 208020",Uttar Pradesh,208020,vishwa97@gmail.com,Unlisted,Active,500000,447383,04/11/2025,31/03/2026,10610,Manufacture of grain mill products,,No
U74999RJ2023PTC100081,Capital Realty Private Limited,ROC-JAIPUR,100082,Company limited by Shares,Non-govt company,Private,22/07/2023,"121, Arcade, Ashirwad Chowk, Jaipur, Rajasthan - 302067",Rajasthan,302067,capital18@rediffmail.com,Unlisted,Active - Non-compliant,100000000,200000,03/10/2022,31/03/2022,74999,Other business support service activities n.e.c.,RING-13,Yes
U64990TG2009PTC100206,Radiant Technologies Private Limited,ROC-HYDERABAD,100207,Company limited by Shares,Non-govt company,Private,03/05/2009,"688, Chambers, Vikram Lane, Hyderabad, Telangana - 500018",Telangana,500018,radiant32@gmail.com,Unlisted,Active - Non-compliant,100000,70429,24/08/2025,31/03/2025,64990,Other financial service activities n.e.c.,,No
U47190TG2022PTC100035,Vikram Exports Private Limited,ROC-HYDERABAD,100036,Company limited by Shares,Non-govt company,Private,16/10/2022,"336, Chambers, Platinum Colony, Hyderabad, Telangana - 500053",Telangana,500053,vikram77@rediffmail.com,Unlisted,Active,100000000,150000,19/12/2021,31/03/2021,47190,Other retail sale in non-specialized stores,RING-05,Yes
U10610TN2019PTC100776,Vishal Industries Private Limited,ROC-CHENNAI,100777,Company limited by Shares,Non-govt company,Private,26/12/2019,"889, Mall, Prime Chowk, Chennai, Tamil Nadu - 600053",Tamil Nadu,600053,vishal29@gmail.com,Unlisted,Active,100000,79194,16/11/2025,31/03/2026,10610,Manufacture of grain mill products,,No
U10610GJ2006PTC100509,Prime Services Private Limited,ROC-AHMEDABAD,100510,Company limited by Shares,Non-govt company,Private,25/08/2006,"307, Heights, Sai Colony, Ahmedabad, Gujarat - 380072",Gujarat,380072,prime35@gmail.com,Unlisted,Active,500000,460486,13/10/2025,31/03/2025,10610,Manufacture of grain mill products,,No
U62011HR2024PTC100428,Prime Impex Private Limited,ROC-CHANDIGARH,100429,Company limited by Shares,Non-govt company,Private,09/04/2024,"13, Arcade, Superior Nagar, Gurugram, Haryana - 122071",Haryana,122071,prime89@gmail.com,Unlisted,Active,500000,409190,19/08/2025,31/03/2026,62011,Computer programming activities,,No
U41001KA2020PTC100455,Sunrise Constructions Private Limited,ROC-BANGALORE,100456,Company limited by Shares,Non-govt company,Private,19/07/2020,"99, Mall, Orion Colony, Bengaluru, Karnataka - 560023",Karnataka,560023,sunrise87@gmail.com,Unlisted,Dormant,500000,464986,05/11/2024,31/03/2024,41001,Construction of residential/commercial buildings,,No
U64990HR2007PTC100367,Rudra Chemicals Private Limited,ROC-CHANDIGARH,100368,Company limited by Shares,Non-govt company,Private,10/04/2007,"805, Chambers, Continental Chowk, Gurugram, Haryana - 122086",Haryana,122086,rudra46@gmail.com,Unlisted,Active,5000000,4560171,06/08/2025,31/03/2025,64990,Other financial service activities n.e.c.,,No
U64990MH2021PTC100092,Lakshmi Retail Private Limited,ROC-MUMBAI,100093,Company limited by Shares,Non-govt company,Private,12/09/2021,"141, Heights, Trident Layout, Mumbai, Maharashtra - 400029",Maharashtra,400029,lakshmi36@rediffmail.com,Unlisted,Active,25000000,200000,23/05/2021,31/03/2021,64990,Other financial service activities n.e.c.,RING-14,Yes
U41001PB2016PLC100340,Rudra Merchants Limited,ROC-CHANDIGARH,100341,Company limited by Shares,Non-govt company,Public,12/01/2016,"342, Tower, Superior Road, Chandigarh, Punjab - 160015",Punjab,160015,rudra87@gmail.com,Unlisted,Active - Non-compliant,100000,61226,20/07/2025,31/03/2025,41001,Construction of residential/commercial buildings,,No
U46900TG2016PTC100898,Prime Commodities Private Limited,ROC-HYDERABAD,100899,Company limited by Shares,Non-govt company,Private,26/01/2016,"642, House, Bharat Nagar, Hyderabad, Telangana - 500098",Telangana,500098,prime94@gmail.com,Unlisted,Active,2000000,1255847,27/10/2024,31/03/2024,46900,Wholesale trade (non-specialized),,No
U14101UP2024PTC100565,Zenith Overseas Private Limited,ROC-KANPUR,100566,Company limited by Shares,Non-govt company,Private,21/05/2024,"363, Complex, Platinum Nagar, Kanpur, Uttar Pradesh - 208088",Uttar Pradesh,208088,zenith77@gmail.com,Unlisted,Active,100000,64173,25/07/2026,31/03/2026,14101,Manufacture of wearing apparel,,No
U63990WB2012PTC100346,National Agro Private Limited,ROC-KOLKATA,100347,Company limited by Shares,Non-govt company,Private,31/12/2012,"365, Complex, Vaibhav Road, Kolkata, West Bengal - 700052",West Bengal,700052,national62@gmail.com,Unlisted,Active,500000,489684,24/10/2025,31/03/2025,63990,Other information service activities n.e.c.,,No
U10610HR2005PLC100777,Radiant Agro Limited,ROC-CHANDIGARH,100778,Company limited by Shares,Non-govt company,Public,27/04/2005,"910, Heights, Ganesh Marg, Gurugram, Haryana - 122027",Haryana,122027,radiant94@gmail.com,Unlisted,Active,500000,374566,01/12/2025,31/03/2026,10610,Manufacture of grain mill products,,No
U52290DL2021PTC100242,Platinum Foods Private Limited,ROC-DELHI,100243,Company limited by Shares,Non-govt company,Private,25/07/2021,"588, Complex, Vardhan Layout, New Delhi, Delhi - 110053",Delhi,110053,platinum98@gmail.com,Unlisted,Active,2000000,1331280,25/09/2025,31/03/2025,52290,Other transportation support activities,,No
U82990RJ2019PLC100014,Vantage Enterprises Limited,ROC-JAIPUR,100015,Company limited by Shares,Non-govt company,Public,24/09/2019,"935, Tower, Vishwa Chowk, Jaipur, Rajasthan - 302091",Rajasthan,302091,vantage25@rediffmail.com,Unlisted,Active - Non-compliant,10000000,100000,,,82990,Other business support activities n.e.c.,RING-02,Yes
U47190TG2025PTC100316,Trident Commodities Private Limited,ROC-HYDERABAD,100317,Company limited by Shares,Non-govt company,Private,21/04/2025,"533, Plaza, Prime Layout, Hyderabad, Telangana - 500021",Telangana,500021,trident48@gmail.com,Unlisted,Active,5000000,3462146,28/08/2024,31/03/2024,47190,Other retail sale in non-specialized stores,,No
U46900MH2007PTC100601,Diamond Retail Private Limited,ROC-PUNE,100602,Company limited by Shares,Non-govt company,Private,28/05/2007,"247, Tower, Apex Layout, Pune, Maharashtra - 411074",Maharashtra,411074,diamond75@gmail.com,Unlisted,Active,5000000,4215601,11/12/2024,31/03/2024,46900,Wholesale trade (non-specialized),,No
U82990TN2024PTC100388,Nova Trading Private Limited,ROC-CHENNAI,100389,Company limited by Shares,Non-govt company,Private,26/03/2024,"455, Tower, Vantage Road, Chennai, Tamil Nadu - 600040",Tamil Nadu,600040,nova36@gmail.com,Unlisted,Active,500000,385110,17/07/2025,31/03/2026,82990,Other business support activities n.e.c.,,No
U41001TN2015PTC100274,Vaibhav Distributors Private Limited,ROC-CHENNAI,100275,Company limited by Shares,Non-govt company,Private,31/10/2015,"215, Plaza, Sai Colony, Chennai, Tamil Nadu - 600043",Tamil Nadu,600043,vaibhav55@gmail.com,Unlisted,Active,200000,119948,08/09/2025,31/03/2026,41001,Construction of residential/commercial buildings,,No
U64990PB2014PTC100167,Shree Exports Private Limited,ROC-CHANDIGARH,100168,Company limited by Shares,Non-govt company,Private,30/12/2014,"968, Tower, Elite Chowk, Chandigarh, Punjab - 160079",Punjab,160079,shree46@gmail.com,Unlisted,Active,5000000,4034252,26/10/2025,31/03/2026,64990,Other financial service activities n.e.c.,,No
U10610RJ2024PTC100841,Zenith Industries Private Limited,ROC-JAIPUR,100842,Company limited by Shares,Non-govt company,Private,03/10/2024,"946, Arcade, Rudra Lane, Jaipur, Rajasthan - 302091",Rajasthan,302091,zenith66@gmail.com,Unlisted,Active,200000,162499,02/08/2024,31/03/2024,10610,Manufacture of grain mill products,,No
U70200RJ2023PTC100993,Lakshmi Trading Private Limited,ROC-JAIPUR,100994,Company limited by Shares,Non-govt company,Private,06/11/2023,"737, Heights, Skyline Road, Jaipur, Rajasthan - 302018",Rajasthan,302018,lakshmi56@gmail.com,Unlisted,Active,2000000,1286342,14/08/2024,31/03/2024,70200,Management consultancy activities,,No
U68100DL2024PTC100647,Om Retail Private Limited,ROC-DELHI,100648,Company limited by Shares,Non-govt company,Private,19/04/2024,"294, House, Superior Colony, New Delhi, Delhi - 110070",Delhi,110070,om84@gmail.com,Unlisted,Active,100000,73946,07/09/2024,31/03/2024,68100,Real estate activities with own/leased property,,No
U52290KA2008PTC100819,Universal Merchants Private Limited,ROC-BANGALORE,100820,Company limited by Shares,Non-govt company,Private,09/07/2008,"155, Plaza, Skyline Road, Bengaluru, Karnataka - 560095",Karnataka,560095,universal84@gmail.com,Unlisted,Active,100000,65103,06/07/2025,31/03/2025,52290,Other transportation support activities,,No
U14101TN2019PTC100485,Diamond Trading Private Limited,ROC-CHENNAI,100486,Company limited by Shares,Non-govt company,Private,12/08/2019,"824, Tower, Vishal Lane, Chennai, Tamil Nadu - 600035",Tamil Nadu,600035,diamond82@gmail.com,Unlisted,Active,2000000,1770016,13/07/2026,31/03/2026,14101,Manufacture of wearing apparel,,No
U52290DL2006PTC100981,Universal Chemicals Private Limited,ROC-DELHI,100982,Company limited by Shares,Non-govt company,Private,29/08/2006,"753, Tower, Vishal Street, New Delhi, Delhi - 110083",Delhi,110083,universal58@gmail.com,Unlisted,Active,5000000,2984093,19/08/2024,31/03/2024,52290,Other transportation support activities,,No
U14101KA2005PTC100505,Elite Finance Private Limited,ROC-BANGALORE,100506,Company limited by Shares,Non-govt company,Private,18/07/2005,"23, House, Vardhan Colony, Bengaluru, Karnataka - 560056",Karnataka,560056,elite58@gmail.com,Unlisted,Active,2000000,1244072,26/12/2025,31/03/2025,14101,Manufacture of wearing apparel,,No
U70200MH2017PTC100832,Radiant Merchants Private Limited,ROC-PUNE,100833,Company limited by Shares,Non-govt company,Private,24/04/2017,"415, Chambers, Trident Road, Pune, Maharashtra - 411065",Maharashtra,411065,radiant21@gmail.com,Unlisted,Dormant,100000,54560,04/12/2025,31/03/2026,70200,Management consultancy activities,,No
U62011TN2025PTC100244,Silver Services Private Limited,ROC-CHENNAI,100245,Company limited by Shares,Non-govt company,Private,19/02/2025,"148, Chambers, Everest Layout, Chennai, Tamil Nadu - 600077",Tamil Nadu,600077,silver52@gmail.com,Unlisted,Active,5000000,4741072,03/11/2024,31/03/2024,62011,Computer programming activities,,No
U41001MH2005PLC100567,Vaibhav Logistics Limited,ROC-PUNE,100568,Company limited by Shares,Non-govt company,Public,28/07/2005,"236, Chambers, Royal Lane, Pune, Maharashtra - 411026",Maharashtra,411026,vaibhav92@gmail.com,Unlisted,Active,100000,94124,21/09/2025,31/03/2025,41001,Construction of residential/commercial buildings,,No
U41001TN2017PTC100876,Golden Agro Private Limited,ROC-CHENNAI,100877,Company limited by Shares,Non-govt company,Private,10/08/2017,"276, Chambers, Bharat Marg, Chennai, Tamil Nadu - 600083",Tamil Nadu,600083,golden54@gmail.com,Unlisted,Active - Non-compliant,1000000,971888,15/07/2025,31/03/2025,41001,Construction of residential/commercial buildings,,No
U52290UP2024PTC100563,Vinayak Pharma Private Limited,ROC-KANPUR,100564,Company limited by Shares,Non-govt company,Private,19/04/2024,"502, Arcade, Elite Colony, Kanpur, Uttar Pradesh - 208012",Uttar Pradesh,208012,vinayak88@gmail.com,Unlisted,Active,100000,77996,21/07/2025,31/03/2025,52290,Other transportation support activities,,No
U10610MH2005PTC100687,Horizon Retail Private Limited,ROC-PUNE,100688,Company limited by Shares,Non-govt company,Private,13/04/2005,"430, Plaza, Golden Street, Pune, Maharashtra - 411060",Maharashtra,411060,horizon27@gmail.com,Unlisted,Active,100000,97103,28/12/2024,31/03/2024,10610,Manufacture of grain mill products,,No
U52290HR2021PTC100190,Vinayak Textiles Private Limited,ROC-CHANDIGARH,100191,Company limited by Shares,Non-govt company,Private,31/08/2021,"114, Mall, Shakti Layout, Gurugram, Haryana - 122044",Haryana,122044,vinayak99@gmail.com,Unlisted,Active,500000,353225,10/08/2026,31/03/2026,52290,Other transportation support activities,,No
U10610UP2015PTC100783,Krishna Overseas Private Limited,ROC-KANPUR,100784,Company limited by Shares,Non-govt company,Private,14/03/2015,"397, Chambers, Horizon Chowk, Kanpur, Uttar Pradesh - 208075",Uttar Pradesh,208075,krishna94@gmail.com,Unlisted,Active,200000,121944,05/11/2024,31/03/2024,10610,Manufacture of grain mill products,,No
U82990WB2019PTC100700,Continental Developers Private Limited,ROC-KOLKATA,100701,Company limited by Shares,Non-govt company,Private,06/12/2019,"225, Plaza, Nova Nagar, Kolkata, West Bengal - 700062",West Bengal,700062,continental13@gmail.com,Unlisted,Active,1000000,557211,06/11/2025,31/03/2025,82990,Other business support activities n.e.c.,,No
U14101TN2005PTC100476,Continental Distributors Private Limited,ROC-CHENNAI,100477,Company limited by Shares,Non-govt company,Private,27/02/2005,"506, Heights, Anmol Marg, Chennai, Tamil Nadu - 600089",Tamil Nadu,600089,continental65@gmail.com,Unlisted,Active,5000000,3129170,03/07/2026,31/03/2026,14101,Manufacture of wearing apparel,,No
U46900RJ2007PTC100682,Global Overseas Private Limited,ROC-JAIPUR,100683,Company limited by Shares,Non-govt company,Private,05/10/2007,"473, Chambers, Infinity Road, Jaipur, Rajasthan - 302053",Rajasthan,302053,global99@gmail.com,Unlisted,Active,500000,331935,23/08/2025,31/03/2025,46900,Wholesale trade (non-specialized),,No
U62011KA2015PTC100511,Vishwa Solutions Private Limited,ROC-BANGALORE,100512,Company limited by Shares,Non-govt company,Private,21/01/2015,"377, Plaza, Meridian Road, Bengaluru, Karnataka - 560066",Karnataka,560066,vishwa72@gmail.com,Unlisted,Active,500000,449627,10/09/2024,31/03/2024,62011,Computer programming activities,,No
U47190TN2023PTC100059,Emerald Pharma Private Limited,ROC-CHENNAI,100060,Company limited by Shares,Non-govt company,Private,08/01/2023,"470, Plaza, Om Layout, Chennai, Tamil Nadu - 600061",Tamil Nadu,600061,emerald98@rediffmail.com,Unlisted,Under Process of Striking Off,100000000,150000,22/10/2023,31/03/2023,47190,Other retail sale in non-specialized stores,RING-09,Yes
U82990GJ2024PTC100475,Pioneer Distributors Private Limited,ROC-AHMEDABAD,100476,Company limited by Shares,Non-govt company,Private,27/05/2024,"270, Complex, Orion Lane, Ahmedabad, Gujarat - 380099",Gujarat,380099,pioneer25@gmail.com,Unlisted,Active,100000,72125,07/08/2026,31/03/2026,82990,Other business support activities n.e.c.,,No
U14101UP2012PTC100561,Krishna Services Private Limited,ROC-KANPUR,100562,Company limited by Shares,Non-govt company,Private,21/02/2012,"244, Heights, Om Chowk, Kanpur, Uttar Pradesh - 208013",Uttar Pradesh,208013,krishna94@gmail.com,Unlisted,Active,2000000,1000654,26/12/2024,31/03/2024,14101,Manufacture of wearing apparel,,No
U47190MH2022PTC100857,Shakti Pharma Private Limited,ROC-PUNE,100858,Company limited by Shares,Non-govt company,Private,05/11/2022,"496, Tower, Vinayak Road, Pune, Maharashtra - 411051",Maharashtra,411051,shakti12@gmail.com,Unlisted,Active,100000,84283,16/11/2024,31/03/2024,47190,Other retail sale in non-specialized stores,,No
U10610PB2014PTC100748,Elite Ventures Private Limited,ROC-CHANDIGARH,100749,Company limited by Shares,Non-govt company,Private,19/03/2014,"972, House, Golden Lane, Chandigarh, Punjab - 160054",Punjab,160054,elite58@gmail.com,Unlisted,Active,2000000,1128810,15/07/2025,31/03/2025,10610,Manufacture of grain mill products,,No
U68100PB2015PTC100253,Falcon Commodities Private Limited,ROC-CHANDIGARH,100254,Company limited by Shares,Non-govt company,Private,16/07/2015,"606, House, Shakti Colony, Chandigarh, Punjab - 160046",Punjab,160046,falcon51@gmail.com,Unlisted,Active,2000000,1854351,16/09/2025,31/03/2025,68100,Real estate activities with own/leased property,,No
U82990RJ2022PTC100022,Superior Foods Private Limited,ROC-JAIPUR,100023,Company limited by Shares,Non-govt company,Private,03/12/2022,"272, Complex, Continental Road, Jaipur, Rajasthan - 302041",Rajasthan,302041,superior99@rediffmail.com,Unlisted,Active - Non-compliant,25000000,200000,,,82990,Other business support activities n.e.c.,RING-03,Yes
U10610PB2019PLC100314,Zenith Systems Limited,ROC-CHANDIGARH,100315,Company limited by Shares,Non-govt company,Public,04/12/2019,"273, Mall, Trident Colony, Chandigarh, Punjab - 160087",Punjab,160087,zenith64@gmail.com,Unlisted,Active,100000,54842,25/11/2025,31/03/2026,10610,Manufacture of grain mill products,,No
U47190GJ2018PTC100460,Aastha Retail Private Limited,ROC-AHMEDABAD,100461,Company limited by Shares,Non-govt company,Private,05/04/2018,"720, House, Vikram Lane, Ahmedabad, Gujarat - 380046",Gujarat,380046,aastha51@gmail.com,Unlisted,Active,2000000,1090953,19/11/2024,31/03/2024,47190,Other retail sale in non-specialized stores,,No
U82990WB2010PTC100161,Superior Merchants Private Limited,ROC-KOLKATA,100162,Company limited by Shares,Non-govt company,Private,01/01/2010,"673, Heights, Rudra Layout, Kolkata, West Bengal - 700024",West Bengal,700024,superior22@gmail.com,Unlisted,Active,1000000,665986,23/10/2024,31/03/2024,82990,Other business support activities n.e.c.,,No
U41001MH2022PTC100277,Bharat Foods Private Limited,ROC-PUNE,100278,Company limited by Shares,Non-govt company,Private,29/04/2022,"925, Plaza, Vishwa Chowk, Pune, Maharashtra - 411063",Maharashtra,411063,bharat61@gmail.com,Unlisted,Active,1000000,530734,05/12/2024,31/03/2024,41001,Construction of residential/commercial buildings,,No
U47190GJ2021PTC100956,Lakshmi Impex Private Limited,ROC-AHMEDABAD,100957,Company limited by Shares,Non-govt company,Private,31/01/2021,"628, Chambers, Superior Chowk, Ahmedabad, Gujarat - 380060",Gujarat,380060,lakshmi48@gmail.com,Unlisted,Active,1000000,568123,18/11/2024,31/03/2024,47190,Other retail sale in non-specialized stores,,No
U68100HR2009PTC100192,Ashirwad Exports Private Limited,ROC-CHANDIGARH,100193,Company limited by Shares,Non-govt company,Private,04/09/2009,"746, Plaza, Vishal Road, Gurugram, Haryana - 122042",Haryana,122042,ashirwad71@gmail.com,Unlisted,Active,1000000,840721,21/08/2025,31/03/2025,68100,Real estate activities with own/leased property,,No
U63990RJ2017PTC100386,Platinum Logistics Private Limited,ROC-JAIPUR,100387,Company limited by Shares,Non-govt company,Private,30/09/2017,"930, Plaza, Zenith Chowk, Jaipur, Rajasthan - 302020",Rajasthan,302020,platinum41@gmail.com,Unlisted,Active - Non-compliant,2000000,1260100,05/08/2024,31/03/2024,63990,Other information service activities n.e.c.,,No
U47190MH2020PTC100806,Vaibhav Technologies Private Limited,ROC-MUMBAI,100807,Company limited by Shares,Non-govt company,Private,22/01/2020,"332, Mall, Global Road, Mumbai, Maharashtra - 400073",Maharashtra,400073,vaibhav24@gmail.com,Unlisted,Dormant,1000000,918666,03/07/2025,31/03/2026,47190,Other retail sale in non-specialized stores,,No
U10610TN2009PLC100414,Lakshmi Retail Limited,ROC-CHENNAI,100415,Company limited by Shares,Non-govt company,Public,14/06/2009,"812, Complex, Continental Layout, Chennai, Tamil Nadu - 600060",Tamil Nadu,600060,lakshmi31@gmail.com,Unlisted,Active,200000,112989,10/07/2026,31/03/2026,10610,Manufacture of grain mill products,,No
U45201WB2018PTC100492,Capital Agro Private Limited,ROC-KOLKATA,100493,Company limited by Shares,Non-govt company,Private,24/03/2018,"512, Heights, Continental Marg, Kolkata, West Bengal - 700042",West Bengal,700042,capital99@gmail.com,Unlisted,Active,1000000,817609,02/10/2024,31/03/2024,45201,Maintenance and repair of motor vehicles,,No
U10610MH2005PLC100344,Apex Enterprises Limited,ROC-PUNE,100345,Company limited by Shares,Non-govt company,Public,21/09/2005,"568, Arcade, Vardhan Chowk, Pune, Maharashtra - 411039",Maharashtra,411039,apex64@gmail.com,Unlisted,Active,200000,150329,15/12/2025,31/03/2025,10610,Manufacture of grain mill products,,No
U46310KA2018PLC100770,Global Solutions Limited,ROC-BANGALORE,100771,Company limited by Shares,Non-govt company,Public,03/03/2018,"863, Tower, Nova Nagar, Bengaluru, Karnataka - 560014",Karnataka,560014,global85@gmail.com,Unlisted,Active,2000000,1679391,09/12/2024,31/03/2024,46310,Wholesale of agricultural raw materials,,No
U64990MH2026PTC100309,Royal Overseas Private Limited,ROC-MUMBAI,100310,Company limited by Shares,Non-govt company,Private,23/05/2026,"178, Chambers, Vertex Road, Mumbai, Maharashtra - 400064",Maharashtra,400064,royal69@gmail.com,Unlisted,Active,100000,81718,03/08/2026,31/03/2026,64990,Other financial service activities n.e.c.,,No
U68100HR2018PTC100662,Universal Industries Private Limited,ROC-CHANDIGARH,100663,Company limited by Shares,Non-govt company,Private,18/10/2018,"285, Tower, Suvidha Street, Gurugram, Haryana - 122075",Haryana,122075,universal99@gmail.com,Unlisted,Active,200000,182538,20/11/2024,31/03/2024,68100,Real estate activities with own/leased property,,No
U14101MH2011PTC100131,Platinum Finance Private Limited,ROC-PUNE,100132,Company limited by Shares,Non-govt company,Private,09/12/2011,"168, Mall, Continental Chowk, Pune, Maharashtra - 411031",Maharashtra,411031,platinum57@gmail.com,Unlisted,Active,5000000,4145130,01/12/2025,31/03/2026,14101,Manufacture of wearing apparel,,No
U63990KA2020PLC100664,Vantage Finance Limited,ROC-BANGALORE,100665,Company limited by Shares,Non-govt company,Public,06/02/2020,"345, Tower, Vishwa Nagar, Bengaluru, Karnataka - 560032",Karnataka,560032,vantage60@gmail.com,Unlisted,Active,200000,121449,17/07/2024,31/03/2024,63990,Other information service activities n.e.c.,,No
U41001TG2011PLC100872,Shree Retail Limited,ROC-HYDERABAD,100873,Company limited by Shares,Non-govt company,Public,09/11/2011,"632, Chambers, Om Nagar, Hyderabad, Telangana - 500096",Telangana,500096,shree41@gmail.com,Unlisted,Active,5000000,2929127,23/07/2025,31/03/2025,41001,Construction of residential/commercial buildings,,No
U62011GJ2020PTC100100,Anmol Commodities Private Limited,ROC-AHMEDABAD,100101,Company limited by Shares,Non-govt company,Private,15/12/2020,"772, Arcade, Bharat Chowk, Ahmedabad, Gujarat - 380084",Gujarat,380084,anmol54@rediffmail.com,Unlisted,Active - Non-compliant,10000000,150000,,,62011,Computer programming activities,RING-15,Yes
U46900UP2011PTC100373,Orion Traders Private Limited,ROC-KANPUR,100374,Company limited by Shares,Non-govt company,Private,01/08/2011,"860, Plaza, National Marg, Kanpur, Uttar Pradesh - 208044",Uttar Pradesh,208044,orion93@gmail.com,Unlisted,Active,1000000,562967,15/11/2025,31/03/2025,46900,Wholesale trade (non-specialized),,No
U64990RJ2023PTC100088,Capital Chemicals Private Limited,ROC-JAIPUR,100089,Company limited by Shares,Non-govt company,Private,16/07/2023,"121, Arcade, Ashirwad Chowk, Jaipur, Rajasthan - 302067",Rajasthan,302067,capital80@rediffmail.com,Unlisted,Active,100000000,200000,,,64990,Other financial service activities n.e.c.,RING-13,Yes
U41001MH2020PTC100459,Everest Agro Private Limited,ROC-PUNE,100460,Company limited by Shares,Non-govt company,Private,27/04/2020,"159, Heights, Platinum Nagar, Pune, Maharashtra - 411067",Maharashtra,411067,everest24@gmail.com,Unlisted,Active,2000000,1518488,20/08/2025,31/03/2025,41001,Construction of residential/commercial buildings,,No
U47190PB2010PLC100331,Metro Technologies Limited,ROC-CHANDIGARH,100332,Company limited by Shares,Non-govt company,Public,18/12/2010,"333, House, Vantage Nagar, Chandigarh, Punjab - 160026",Punjab,160026,metro24@gmail.com,Unlisted,Active,1000000,744533,05/12/2024,31/03/2024,47190,Other retail sale in non-specialized stores,,No
U52290WB2023PTC100215,Apex Systems Private Limited,ROC-KOLKATA,100216,Company limited by Shares,Non-govt company,Private,10/06/2023,"535, Tower, Shree Chowk, Kolkata, West Bengal - 700015",West Bengal,700015,apex97@gmail.com,Unlisted,Active,5000000,4981800,28/12/2025,31/03/2026,52290,Other transportation support activities,,No
U45201TN2020PTC100467,Apex Enterprises Private Limited,ROC-CHENNAI,100468,Company limited by Shares,Non-govt company,Private,09/12/2020,"965, House, Skyline Nagar, Chennai, Tamil Nadu - 600068",Tamil Nadu,600068,apex67@gmail.com,Unlisted,Dormant,2000000,1851683,07/09/2024,31/03/2024,45201,Maintenance and repair of motor vehicles,,No
U10610PB2013PTC100122,Sunrise Finance Private Limited,ROC-CHANDIGARH,100123,Company limited by Shares,Non-govt company,Private,21/10/2013,"690, Arcade, Shakti Road, Chandigarh, Punjab - 160096",Punjab,160096,sunrise27@gmail.com,Unlisted,Active,100000,67396,27/08/2024,31/03/2024,10610,Manufacture of grain mill products,,No
U41001UP2005PLC100615,Continental Overseas Limited,ROC-KANPUR,100616,Company limited by Shares,Non-govt company,Public,28/03/2005,"114, Heights, Capital Street, Kanpur, Uttar Pradesh - 208054",Uttar Pradesh,208054,continental93@gmail.com,Unlisted,Active,1000000,879773,11/07/2026,31/03/2026,41001,Construction of residential/commercial buildings,,No
U74999RJ2022PTC100021,Superior Logistics Private Limited,ROC-JAIPUR,100022,Company limited by Shares,Non-govt company,Private,13/12/2022,"272, Complex, Continental Road, Jaipur, Rajasthan - 302041",Rajasthan,302041,superior65@rediffmail.com,Unlisted,Active - Non-compliant,100000000,100000,23/01/2021,31/03/2021,74999,Other business support service activities n.e.c.,RING-03,Yes
U52290DL2026PLC100701,Sai Investments Limited,ROC-DELHI,100702,Company limited by Shares,Non-govt company,Public,25/03/2026,"333, Chambers, Ashirwad Chowk, New Delhi, Delhi - 110049",Delhi,110049,sai58@gmail.com,Unlisted,Active,5000000,3435653,25/10/2025,31/03/2025,52290,Other transportation support activities,,No
U45201RJ2021PTC100072,Elite Pharma Private Limited,ROC-JAIPUR,100073,Company limited by Shares,Non-govt company,Private,23/10/2021,"536, Complex, Superior Colony, Jaipur, Rajasthan - 302046",Rajasthan,302046,elite70@rediffmail.com,Unlisted,Active,25000000,150000,,,45201,Maintenance and repair of motor vehicles,RING-11,Yes
U10610TN2023PLC100107,Anmol Technologies Limited,ROC-CHENNAI,100108,Company limited by Shares,Non-govt company,Public,09/06/2023,"387, Plaza, Royal Lane, Chennai, Tamil Nadu - 600085",Tamil Nadu,600085,anmol78@rediffmail.com,Unlisted,Under Process of Striking Off,20000000,500000,15/07/2021,31/03/2021,10610,Manufacture of grain mill products,RING-16,Yes
U10610PB2011PTC100271,Vishal Finance Private Limited,ROC-CHANDIGARH,100272,Company limited by Shares,Non-govt company,Private,17/10/2011,"824, Arcade, National Street, Chandigarh, Punjab - 160027",Punjab,160027,vishal11@gmail.com,Unlisted,Active,2000000,1360728,13/12/2024,31/03/2024,10610,Manufacture of grain mill products,,No
U63990HR2024PTC100861,Metro Commodities Private Limited,ROC-CHANDIGARH,100862,Company limited by Shares,Non-govt company,Private,09/10/2024,"426, Plaza, Vertex Road, Gurugram, Haryana - 122093",Haryana,122093,metro99@gmail.com,Unlisted,Active,5000000,3466838,08/10/2024,31/03/2024,63990,Other information service activities n.e.c.,,No
U46310KA2020PTC100436,Platinum Pharma Private Limited,ROC-BANGALORE,100437,Company limited by Shares,Non-govt company,Private,14/03/2020,"658, House, Emerald Nagar, Bengaluru, Karnataka - 560072",Karnataka,560072,platinum16@gmail.com,Unlisted,Active,500000,313839,04/08/2026,31/03/2026,46310,Wholesale of agricultural raw materials,,No
U10610GJ2020PTC100103,Anmol Exports Private Limited,ROC-AHMEDABAD,100104,Company limited by Shares,Non-govt company,Private,28/12/2020,"772, Arcade, Bharat Chowk, Ahmedabad, Gujarat - 380084",Gujarat,380084,anmol39@rediffmail.com,Unlisted,Active - Non-compliant,10000000,150000,,,10610,Manufacture of grain mill products,RING-15,Yes
