DIN,Director_Name,CIN,Company_Name,Designation,Date_of_Appointment,Date_of_Cessation,Nationality,Gender,Synthetic_Ring_ID
8220273,Girish Agarwal,U70200KA2006PTC100706,Sai Exports Private Limited,Additional Director,24/03/2006,,Indian,Male,
8755370,Rekha Saxena,U64990TN2023PTC100210,Shakti Investments Private Limited,Additional Director,10/07/2023,,Indian,Female,
9143986,Geeta Kumar,U10610HR2021PTC100804,Vertex Developers Private Limited,Director,02/06/2021,,Indian,Female,
9282781,Payal Sharma,U63990RJ2022PTC100019,Superior Ventures Private Limited,Director,24/12/2022,,Indian,Female,RING-03
8691044,Pooja Chopra,U70200MH2014PLC100712,Vikram Textiles Limited,Director,10/07/2014,,Indian,Female,
8845659,Sachin Arora,U74999GJ2015PTC100477,Superior Technologies Private Limited,Additional Director,09/02/2016,,Indian,Male,
9601363,Neha Saxena,U41001MH2005PLC100567,Vaibhav Logistics Limited,Managing Director,20/09/2005,,Indian,Female,
9055401,Preeti Chauhan,U14101RJ2015PTC100714,Orion Investments Private Limited,Additional Director,19/11/2015,,Indian,Female,
9066734,Priya Bansal,U82990TN2007PTC100877,Sunrise Infra Private Limited,Managing Director,05/04/2007,,Indian,Female,
9290524,Sunil Malhotra,U46900HR2025PLC100635,National Technologies Limited,Additional Director,05/07/2025,,Indian,Male,
8225192,Kunal Iyer,U70200RJ2005PTC100676,Trident Constructions Private Limited,Director,10/05/2005,,Indian,Male,
8952272,Alok Desai,U10610RJ2009PTC100194,Pioneer Constructions Private Limited,Director,26/05/2009,,Indian,Male,
9628252,Bharat Agarwal,U46900MH2007PTC100601,Diamond Retail Private Limited,Director,11/07/2007,,Indian,Male,
8257189,Anil Arora,U63990RJ2023PTC100082,Capital Pharma Private Limited,Director,31/07/2023,,Indian,Male,RING-13
9603209,Ishaan Trivedi,U45201PB2011PTC100667,Shree Systems Private Limited,Independent Director,11/09/2011,,Indian,Male,
9234933,Sachin Bhatia,U70200TN2015PTC100209,Everest Distributors Private Limited,Nominee Director,19/01/2015,,Indian,Male,
8861560,Alok Khanna,U74999TG2007PTC100800,Radiant Developers Private Limited,Managing Director,26/05/2007,,Indian,Male,
8444193,Sarita Patel,U68100TN2023PTC100110,Anmol Impex Private Limited,Whole-time Director,20/06/2023,,Indian,Female,RING-16
9464994,Kiran Bhatia,U47190HR2020PTC100343,Vaibhav Logistics Private Limited,Director,07/11/2020,,Indian,Female,
8306601,Kunal Yadav,U63990TN2005PTC100198,Horizon Infra Private Limited,Director,12/08/2005,,Indian,Male,
8026456,Vijay Singh,U46310HR2018PTC100599,Anmol Technologies Private Limited,Director,25/01/2019,,Indian,Male,
9399968,Bharat Jain,U74999HR2016PTC100450,Zenith Traders Private Limited,Managing Director,29/05/2016,,Indian,Male,
9073188,Sachin Shah,U68100WB2023PLC100921,Ganesh Retail Limited,Director,15/02/2023,,Indian,Male,
9961885,Ashok Jain,U74999TN2025PLC100258,Royal Traders Limited,Nominee Director,27/02/2025,,Indian,Male,
9806577,Yogesh Rao,U10610RJ2010PTC100680,Universal Systems Private Limited,Additional Director,16/08/2010,,Indian,Male,
9839061,Ravi Shah,U10610DL2009PTC100453,Silver Foods Private Limited,Additional Director,21/05/2009,,Indian,Male,
9435223,Ashok Jain,U68100KA2024PLC100176,Diamond Finance Limited,Nominee Director,16/06/2024,,Indian,Male,
9679366,Kiran Singh,U74999MH2026PTC100938,Radiant Retail Private Limited,Nominee Director,22/04/2026,,Indian,Female,
8068018,Priya Saxena,U70200KA2006PTC100706,Sai Exports Private Limited,Director,09/03/2006,,Indian,Female,
8187142,Vishal Trivedi,U47190GJ2016PTC100575,National Infra Private Limited,Managing Director,16/05/2016,,Indian,Male,
8311570,Mahesh Malhotra,U68100GJ2015PTC100497,Capital Infra Private Limited,Nominee Director,26/09/2015,,Indian,Male,
8162207,Sunil Khanna,U74999MH2019PTC100940,Aastha Commodities Private Limited,Additional Director,14/11/2019,,Indian,Male,
9746767,Vivek Mishra,U52290GJ2005PTC100743,Diamond Traders Private Limited,Director,11/10/2005,,Indian,Male,
8386015,Satish Rao,U64990HR2020PTC100335,Vardhan Enterprises Private Limited,Managing Director,22/08/2020,,Indian,Male,
8825472,Kavita Iyer,U10610UP2014PTC100471,Vaibhav Merchants Private Limited,Managing Director,12/01/2015,,Indian,Female,
9261941,Suresh Arora,U45201MH2008PTC100785,Suvidha Retail Private Limited,Director,18/06/2008,,Indian,Male,
9637743,Rekha Chopra,U41001PB2015PTC100282,Platinum Systems Private Limited,Director,01/03/2015,,Indian,Female,
9948461,Sandeep Malhotra,U63990RJ2019PTC100013,Vantage Agro Private Limited,Director,07/10/2019,,Indian,Male,RING-02
9240175,Praveen Chauhan,U68100UP2018PTC100606,Shakti Chemicals Private Limited,Director,11/10/2018,,Indian,Male,
8440344,Rajesh Yadav,U47190TN2017PTC100336,Horizon Agro Private Limited,Whole-time Director,04/06/2017,,Indian,Male,
9858934,Manish Trivedi,U52290WB2020PTC100895,Rudra Services Private Limited,Managing Director,23/04/2020,,Indian,Male,
9565617,Suresh Agarwal,U70200GJ2014PTC100736,Suvidha Overseas Private Limited,Director,17/05/2014,,Indian,Male,
8391787,Divya Singh,U41001MH2008PTC100739,Aastha Investments Private Limited,Additional Director,05/04/2008,,Indian,Female,
9504220,Ishaan Jain,U10610TN2013PTC100443,Prime Foods Private Limited,Managing Director,16/04/2013,,Indian,Male,
9911229,Shobha Rao,U64990UP2013PTC100300,Vardhan Overseas Private Limited,Director,19/08/2013,,Indian,Female,
9702236,Seema Joshi,U62011TN2009PLC100512,Everest Trading Limited,Nominee Director,17/06/2009,,Indian,Female,
8306601,Kunal Yadav,U14101GJ2020PTC100988,Shakti Systems Private Limited,Whole-time Director,10/01/2020,,Indian,Male,
8513684,Amit Bansal,U10610UP2013PTC100696,Ganesh Overseas Private Limited,Director,11/10/2013,,Indian,Male,
8808372,Amit Iyer,U68100KA2024PLC100176,Diamond Finance Limited,Whole-time Director,10/08/2024,,Indian,Male,
8729774,Vishal Patel,U62011MH2021PTC100954,Meridian Agro Private Limited,Director,14/07/2021,,Indian,Male,
8593902,Sarita Khanna,U46310WB2013PTC100415,Global Technologies Private Limited,Director,11/12/2013,,Indian,Female,
8017348,Rahul Bhatia,U82990TG2006PTC100684,Elite Services Private Limited,Nominee Director,18/08/2006,,Indian,Male,
9175567,Naresh Reddy,U82990TN2022PTC100189,Shree Trading Private Limited,Managing Director,18/01/2022,,Indian,Male,
9019834,Kunal Patel,U14101MH2015PTC100349,Aastha Industries Private Limited,Managing Director,03/09/2015,,Indian,Male,
8542449,Sanjay Goyal,U68100PB2008PLC100304,Vertex Retail Limited,Director,22/03/2008,,Indian,Male,
9598581,Rahul Patel,U14101TN2013PLC100837,Pioneer Impex Limited,Director,18/07/2013,,Indian,Male,
9674409,Manish Jain,U82990MH2020PTC100878,Skyline Retail Private Limited,Managing Director,19/09/2020,,Indian,Male,
8639401,Girish Mishra,U52290GJ2007PTC100639,Vertex Industries Private Limited,Managing Director,01/08/2007,,Indian,Male,
9280354,Vishal Khanna,U82990TN2007PTC100877,Sunrise Infra Private Limited,Director,05/04/2007,,Indian,Male,
8416210,Vinod Gupta,U14101TG2022PTC100330,Universal Technologies Private Limited,Director,01/06/2022,,Indian,Male,
9598562,Ramesh Chauhan,U74999WB2010PTC100290,Nova Realty Private Limited,Director,27/06/2010,,Indian,Male,
8050187,Anil Mehta,U10610TN2008PTC100391,National Logistics Private Limited,Director,08/06/2008,,Indian,Male,
9850703,Ashok Kumar,U46310HR2015PTC100742,Vinayak Merchants Private Limited,Director,02/08/2015,,Indian,Male,
9034433,Sanjay Reddy,U74999UP2024PTC100720,Sunrise Textiles Private Limited,Director,18/10/2024,,Indian,Male,
8248410,Dinesh Chopra,U62011MH2019PTC100045,Apex Chemicals Private Limited,Director,03/01/2019,,Indian,Male,RING-06
8887885,Dinesh Dubey,U62011TG2014PLC100790,Vishal Chemicals Limited,Nominee Director,14/05/2014,,Indian,Male,
9452841,Deepak Chauhan,U68100GJ2020PTC100098,Anmol Finance Private Limited,Director,27/12/2020,,Indian,Male,RING-15
8732534,Satish Tiwari,U62011PB2010PTC100908,Everest Trading Private Limited,Managing Director,28/08/2010,,Indian,Male,
9245130,Alok Dubey,U41001MH2021PTC100090,Lakshmi Finance Private Limited,Nominee Director,15/10/2021,,Indian,Male,RING-14
9078462,Deepak Mishra,U46900KA2017PLC100249,Pioneer Ventures Limited,Director,18/02/2017,,Indian,Male,
8444193,Sarita Patel,U14101TN2023PTC100113,Anmol Textiles Private Limited,Director,05/06/2023,,Indian,Female,RING-16
9493589,Yogesh Bansal,U47190RJ2010PTC100171,Royal Agro Private Limited,Director,14/09/2010,,Indian,Male,
8063925,Kavita Tiwari,U46900TN2007PTC100580,Universal Services Private Limited,Director,03/11/2007,,Indian,Female,
9330980,Pradeep Mishra,U14101WB2016PTC100657,Shakti Commodities Private Limited,Director,14/06/2016,,Indian,Male,
9536201,Ashok Shah,U64990MH2006PTC100869,Everest Retail Private Limited,Director,28/04/2006,,Indian,Male,
9104283,Pradeep Khanna,U14101WB2018PTC100900,Vinayak Services Private Limited,Director,05/07/2018,,Indian,Male,
9380565,Suresh Mishra,U70200HR2022PTC100412,Vantage Constructions Private Limited,Whole-time Director,15/11/2022,,Indian,Male,
9345751,Amit Agarwal,U52290HR2024PLC100054,Infinity Exports Limited,Director,10/02/2024,,Indian,Male,RING-08
8630601,Sanjay Desai,U68100WB2013PTC100440,Capital Industries Private Limited,Whole-time Director,13/03/2013,,Indian,Male,
8798120,Nitin Yadav,U68100PB2015PTC100253,Falcon Commodities Private Limited,Director,31/07/2015,,Indian,Male,
9900508,Harish Sharma,U46900TG2016PTC100898,Prime Commodities Private Limited,Director,04/02/2016,,Indian,Male,
8505677,Ramesh Tiwari,U74999TG2018PTC100077,Nova Agro Private Limited,Director,04/11/2018,,Indian,Male,RING-12
9598562,Ramesh Chauhan,U47190UP2021PTC100126,Shree Overseas Private Limited,Managing Director,06/07/2021,,Indian,Male,
9250238,Amit Rao,U82990GJ2006PTC100581,Rudra Realty Private Limited,Additional Director,10/03/2006,,Indian,Male,
9522254,Naresh Rao,U62011TG2017PTC100197,Global Ventures Private Limited,Managing Director,21/05/2017,,Indian,Male,
8064719,Meena Goyal,U64990GJ2007PTC100464,Krishna Technologies Private Limited,Director,05/07/2007,,Indian,Female,
8257189,Anil Arora,U82990RJ2023PTC100086,Capital Enterprises Private Limited,Managing Director,09/08/2023,,Indian,Male,RING-13
8248410,Dinesh Chopra,U70200MH2018PTC100041,Apex Foods Private Limited,Director,19/01/2019,,Indian,Male,RING-06
9819436,Bharat Patel,U64990MH2006PTC100869,Everest Retail Private Limited,Independent Director,26/05/2006,,Indian,Male,
9201222,Dinesh Desai,U46310MH2015PTC100549,Om Exports Private Limited,Additional Director,22/03/2015,,Indian,Male,
9214042,Mukesh Rao,U10610TN2019PTC100172,Radiant Constructions Private Limited,Director,04/07/2019,,Indian,Male,
9664583,Payal Reddy,U41001UP2024PTC100024,Pioneer Chemicals Private Limited,Managing Director,28/07/2024,,Indian,Female,RING-04
8462089,Rajesh Malhotra,U10610RJ2007PLC100503,Shakti Trading Limited,Additional Director,23/01/2007,,Indian,Male,
9261364,Suresh Mishra,U74999UP2014PTC100318,Orion Infra Private Limited,Independent Director,17/08/2014,,Indian,Male,
9772680,Mukesh Agarwal,U46900TN2022PTC100245,Vishal Consultancy Private Limited,Director,03/10/2022,,Indian,Male,
9764205,Mahesh Chauhan,U62011HR2018PTC100626,Orion Merchants Private Limited,Additional Director,30/12/2018,,Indian,Male,
9090307,Vivek Patel,U52290TG2022PLC100678,Zenith Distributors Limited,Director,05/06/2022,,Indian,Male,
8048786,Rakesh Bhatia,U46900UP2010PTC100525,Capital Developers Private Limited,Director,11/04/2010,,Indian,Male,
8064719,Meena Goyal,U82990MH2009PTC100831,Vantage Foods Private Limited,Nominee Director,18/11/2009,,Indian,Female,
9969900,Bharat Gupta,U47190WB2018PTC100311,Elite Technologies Private Limited,Whole-time Director,14/03/2018,,Indian,Male,
9609158,Vijay Arora,U46900KA2007PTC100663,Orion Chemicals Private Limited,Director,24/04/2007,,Indian,Male,
8681775,Rakesh Kapoor,U52290WB2013PTC100774,Zenith Trading Private Limited,Director,01/09/2013,,Indian,Male,
8079453,Vijay Nair,U63990MH2019PTC100168,Vishwa Industries Private Limited,Whole-time Director,13/03/2019,,Indian,Male,
8064719,Meena Goyal,U10610TN2024PTC100724,Vikram Textiles Private Limited,Independent Director,02/11/2024,,Indian,Female,
8628535,Priya Mehta,U52290PB2026PTC100323,Shree Realty Private Limited,Director,09/04/2026,,Indian,Female,
9164105,Pradeep Singh,U46310HR2018PTC100599,Anmol Technologies Private Limited,Independent Director,28/12/2018,,Indian,Male,
9084222,Anil Kapoor,U45201WB2012PTC100499,Everest Merchants Private Limited,Director,29/06/2012,,Indian,Male,
8853968,Jyoti Agarwal,U46900HR2011PTC100880,Bharat Services Private Limited,Director,22/10/2011,,Indian,Female,
9156005,Priya Bhatia,U68100UP2010PTC100454,Vardhan Industries Private Limited,Director,01/02/2010,,Indian,Female,
9141632,Ramesh Joshi,U46900TN2007PTC100580,Universal Services Private Limited,Director,31/10/2007,,Indian,Male,
9640866,Bharat Sharma,U63990RJ2017PTC100386,Platinum Logistics Private Limited,Director,29/10/2017,,Indian,Male,
9486335,Kunal Verma,U41001MH2021PTC100096,Lakshmi Merchants Private Limited,Whole-time Director,12/10/2021,,Indian,Male,RING-14
9456385,Vijay Shah,U10610HR2023PTC100689,Skyline Exports Private Limited,Additional Director,19/09/2023,,Indian,Male,
8488795,Sanjay Desai,U68100MH2024PTC100474,Apex Developers Private Limited,Director,08/09/2024,,Indian,Male,
9265104,Naresh Nair,U74999RJ2015PLC100425,Metro Overseas Limited,Director,06/06/2015,,Indian,Male,
9032274,Rakesh Dubey,U46310WB2025PTC100199,Trident Ventures Private Limited,Whole-time Director,13/04/2025,,Indian,Male,
9626747,Manish Arora,U10610MH2019PTC100040,Apex Commodities Private Limited,Director,29/01/2019,,Indian,Male,RING-06
9053458,Rajesh Bansal,U70200TN2009PLC100950,Pioneer Industries Limited,Managing Director,04/01/2010,,Indian,Male,
8691411,Vishal Goyal,U52290RJ2021PTC100071,Elite Enterprises Private Limited,Director,08/11/2021,,Indian,Male,RING-11
8370846,Deepa Malhotra,U10610TG2018PLC100818,Golden Traders Limited,Additional Director,13/11/2018,,Indian,Female,
9969900,Bharat Gupta,U10610TN2019PTC100776,Vishal Industries Private Limited,Director,24/01/2020,,Indian,Male,
8497837,Girish Agarwal,U14101MH2016PTC100292,Prime Agro Private Limited,Managing Director,16/08/2016,,Indian,Male,
9565466,Praveen Bansal,U14101UP2012PTC100561,Krishna Services Private Limited,Director,04/03/2012,,Indian,Male,
9117866,Kunal Nair,U10610UP2021PTC100562,Vishwa Impex Private Limited,Nominee Director,15/08/2021,,Indian,Male,
8643419,Alok Saxena,U45201GJ2020PTC100099,Anmol Developers Private Limited,Managing Director,05/01/2021,,Indian,Male,RING-15
9562642,Rajesh Agarwal,U68100HR2018PTC100662,Universal Industries Private Limited,Managing Director,28/10/2018,,Indian,Male,
8751821,Rohit Sharma,U82990MH2020PTC100878,Skyline Retail Private Limited,Director,17/10/2020,,Indian,Male,
8462175,Arun Mishra,U52290TG2014PTC100181,Vardhan Trading Private Limited,Director,06/03/2014,,Indian,Male,
9606122,Sanjay Goyal,U14101RJ2015PTC100177,Vantage Systems Private Limited,Additional Director,09/12/2015,,Indian,Male,
8217709,Amit Bhatia,U74999WB2022PTC100353,Orion Logistics Private Limited,Nominee Director,18/03/2022,,Indian,Male,
9705659,Kiran Pandey,U82990TN2020PTC100479,Bharat Distributors Private Limited,Whole-time Director,20/06/2020,,Indian,Female,
8923941,Ajay Arora,U45201MH2013PLC100719,Capital Services Limited,Managing Director,22/12/2013,,Indian,Male,
8430164,Geeta Jain,U10610HR2021PTC100804,Vertex Developers Private Limited,Nominee Director,13/06/2021,,Indian,Female,
8445052,Yogesh Kapoor,U70200TN2005PTC100263,Golden Logistics Private Limited,Whole-time Director,25/09/2005,,Indian,Male,
9567687,Sarita Joshi,U41001HR2007PTC100610,Nova Retail Private Limited,Director,01/03/2007,,Indian,Female,
9299677,Divya Malhotra,U10610RJ2009PTC100194,Pioneer Constructions Private Limited,Whole-time Director,07/05/2009,,Indian,Female,
8093999,Anil Trivedi,U64990WB2020PLC100937,Vertex Investments Limited,Director,16/04/2020,,Indian,Male,
8947754,Radha Jain,U14101TN2025PTC100974,Zenith Foods Private Limited,Director,30/04/2025,,Indian,Female,
8632241,Vikram Shah,U62011GJ2021PTC100763,Diamond Overseas Private Limited,Director,22/01/2022,,Indian,Male,
8787548,Rekha Pandey,U10610MH2014PTC100234,Royal Traders Private Limited,Director,01/01/2015,,Indian,Female,
9644825,Radha Tiwari,U82990UP2014PTC100218,Vardhan Impex Private Limited,Director,20/03/2014,,Indian,Female,
8116713,Shobha Trivedi,U70200PB2019PTC100374,Vishwa Overseas Private Limited,Whole-time Director,17/03/2019,,Indian,Female,
9779506,Deepak Chopra,U41001WB2026PLC100710,Vaibhav Distributors Limited,Managing Director,17/03/2026,,Indian,Male,
9823418,Shobha Sharma,U74999TN2023PTC100109,Anmol Consultancy Private Limited,Additional Director,27/05/2023,,Indian,Female,RING-16
9420064,Madhuri Malhotra,U74999MH2008PLC100120,Universal Merchants Limited,Director,10/04/2008,,Indian,Female,
9982552,Yogesh Rao,U63990HR2024PTC100881,National Trading Private Limited,Managing Director,20/02/2024,,Indian,Male,
9573728,Anjali Malhotra,U74999MH2013PTC100622,Vantage Logistics Private Limited,Whole-time Director,25/05/2013,,Indian,Female,
8327356,Praveen Malhotra,U68100MH2013PTC100909,Diamond Distributors Private Limited,Independent Director,28/08/2013,,Indian,Male,
8633800,Harish Desai,U10610PB2018PTC100312,Vinayak Impex Private Limited,Whole-time Director,01/09/2018,,Indian,Male,
9027414,Mukesh Kapoor,U82990DL2014PTC100970,Sunrise Foods Private Limited,Nominee Director,27/11/2014,,Indian,Male,
9813499,Manoj Sharma,U70200GJ2006PLC100887,Emerald Ventures Limited,Director,10/07/2006,,Indian,Male,
9542086,Suresh Iyer,U62011MH2016PTC100995,Shakti Overseas Private Limited,Director,26/07/2016,,Indian,Male,
8064719,Meena Goyal,U52290TG2020PTC100708,Global Logistics Private Limited,Director,30/07/2020,,Indian,Female,
9688990,Harish Joshi,U14101DL2021PTC100537,Shakti Consultancy Private Limited,Independent Director,12/03/2021,,Indian,Male,
8373813,Vinod Nair,U64990TN2023PTC100210,Shakti Investments Private Limited,Director,01/09/2023,,Indian,Male,
8156172,Rakesh Patel,U64990WB2010PTC100165,Falcon Enterprises Private Limited,Whole-time Director,19/09/2010,,Indian,Male,
8301510,Rekha Jain,U63990MH2013PTC100401,Radiant Distributors Private Limited,Additional Director,20/06/2013,,Indian,Female,
9091417,Manoj Saxena,U70200PB2023PLC100945,Om Impex Limited,Whole-time Director,26/06/2023,,Indian,Male,
9581741,Naresh Iyer,U64990TG2022PTC100029,Vikram Merchants Private Limited,Director,15/10/2022,,Indian,Male,RING-05
8067262,Alok Shah,U62011TG2016PTC100963,Platinum Trading Private Limited,Managing Director,11/12/2016,,Indian,Male,
9706051,Sachin Pandey,U47190TG2018PTC100075,Nova Investments Private Limited,Additional Director,03/11/2018,,Indian,Male,RING-12
9568280,Pradeep Jain,U82990DL2010PTC100178,Emerald Investments Private Limited,Managing Director,01/01/2011,,Indian,Male,
9654813,Manish Pandey,U14101UP2009PLC100118,Metro Developers Limited,Nominee Director,12/03/2009,,Indian,Male,
9669277,Rajesh Bhatia,U14101WB2015PTC100744,Vardhan Ventures Private Limited,Additional Director,02/08/2015,,Indian,Male,
9776545,Rohit Rao,U82990UP2018PTC100516,Pioneer Impex Private Limited,Nominee Director,12/09/2018,,Indian,Male,
9375706,Sandeep Singh,U46900UP2024PTC100808,Apex Exports Private Limited,Whole-time Director,03/10/2024,,Indian,Male,
9874182,Mahesh Mishra,U10610TG2016PLC100815,Everest Pharma Limited,Managing Director,10/09/2016,,Indian,Male,
9447643,Vinod Joshi,U46310GJ2020PTC100101,Anmol Systems Private Limited,Director,13/01/2021,,Indian,Male,RING-15
8680131,Ravi Mehta,U68100MH2005PTC100637,Metro Chemicals Private Limited,Whole-time Director,27/04/2005,,Indian,Male,
9970843,Suresh Malhotra,U63990TN2005PTC100756,Universal Constructions Private Limited,Managing Director,04/07/2005,,Indian,Male,
8338616,Mahesh Nair,U82990HR2013PTC100843,Global Solutions Private Limited,Director,26/12/2013,,Indian,Male,
9973455,Ritu Kapoor,U41001WB2026PLC100710,Vaibhav Distributors Limited,Managing Director,17/03/2026,,Indian,Female,
8702218,Yogesh Shah,U41001PB2016PLC100340,Rudra Merchants Limited,Whole-time Director,12/02/2016,,Indian,Male,
9049126,Nitin Singh,U64990KA2023PTC100063,Sunrise Pharma Private Limited,Managing Director,16/08/2023,,Indian,Male,RING-10
8392229,Kunal Arora,U10610RJ2024PLC100365,Superior Chemicals Limited,Director,24/06/2024,,Indian,Male,
8291329,Lata Sharma,U47190HR2017PTC100219,Ganesh Finance Private Limited,Nominee Director,27/07/2017,,Indian,Female,
8843680,Rajesh Kumar,U14101TN2020PTC100751,Shree Foods Private Limited,Director,27/01/2021,,Indian,Male,
8709641,Shobha Chauhan,U64990UP2005PTC100294,Vikram Pharma Private Limited,Nominee Director,27/10/2005,,Indian,Female,
8945073,Sandeep Shah,U47190RJ2010PTC100171,Royal Agro Private Limited,Whole-time Director,24/08/2010,,Indian,Male,
9194659,Rakesh Goyal,U63990PB2020PLC100619,Golden Commodities Limited,Director,27/10/2020,,Indian,Male,
8587546,Anil Patel,U68100DL2018PLC100912,Elite Industries Limited,Whole-time Director,25/03/2018,,Indian,Male,
8310261,Harish Reddy,U10610DL2008PTC100241,Continental Agro Private Limited,Nominee Director,19/10/2008,,Indian,Male,
9969078,Geeta Patel,U82990RJ2022PTC100022,Superior Foods Private Limited,Whole-time Director,16/12/2022,,Indian,Female,RING-03
9427768,Suresh Trivedi,U62011UP2007PTC100146,Ganesh Solutions Private Limited,Whole-time Director,14/07/2007,,Indian,Male,
8799882,Amit Pandey,U46310TG2019PTC100169,Vinayak Exports Private Limited,Director,31/05/2019,,Indian,Male,
9669797,Satish Arora,U14101GJ2020PTC100988,Shakti Systems Private Limited,Director,01/03/2020,,Indian,Male,
9062667,Radha Mishra,U14101UP2015PTC100438,Vinayak Systems Private Limited,Nominee Director,28/04/2015,,Indian,Female,
8684240,Kiran Saxena,U70200DL2022PTC100917,Rudra Solutions Private Limited,Additional Director,25/10/2022,,Indian,Female,
9997986,Manish Sharma,U68100HR2011PLC100702,Vishwa Infra Limited,Director,27/01/2012,,Indian,Male,
9213207,Alok Reddy,U46310DL2005PTC100833,Skyline Industries Private Limited,Director,17/12/2005,,Indian,Male,
9664583,Payal Reddy,U46310UP2024PTC100028,Pioneer Commodities Private Limited,Director,18/07/2024,,Indian,Female,RING-04
8362086,Vandana Kumar,U47190RJ2023PLC100083,Capital Solutions Limited,Nominee Director,05/08/2023,,Indian,Female,RING-13
8504743,Ishaan Bansal,U70200MH2017PTC100502,Royal Textiles Private Limited,Additional Director,12/01/2017,,Indian,Male,
8936063,Mahesh Agarwal,U74999HR2013PLC100866,Silver Technologies Limited,Managing Director,04/09/2013,,Indian,Male,
8025845,Sachin Rao,U10610TG2017PTC100690,Superior Infra Private Limited,Managing Director,06/04/2017,,Indian,Male,
8784100,Dinesh Mishra,U63990HR2010PLC100888,Vinayak Ventures Limited,Whole-time Director,26/03/2010,,Indian,Male,
8017539,Manoj Kumar,U10610TG2022PTC100760,Golden Realty Private Limited,Director,15/02/2022,,Indian,Male,
9992569,Kunal Pandey,U46900RJ2010PTC100835,Superior Agro Private Limited,Whole-time Director,27/06/2010,,Indian,Male,
9586047,Neha Trivedi,U82990GJ2024PTC100475,Pioneer Distributors Private Limited,Managing Director,22/06/2024,,Indian,Female,
9277086,Rakesh Bansal,U62011UP2007PTC100146,Ganesh Solutions Private Limited,Whole-time Director,01/08/2007,,Indian,Male,
8196732,Suresh Goyal,U46310RJ2006PLC100914,Pioneer Consultancy Limited,Director,18/02/2006,,Indian,Male,
8251923,Rajesh Saxena,U45201PB2017PTC100429,Metro Pharma Private Limited,Additional Director,25/10/2017,,Indian,Male,
8872271,Mahesh Kumar,U10610WB2019PTC100166,Lakshmi Enterprises Private Limited,Whole-time Director,28/02/2019,,Indian,Male,
9601363,Neha Saxena,U10610HR2023PTC100689,Skyline Exports Private Limited,Nominee Director,26/08/2023,,Indian,Female,
9033249,Vivek Khanna,U52290UP2013PTC100984,Apex Constructions Private Limited,Whole-time Director,16/12/2013,,Indian,Male,
9468702,Pradeep Joshi,U82990PB2008PTC100590,Vikram Finance Private Limited,Director,30/09/2008,,Indian,Male,
8535495,Mahesh Chauhan,U70200KA2015PTC100225,Elite Commodities Private Limited,Managing Director,06/10/2015,,Indian,Male,
9750935,Amit Agarwal,U64990TG2022PTC100029,Vikram Merchants Private Limited,Director,27/10/2022,,Indian,Male,RING-05
9227087,Alok Nair,U46900KA2014PTC100162,Rudra Foods Private Limited,Director,13/05/2014,,Indian,Male,
8484998,Radha Nair,U14101KA2010PTC100761,Silver Enterprises Private Limited,Managing Director,12/06/2010,,Indian,Female,
8352842,Bharat Reddy,U46900MH2024PLC100621,Nova Consultancy Limited,Director,29/01/2025,,Indian,Male,
8296726,Jyoti Desai,U14101KA2024PTC100911,Rudra Systems Private Limited,Independent Director,05/01/2025,,Indian,Female,
9729548,Manish Bansal,U62011KA2015PTC100511,Vishwa Solutions Private Limited,Whole-time Director,26/01/2015,,Indian,Male,
8064719,Meena Goyal,U64990HR2011PTC100135,Vishal Foods Private Limited,Whole-time Director,30/03/2011,,Indian,Female,
8909753,Vivek Nair,U70200TG2022PLC100461,Everest Technologies Limited,Director,12/06/2022,,Indian,Male,
8542449,Sanjay Goyal,U45201MH2009PTC100305,Om Systems Private Limited,Whole-time Director,15/08/2009,,Indian,Male,
8048786,Rakesh Bhatia,U45201GJ2019PTC100283,Vantage Traders Private Limited,Director,25/10/2019,,Indian,Male,
8419160,Vishal Pandey,U14101KA2011PTC100268,Silver Chemicals Private Limited,Director,20/06/2011,,Indian,Male,
9823115,Neha Bhatia,U70200HR2022PTC100412,Vantage Constructions Private Limited,Director,31/10/2022,,Indian,Female,
8504154,Ravi Mishra,U41001GJ2010PTC100960,Emerald Textiles Private Limited,Director,24/07/2010,,Indian,Male,
9598562,Ramesh Chauhan,U62011TG2017PTC100197,Global Ventures Private Limited,Director,28/06/2017,,Indian,Male,
9324498,Gaurav Desai,U14101MH2015PTC100522,Orion Consultancy Private Limited,Managing Director,06/12/2015,,Indian,Male,
8264500,Alok Sharma,U47190PB2010PLC100331,Metro Technologies Limited,Managing Director,02/02/2011,,Indian,Male,
9328116,Praveen Pandey,U46310RJ2015PTC100997,Golden Technologies Private Limited,Director,22/05/2015,,Indian,Male,
8040815,Sanjay Dubey,U45201UP2005PTC100554,Horizon Investments Private Limited,Whole-time Director,16/07/2005,,Indian,Male,
9167583,Mukesh Arora,U41001GJ2020PTC100602,Global Textiles Private Limited,Managing Director,22/05/2020,,Indian,Male,
8793869,Rakesh Iyer,U63990MH2022PTC100875,Royal Investments Private Limited,Director,28/08/2022,,Indian,Male,
8542449,Sanjay Goyal,U41001MH2020PTC100994,Om Infra Private Limited,Managing Director,05/03/2020,,Indian,Male,
9581741,Naresh Iyer,U47190TG2022PTC100035,Vikram Exports Private Limited,Director,25/10/2022,,Indian,Male,RING-05
8048786,Rakesh Bhatia,U74999TG2025PTC100699,Prime Consultancy Private Limited,Additional Director,03/07/2025,,Indian,Male,
8931452,Deepak Singh,U70200RJ2018PTC100953,Vishwa Developers Private Limited,Director,05/04/2018,,Indian,Male,
8691411,Vishal Goyal,U46900RJ2021PTC100069,Elite Constructions Private Limited,Director,11/12/2021,,Indian,Male,RING-11
9503639,Vivek Khanna,U47190MH2020PTC100541,Infinity Textiles Private Limited,Nominee Director,23/02/2020,,Indian,Male,
9996320,Anil Gupta,U82990TG2022PTC100031,Vikram Solutions Private Limited,Managing Director,29/10/2022,,Indian,Male,RING-05
9473746,Satish Mehta,U47190PB2007PTC100321,Diamond Pharma Private Limited,Additional Director,08/09/2007,,Indian,Male,
9129485,Gaurav Desai,U62011MH2019PTC100044,Apex Textiles Private Limited,Director,16/01/2019,,Indian,Male,RING-06
9775092,Dinesh Jain,U70200HR2021PTC100735,Zenith Ventures Private Limited,Whole-time Director,10/05/2021,,Indian,Male,
9672549,Ashok Bansal,U10610PB2018PTC100312,Vinayak Impex Private Limited,Additional Director,14/07/2018,,Indian,Male,
9880014,Nitin Dubey,U47190RJ2019PTC100229,Infinity Enterprises Private Limited,Director,13/08/2019,,Indian,Male,
9424098,Harish Patel,U64990HR2012PTC100328,Emerald Retail Private Limited,Director,10/10/2012,,Indian,Male,
9498010,Vishal Goyal,U46310KA2007PTC100711,Sai Trading Private Limited,Director,02/07/2007,,Indian,Male,
8859437,Pradeep Rao,U74999MH2020PTC100398,Falcon Systems Private Limited,Director,06/04/2020,,Indian,Male,
9669277,Rajesh Bhatia,U10610TG2017PTC100690,Superior Infra Private Limited,Managing Director,29/04/2017,,Indian,Male,
9486335,Kunal Verma,U64990MH2021PTC100094,Lakshmi Exports Private Limited,Additional Director,03/10/2021,,Indian,Male,RING-14
9048977,Sachin Dubey,U63990WB2012PTC100716,Ashirwad Realty Private Limited,Additional Director,21/10/2012,,Indian,Male,
9282781,Payal Sharma,U62011RJ2022PTC100020,Superior Realty Private Limited,Independent Director,09/01/2023,,Indian,Female,RING-03
9075797,Vivek Verma,U46310WB2010PTC100542,Krishna Ventures Private Limited,Director,13/03/2010,,Indian,Male,
9201585,Girish Trivedi,U47190TN2016PTC100958,Ashirwad Distributors Private Limited,Director,16/08/2016,,Indian,Male,
8140534,Girish Trivedi,U68100RJ2026PTC100145,Skyline Constructions Private Limited,Additional Director,01/01/2026,,Indian,Male,
9479027,Nitin Chopra,U46900MH2011PTC100383,Om Impex Private Limited,Whole-time Director,31/05/2011,,Indian,Male,
8690861,Anil Tiwari,U63990WB2018PLC100813,Radiant Constructions Limited,Managing Director,18/07/2018,,Indian,Male,
9010977,Vinod Khanna,U46310WB2012PTC100977,Metro Ventures Private Limited,Managing Director,20/01/2012,,Indian,Male,
9717829,Rajesh Patel,U47190WB2008PTC100281,Vardhan Agro Private Limited,Additional Director,09/07/2008,,Indian,Male,
9272441,Rahul Jain,U64990TG2021PTC100717,Vishal Merchants Private Limited,Whole-time Director,16/05/2021,,Indian,Male,
9075089,Satish Shah,U46310MH2012PTC100175,Aastha Realty Private Limited,Whole-time Director,14/07/2012,,Indian,Male,
8581011,Sachin Verma,U10610MH2007PTC100688,Ganesh Merchants Private Limited,Director,20/05/2007,,Indian,Male,
8739507,Manish Mishra,U70200MH2023PLC100971,Royal Services Limited,Managing Director,22/01/2024,,Indian,Male,
8949956,Vishal Arora,U47190HR2017PTC100219,Ganesh Finance Private Limited,Managing Director,03/07/2017,,Indian,Male,
8620165,Nitin Sharma,U74999PB2021PTC100968,Orion Agro Private Limited,Director,12/08/2021,,Indian,Male,
9110860,Vinod Arora,U70200HR2005PTC100827,Vaibhav Commodities Private Limited,Whole-time Director,03/04/2005,,Indian,Male,
9282692,Radha Jain,U74999RJ2011PTC100666,Suvidha Realty Private Limited,Whole-time Director,29/09/2011,,Indian,Female,
9969900,Bharat Gupta,U63990DL2019PLC100265,Falcon Overseas Limited,Director,04/06/2019,,Indian,Male,
9948461,Sandeep Malhotra,U45201RJ2019PTC100008,Vantage Finance Private Limited,Managing Director,24/10/2019,,Indian,Male,RING-02
9033067,Gaurav Pandey,U64990KA2018PTC100431,Trident Infra Private Limited,Nominee Director,07/04/2018,,Indian,Male,
8597703,Rahul Yadav,U46900RJ2019PTC100873,Zenith Impex Private Limited,Director,25/01/2020,,Indian,Male,
9831959,Rohit Yadav,U62011PB2025PTC100420,Vishal Traders Private Limited,Director,06/07/2025,,Indian,Male,
9685463,Dinesh Jain,U52290TN2022PTC100892,Sunrise Traders Private Limited,Director,05/09/2022,,Indian,Male,
9601363,Neha Saxena,U82990PB2008PTC100590,Vikram Finance Private Limited,Additional Director,16/09/2008,,Indian,Female,
9750935,Amit Agarwal,U68100TG2022PLC100032,Vikram Services Limited,Director,19/10/2022,,Indian,Male,RING-05
9964878,Geeta Verma,U70200HR2008PTC100380,Continental Industries Private Limited,Additional Director,21/07/2008,,Indian,Female,
8339926,Naresh Chauhan,U82990TN2010PTC100572,Vertex Trading Private Limited,Managing Director,08/01/2011,,Indian,Male,
9494783,Vikram Sharma,U45201TG2016PTC100840,Zenith Infra Private Limited,Managing Director,11/03/2016,,Indian,Male,
9632202,Sachin Gupta,U47190MH2020PTC100541,Infinity Textiles Private Limited,Director,16/03/2020,,Indian,Male,
9168553,Mukesh Reddy,U45201MH2018PTC100944,Vishwa Investments Private Limited,Director,24/03/2018,,Indian,Male,
9655128,Gaurav Singh,U45201RJ2021PTC100067,Elite Textiles Private Limited,Whole-time Director,15/12/2021,,Indian,Male,RING-11
9102225,Vijay Joshi,U10610TN2017PTC100845,Ashirwad Chemicals Private Limited,Director,26/05/2017,,Indian,Male,
8440919,Sandeep Chopra,U70200RJ2015PTC100905,Suvidha Foods Private Limited,Managing Director,25/10/2015,,Indian,Male,
8235876,Gaurav Chopra,U52290DL2006PTC100981,Universal Chemicals Private Limited,Director,30/09/2006,,Indian,Male,
9248074,Pradeep Reddy,U74999MH2009PTC100934,Prime Finance Private Limited,Managing Director,06/12/2009,,Indian,Male,
9983309,Rakesh Dubey,U14101HR2013PTC100179,Vinayak Retail Private Limited,Additional Director,21/11/2013,,Indian,Male,
8826840,Vishal Trivedi,U74999PB2025PTC100220,Everest Logistics Private Limited,Managing Director,22/07/2025,,Indian,Male,
9959861,Girish Kapoor,U52290UP2008PLC100805,Silver Traders Limited,Director,30/05/2008,,Indian,Male,
9348441,Praveen Chopra,U52290KA2008PTC100819,Universal Merchants Private Limited,Whole-time Director,15/08/2008,,Indian,Male,
9394670,Rakesh Singh,U68100HR2020PTC100860,Capital Textiles Private Limited,Director,26/07/2020,,Indian,Male,
8911193,Manoj Mehta,U47190TG2016PTC100200,Diamond Systems Private Limited,Additional Director,14/05/2016,,Indian,Male,
9831959,Rohit Yadav,U10610MH2005PLC100344,Apex Enterprises Limited,Whole-time Director,01/11/2005,,Indian,Male,
9140825,Ajay Verma,U63990TN2005PTC100756,Universal Constructions Private Limited,Director,09/06/2005,,Indian,Male,
8340791,Ishaan Saxena,U52290MH2021PTC100091,Lakshmi Distributors Private Limited,Director,28/09/2021,,Indian,Male,RING-14
9724734,Praveen Jain,U64990HR2024PTC100055,Infinity Systems Private Limited,Whole-time Director,05/02/2024,,Indian,Male,RING-08
9948461,Sandeep Malhotra,U82990RJ2019PTC100011,Vantage Chemicals Private Limited,Director,24/09/2019,,Indian,Male,RING-02
9870672,Vivek Iyer,U68100PB2005PTC100153,Golden Foods Private Limited,Director,23/02/2005,,Indian,Male,
9397553,Mahesh Agarwal,U74999MH2005PTC100755,Falcon Services Private Limited,Director,04/03/2005,,Indian,Male,
8457963,Kavita Shah,U47190WB2013PTC100458,Om Constructions Private Limited,Director,12/06/2013,,Indian,Female,
8563639,Deepak Verma,U14101MH2011PTC100131,Platinum Finance Private Limited,Director,10/01/2012,,Indian,Male,
9706051,Sachin Pandey,U47190TG2018PTC100076,Nova Overseas Private Limited,Whole-time Director,09/11/2018,,Indian,Male,RING-12
9823418,Shobha Sharma,U14101TN2023PTC100113,Anmol Textiles Private Limited,Nominee Director,16/06/2023,,Indian,Female,RING-16
9190451,Satish Iyer,U10610HR2009PLC100139,Om Systems Limited,Director,06/12/2009,,Indian,Male,
9669471,Mukesh Bansal,U82990KA2013PTC100629,Royal Industries Private Limited,Director,12/04/2013,,Indian,Male,
9148143,Kiran Malhotra,U46900UP2022PTC100540,Falcon Consultancy Private Limited,Managing Director,04/09/2022,,Indian,Female,
8663778,Vishal Mishra,U82990TN2006PLC100254,Ganesh Industries Limited,Additional Director,11/08/2006,,Indian,Male,
9209408,Divya Iyer,U47190DL2010PLC100526,Ganesh Constructions Limited,Whole-time Director,04/08/2010,,Indian,Female,
8953755,Ravi Desai,U10610HR2024PTC100052,Infinity Commodities Private Limited,Nominee Director,11/02/2024,,Indian,Male,RING-08
8426397,Naresh Shah,U10610TN2009PLC100414,Lakshmi Retail Limited,Managing Director,14/06/2009,,Indian,Male,
9486335,Kunal Verma,U52290MH2021PTC100091,Lakshmi Distributors Private Limited,Whole-time Director,02/10/2021,,Indian,Male,RING-14
9590948,Anita Jain,U46310HR2015PTC100742,Vinayak Merchants Private Limited,Nominee Director,26/06/2015,,Indian,Female,
8477825,Deepa Agarwal,U14101PB2012PTC100539,Nova Traders Private Limited,Director,03/10/2012,,Indian,Female,
8778747,Jyoti Kumar,U74999MH2026PTC100938,Radiant Retail Private Limited,Independent Director,16/05/2026,,Indian,Female,
8140138,Vivek Dubey,U46900DL2015PTC100927,Orion Constructions Private Limited,Director,30/07/2015,,Indian,Male,
9631844,Vivek Bhatia,U64990RJ2021PTC100070,Elite Consultancy Private Limited,Nominee Director,24/11/2021,,Indian,Male,RING-11
8085724,Neha Rao,U64990PB2018PTC100625,Om Pharma Private Limited,Additional Director,21/05/2018,,Indian,Female,
8105813,Vijay Kumar,U41001KA2011PTC100216,Orion Pharma Private Limited,Director,18/02/2011,,Indian,Male,
9187886,Kiran Khanna,U82990TN2006PLC100255,Vishwa Overseas Limited,Director,14/10/2006,,Indian,Female,
8691411,Vishal Goyal,U46310RJ2021PTC100073,Elite Infra Private Limited,Managing Director,13/12/2021,,Indian,Male,RING-11
8384147,Vinod Rao,U47190GJ2017PTC100612,Metro Services Private Limited,Director,27/03/2017,,Indian,Male,
9713671,Pradeep Khanna,U46900GJ2023PTC100586,Shree Constructions Private Limited,Additional Director,03/05/2023,,Indian,Male,
8162538,Rajesh Reddy,U70200UP2016PTC100402,Vikram Realty Private Limited,Director,02/02/2016,,Indian,Male,
9167153,Ramesh Bhatia,U74999RJ2005PTC100583,Vishwa Retail Private Limited,Managing Director,28/01/2005,,Indian,Male,
8563963,Rahul Shah,U63990MH2018PTC100116,Continental Constructions Private Limited,Director,24/06/2018,,Indian,Male,
9631645,Lata Sharma,U46900GJ2013PTC100810,Vikram Investments Private Limited,Director,21/04/2013,,Indian,Female,
9004006,Harish Kapoor,U68100DL2010PLC100823,Krishna Trading Limited,Whole-time Director,19/08/2010,,Indian,Male,
8260969,Girish Sharma,U82990TG2006PTC100684,Elite Services Private Limited,Nominee Director,25/07/2006,,Indian,Male,
8209313,Seema Bhatia,U74999KA2012PLC100891,National Foods Limited,Whole-time Director,20/02/2013,,Indian,Female,
8045489,Ravi Sharma,U82990KA2009PTC100766,Infinity Agro Private Limited,Director,07/04/2009,,Indian,Male,
8430516,Rajesh Gupta,U62011TG2016PTC100963,Platinum Trading Private Limited,Whole-time Director,11/11/2016,,Indian,Male,
9362603,Harish Iyer,U10610PB2011PTC100271,Vishal Finance Private Limited,Director,16/11/2011,,Indian,Male,
9655128,Gaurav Singh,U52290RJ2021PTC100071,Elite Enterprises Private Limited,Director,05/11/2021,,Indian,Male,RING-11
9637711,Kiran Desai,U74999HR2016PTC100450,Zenith Traders Private Limited,Whole-time Director,12/07/2016,,Indian,Female,
9104266,Mahesh Dubey,U52290TN2022PTC100892,Sunrise Traders Private Limited,Director,11/09/2022,,Indian,Male,
9032274,Rakesh Dubey,U52290HR2021PTC100190,Vinayak Textiles Private Limited,Director,16/10/2021,,Indian,Male,
8551189,Shalini Gupta,U68100GJ2017PLC100348,Suvidha Impex Limited,Director,10/10/2017,,Indian,Female,
9897516,Naresh Dubey,U82990TG2024PTC100529,Platinum Ventures Private Limited,Director,16/12/2024,,Indian,Male,
9865809,Shalini Shah,U10610PB2014PTC100748,Elite Ventures Private Limited,Managing Director,06/05/2014,,Indian,Female,
9561493,Manish Arora,U62011TG2017PTC100197,Global Ventures Private Limited,Director,05/06/2017,,Indian,Male,
9834486,Alok Chopra,U45201WB2012PTC100499,Everest Merchants Private Limited,Managing Director,18/05/2012,,Indian,Male,
8369067,Suresh Dubey,U41001PB2007PTC100257,Lakshmi Realty Private Limited,Director,25/07/2007,,Indian,Male,
8214916,Girish Chopra,U41001RJ2013PTC100164,Shree Solutions Private Limited,Director,11/08/2013,,Indian,Male,
9965937,Seema Chopra,U14101GJ2020PTC100988,Shakti Systems Private Limited,Director,29/02/2020,,Indian,Female,
9167271,Pradeep Kapoor,U82990GJ2024PTC100475,Pioneer Distributors Private Limited,Director,03/07/2024,,Indian,Male,
9032274,Rakesh Dubey,U74999RJ2009PTC100465,Royal Realty Private Limited,Additional Director,15/05/2009,,Indian,Male,
8780675,Sunil Chauhan,U47190MH2016PTC100863,Lakshmi Ventures Private Limited,Managing Director,09/04/2016,,Indian,Male,
9519169,Amit Nair,U63990TG2017PTC100212,Skyline Enterprises Private Limited,Managing Director,08/09/2017,,Indian,Male,
8048786,Rakesh Bhatia,U45201UP2010PTC100357,Universal Exports Private Limited,Managing Director,29/12/2010,,Indian,Male,
8825870,Vijay Pandey,U46310DL2018PLC100507,Sai Services Limited,Additional Director,13/08/2018,,Indian,Male,
9446510,Mukesh Saxena,U14101TN2019PTC100485,Diamond Trading Private Limited,Nominee Director,17/09/2019,,Indian,Male,
8387240,Aparna Kapoor,U64990GJ2023PTC100852,Vinayak Commodities Private Limited,Nominee Director,23/07/2023,,Indian,Female,
8894440,Vivek Mehta,U63990DL2016PTC100394,Global Infra Private Limited,Director,30/06/2016,,Indian,Male,
9669277,Rajesh Bhatia,U14101KA2023PTC100839,National Technologies Private Limited,Director,13/06/2023,,Indian,Male,
8964837,Rajesh Sharma,U45201WB2024PTC100183,Shakti Foods Private Limited,Director,25/10/2024,,Indian,Male,
9148491,Shalini Pandey,U74999TG2005PLC100991,Radiant Commodities Limited,Director,10/04/2005,,Indian,Female,
8257189,Anil Arora,U74999RJ2023PTC100080,Capital Services Private Limited,Director,11/08/2023,,Indian,Male,RING-13
9655128,Gaurav Singh,U46900RJ2021PTC100069,Elite Constructions Private Limited,Director,21/12/2021,,Indian,Male,RING-11
8938328,Anjali Saxena,U41001GJ2025PTC100548,Emerald Systems Private Limited,Director,11/04/2025,,Indian,Female,
8417788,Jyoti Pandey,U41001MH2025PTC100048,Anmol Traders Private Limited,Independent Director,18/05/2025,,Indian,Female,RING-07
9110269,Harish Goyal,U68100TN2023PTC100110,Anmol Impex Private Limited,Nominee Director,23/06/2023,,Indian,Male,RING-16
9510917,Alok Joshi,U45201DL2020PTC100822,Infinity Technologies Private Limited,Director,05/04/2020,,Indian,Male,
9407068,Rakesh Goyal,U63990TN2021PTC100864,Capital Commodities Private Limited,Whole-time Director,08/03/2021,,Indian,Male,
8973613,Pradeep Jain,U47190MH2010PTC100555,Infinity Solutions Private Limited,Director,04/01/2011,,Indian,Male,
9277077,Suresh Khanna,U41001DL2021PTC100955,Zenith Solutions Private Limited,Additional Director,01/04/2021,,Indian,Male,
8084055,Girish Patel,U52290DL2021PTC100242,Platinum Foods Private Limited,Whole-time Director,01/09/2021,,Indian,Male,
8754229,Rahul Chauhan,U10610TN2023PLC100107,Anmol Technologies Limited,Director,05/07/2023,,Indian,Male,RING-16
8995828,Sunil Desai,U63990HR2024PTC100881,National Trading Private Limited,Managing Director,06/03/2024,,Indian,Male,
8164846,Deepak Singh,U46310HR2017PTC100247,Meridian Overseas Private Limited,Additional Director,14/05/2017,,Indian,Male,
9218509,Vikram Mehta,U82990HR2018PLC100204,Elite Solutions Limited,Nominee Director,02/11/2018,,Indian,Male,
8015413,Sarita Goyal,U46900PB2006PTC100484,Rudra Retail Private Limited,Nominee Director,31/07/2006,,Indian,Female,
8541453,Swati Saxena,U47190GJ2012PTC100462,Golden Traders Private Limited,Director,21/04/2012,,Indian,Female,
9969900,Bharat Gupta,U64990MH2021PTC100427,Platinum Traders Private Limited,Whole-time Director,15/12/2021,,Indian,Male,
8992342,Amit Trivedi,U82990UP2009PTC100187,Meridian Consultancy Private Limited,Director,12/04/2009,,Indian,Male,
9694553,Bharat Chauhan,U45201HR2006PTC100918,Silver Distributors Private Limited,Director,12/02/2006,,Indian,Male,
9969900,Bharat Gupta,U70200TN2005PTC100263,Golden Logistics Private Limited,Director,05/10/2005,,Indian,Male,
8351649,Neha Trivedi,U10610UP2021PTC100562,Vishwa Impex Private Limited,Director,15/08/2021,,Indian,Female,
9957250,Lata Iyer,U10610PB2007PLC100694,Falcon Industries Limited,Managing Director,04/07/2007,,Indian,Female,
8383943,Anjali Yadav,U45201TG2012PTC100824,Bharat Developers Private Limited,Independent Director,24/09/2012,,Indian,Female,
8782345,Vandana Malhotra,U52290TN2023PTC100111,Anmol Ventures Private Limited,Whole-time Director,24/05/2023,,Indian,Female,RING-16
8856529,Arun Arora,U14101GJ2007PTC100557,Ganesh Constructions Private Limited,Director,16/05/2007,,Indian,Male,
9120453,Pradeep Mishra,U74999RJ2009PTC100465,Royal Realty Private Limited,Managing Director,30/06/2009,,Indian,Male,
8368458,Harish Chopra,U10610KA2023PTC100065,Sunrise Investments Private Limited,Managing Director,13/08/2023,,Indian,Male,RING-10
8820444,Kavita Kumar,U14101RJ2023PLC100679,Lakshmi Commodities Limited,Additional Director,11/01/2024,,Indian,Female,
9131974,Amit Desai,U74999MH2020PTC100398,Falcon Systems Private Limited,Director,27/03/2020,,Indian,Male,
8160859,Vikram Shah,U47190WB2007PTC100598,Nova Solutions Private Limited,Whole-time Director,18/12/2007,,Indian,Male,
8486014,Praveen Chopra,U74999UP2013PTC100173,Platinum Solutions Private Limited,Director,05/01/2014,,Indian,Male,
8289911,Deepak Arora,U45201PB2025PTC100585,Vishwa Textiles Private Limited,Managing Director,01/12/2025,,Indian,Male,
8233113,Aparna Tiwari,U74999RJ2015PLC100425,Metro Overseas Limited,Whole-time Director,08/05/2015,,Indian,Female,
8005915,Vikram Bansal,U41001TN2024PTC100966,Rudra Impex Private Limited,Director,09/10/2024,,Indian,Male,
8946418,Suresh Goyal,U47190PB2016PTC100317,Prime Constructions Private Limited,Managing Director,07/02/2016,,Indian,Male,
8715265,Mukesh Verma,U52290WB2020PTC100895,Rudra Services Private Limited,Director,29/03/2020,,Indian,Male,
9520750,Praveen Trivedi,U62011MH2020PTC100426,Shree Distributors Private Limited,Director,18/04/2020,,Indian,Male,
8402411,Dinesh Arora,U52290MH2014PTC100313,Global Industries Private Limited,Director,06/06/2014,,Indian,Male,
8343962,Divya Khanna,U46900KA2007PTC100663,Orion Chemicals Private Limited,Managing Director,24/04/2007,,Indian,Female,
9486335,Kunal Verma,U41001MH2021PTC100090,Lakshmi Finance Private Limited,Additional Director,23/10/2021,,Indian,Male,RING-14
8344447,Arun Sharma,U68100PB2017PTC100552,Royal Merchants Private Limited,Director,03/10/2017,,Indian,Male,
9988276,Payal Trivedi,U41001PB2007PTC100257,Lakshmi Realty Private Limited,Nominee Director,23/07/2007,,Indian,Female,
9807612,Geeta Goyal,U47190RJ2025PTC100262,Suvidha Finance Private Limited,Independent Director,17/05/2025,,Indian,Female,
8483233,Vivek Reddy,U82990GJ2006PLC100446,Emerald Constructions Limited,Whole-time Director,21/12/2006,,Indian,Male,
9118156,Vivek Bansal,U64990UP2018PTC100646,Lakshmi Developers Private Limited,Managing Director,04/10/2018,,Indian,Male,
9459152,Deepak Sharma,U70200GJ2014PTC100736,Suvidha Overseas Private Limited,Managing Director,11/06/2014,,Indian,Male,
9112556,Ishaan Reddy,U68100WB2007PTC100128,Universal Overseas Private Limited,Additional Director,27/12/2007,,Indian,Male,
9322298,Kavita Goyal,U82990MH2014PLC100451,Vinayak Retail Limited,Director,10/07/2014,,Indian,Female,
9977624,Ajay Khanna,U62011PB2019PTC100149,Horizon Commodities Private Limited,Whole-time Director,04/10/2019,,Indian,Male,
9106696,Sarita Khanna,U63990MH2009PTC100437,Vardhan Consultancy Private Limited,Director,03/05/2009,,Indian,Female,
9669277,Rajesh Bhatia,U64990WB2014PTC100546,Sai Developers Private Limited,Additional Director,21/02/2014,,Indian,Male,
9899482,Manoj Gupta,U14101TN2020PTC100751,Shree Foods Private Limited,Director,22/12/2020,,Indian,Male,
9596659,Manoj Kumar,U62011TN2023PTC100115,Anmol Industries Private Limited,Director,22/06/2023,,Indian,Male,RING-16
8334879,Ramesh Malhotra,U68100HR2020PTC100860,Capital Textiles Private Limited,Additional Director,23/06/2020,,Indian,Male,
8340791,Ishaan Saxena,U82990MH2021PTC100093,Lakshmi Commodities Private Limited,Director,08/10/2021,,Indian,Male,RING-14
9626747,Manish Arora,U70200MH2018PTC100041,Apex Foods Private Limited,Nominee Director,26/01/2019,,Indian,Male,RING-06
9079408,Mahesh Arora,U10610WB2013PTC100600,Rudra Investments Private Limited,Additional Director,06/09/2013,,Indian,Male,
9823418,Shobha Sharma,U68100TN2023PTC100110,Anmol Impex Private Limited,Managing Director,29/05/2023,,Indian,Female,RING-16
9178551,Ishaan Yadav,U63990GJ2009PLC100140,Shree Foods Limited,Director,22/08/2009,,Indian,Male,
8502636,Vishal Saxena,U14101MH2015PTC100259,Universal Foods Private Limited,Director,20/09/2015,,Indian,Male,
8027660,Vinod Malhotra,U70200PB2023PLC100945,Om Impex Limited,Director,09/05/2023,,Indian,Male,
8213326,Pradeep Singh,U82990GJ2025PTC100250,Emerald Infra Private Limited,Whole-time Director,21/02/2025,,Indian,Male,
9165928,Radha Nair,U82990WB2011PTC100530,Meridian Textiles Private Limited,Whole-time Director,11/02/2011,,Indian,Female,
9501790,Sanjay Mishra,U14101TN2005PTC100476,Continental Distributors Private Limited,Additional Director,14/04/2005,,Indian,Male,
9318506,Radha Trivedi,U10610DL2008PTC100444,Sunrise Logistics Private Limited,Managing Director,20/04/2008,,Indian,Female,
8040675,Harish Verma,U52290HR2021PTC100190,Vinayak Textiles Private Limited,Whole-time Director,08/09/2021,,Indian,Male,
8337636,Deepa Saxena,U63990KA2018PTC100705,Everest Realty Private Limited,Whole-time Director,20/04/2018,,Indian,Female,
8156926,Ravi Tiwari,U45201MH2025PTC100050,Anmol Merchants Private Limited,Director,13/05/2025,,Indian,Male,RING-07
8136578,Swati Bansal,U46900RJ2019PTC100873,Zenith Impex Private Limited,Nominee Director,31/12/2019,,Indian,Female,
9655128,Gaurav Singh,U10610RJ2021PTC100074,Elite Exports Private Limited,Independent Director,22/11/2021,,Indian,Male,RING-11
9193921,Sanjay Joshi,U45201WB2020PTC100424,Vikram Consultancy Private Limited,Director,10/06/2020,,Indian,Male,
9542086,Suresh Iyer,U10610RJ2010PTC100680,Universal Systems Private Limited,Director,26/08/2010,,Indian,Male,
9703650,Dinesh Nair,U41001PB2008PTC100658,Superior Developers Private Limited,Director,19/07/2008,,Indian,Male,
9027414,Mukesh Kapoor,U14101KA2012PTC100521,Shree Commodities Private Limited,Independent Director,03/06/2012,,Indian,Male,
8607957,Manish Verma,U47190HR2008PTC100656,Superior Overseas Private Limited,Director,26/04/2008,,Indian,Male,
9812241,Vijay Verma,U14101TG2024PLC100932,Everest Realty Limited,Director,08/07/2024,,Indian,Male,
9459685,Jyoti Verma,U10610PB2011PTC100271,Vishal Finance Private Limited,Managing Director,05/12/2011,,Indian,Female,
8975150,Sunil Pandey,U68100UP2024PTC100027,Pioneer Retail Private Limited,Director,03/07/2024,,Indian,Male,RING-04
9666459,Sandeep Agarwal,U14101UP2024PTC100520,Horizon Consultancy Private Limited,Director,17/02/2025,,Indian,Male,
8330309,Yogesh Dubey,U63990GJ2009PLC100140,Shree Foods Limited,Director,02/08/2009,,Indian,Male,
9841671,Sunita Malhotra,U82990RJ2022PTC100883,Nova Services Private Limited,Independent Director,08/05/2022,,Indian,Female,
8775551,Yogesh Chauhan,U14101WB2026PTC100713,Nova Impex Private Limited,Director,19/02/2026,,Indian,Male,
8611238,Sunil Tiwari,U14101WB2016PTC100500,Everest Infra Private Limited,Director,03/09/2016,,Indian,Male,
8980498,Rohit Chauhan,U74999TN2018PTC100764,Everest Industries Private Limited,Nominee Director,19/05/2018,,Indian,Male,
9272011,Pradeep Mehta,U63990DL2019PTC100481,Pioneer Trading Private Limited,Director,06/08/2019,,Indian,Male,
8027827,Suresh Singh,U46310UP2005PTC100488,Vaibhav Constructions Private Limited,Director,28/08/2005,,Indian,Male,
9969078,Geeta Patel,U74999RJ2022PTC100021,Superior Logistics Private Limited,Director,24/12/2022,,Indian,Female,RING-03
9954897,Vijay Kapoor,U47190TN2016PTC100958,Ashirwad Distributors Private Limited,Nominee Director,26/08/2016,,Indian,Male,
9935761,Ravi Kapoor,U68100MH2005PTC100637,Metro Chemicals Private Limited,Whole-time Director,23/06/2005,,Indian,Male,
8995595,Praveen Khanna,U64990MH2008PTC100836,Apex Retail Private Limited,Nominee Director,01/04/2008,,Indian,Male,
8953327,Deepak Joshi,U68100RJ2006PTC100362,Krishna Foods Private Limited,Additional Director,26/07/2006,,Indian,Male,
8362086,Vandana Kumar,U82990RJ2023PTC100086,Capital Enterprises Private Limited,Director,21/08/2023,,Indian,Female,RING-13
9530984,Gaurav Chauhan,U10610TN2013PTC100443,Prime Foods Private Limited,Director,09/05/2013,,Indian,Male,
8050333,Vishal Shah,U63990WB2015PTC100339,Rudra Industries Private Limited,Whole-time Director,06/12/2015,,Indian,Male,
9918293,Sunil Nair,U68100DL2018PLC100912,Elite Industries Limited,Additional Director,11/04/2018,,Indian,Male,
9599101,Vivek Sharma,U10610RJ2019PLC100010,Vantage Distributors Limited,Director,24/10/2019,,Indian,Male,RING-02
8015210,Harish Chopra,U46310RJ2015PTC100997,Golden Technologies Private Limited,Additional Director,03/07/2015,,Indian,Male,
9790270,Gaurav Bhatia,U10610HR2023PTC100867,Anmol Solutions Private Limited,Director,05/10/2023,,Indian,Male,
8600766,Pradeep Tiwari,U41001GJ2014PTC100514,Om Logistics Private Limited,Director,28/10/2014,,Indian,Male,
8257189,Anil Arora,U46900RJ2023PTC100084,Capital Foods Private Limited,Director,15/08/2023,,Indian,Male,RING-13
8921774,Ritu Pandey,U74999TG2005PTC100570,Apex Overseas Private Limited,Director,23/11/2005,,Indian,Female,
9011612,Gaurav Rao,U82990UP2014PTC100218,Vardhan Impex Private Limited,Director,21/02/2014,,Indian,Male,
9857128,Vikram Singh,U10610MH2007PLC100926,Trident Enterprises Limited,Director,27/02/2007,,Indian,Male,
9936671,Kunal Desai,U70200WB2015PLC100376,Prime Consultancy Limited,Whole-time Director,19/05/2015,,Indian,Male,
8342605,Anil Iyer,U62011UP2016PTC100752,Skyline Logistics Private Limited,Director,20/11/2016,,Indian,Male,
8174407,Swati Singh,U46310PB2007PTC100957,Prime Technologies Private Limited,Managing Director,04/04/2007,,Indian,Female,
9710532,Geeta Nair,U14101GJ2025PTC100632,Ashirwad Consultancy Private Limited,Director,07/06/2025,,Indian,Female,
8638345,Anil Shah,U68100DL2024PTC100647,Om Retail Private Limited,Director,10/06/2024,,Indian,Male,
8923070,Ishaan Tiwari,U41001UP2005PLC100615,Continental Overseas Limited,Managing Director,26/04/2005,,Indian,Male,
9876447,Praveen Pandey,U10610TG2022PTC100732,Universal Trading Private Limited,Director,13/10/2022,,Indian,Male,
8712743,Vikram Joshi,U46310TG2008PTC100969,Silver Retail Private Limited,Director,29/09/2008,,Indian,Male,
8209699,Gaurav Arora,U45201GJ2010PTC100368,Emerald Foods Private Limited,Whole-time Director,21/12/2010,,Indian,Male,
8629865,Mahesh Sharma,U64990MH2019PTC100496,Silver Industries Private Limited,Director,18/01/2020,,Indian,Male,
8871756,Sarita Goyal,U68100MH2020PTC100272,Silver Traders Private Limited,Managing Director,07/10/2020,,Indian,Female,
8025512,Ajay Sharma,U64990MH2019PTC100496,Silver Industries Private Limited,Director,25/01/2020,,Indian,Male,
8686753,Deepak Saxena,U62011KA2014PTC100448,Infinity Services Private Limited,Whole-time Director,29/06/2014,,Indian,Male,
9152726,Pooja Agarwal,U46900PB2008PLC100143,Silver Finance Limited,Director,11/07/2008,,Indian,Female,
9063173,Yogesh Bansal,U10610WB2023PTC100413,Golden Systems Private Limited,Managing Director,07/03/2023,,Indian,Male,
9032274,Rakesh Dubey,U10610HR2009PLC100139,Om Systems Limited,Director,17/12/2009,,Indian,Male,
8306601,Kunal Yadav,U68100DL2021PTC100270,Rudra Agro Private Limited,Managing Director,09/05/2021,,Indian,Male,
8262233,Preeti Bhatia,U64990UP2023PTC100855,Emerald Realty Private Limited,Additional Director,21/12/2023,,Indian,Female,
8257189,Anil Arora,U47190RJ2023PLC100083,Capital Solutions Limited,Whole-time Director,18/07/2023,,Indian,Male,RING-13
9598562,Ramesh Chauhan,U14101RJ2014PTC100965,Nova Merchants Private Limited,Director,14/12/2014,,Indian,Male,
8027195,Ritu Reddy,U70200KA2008PTC100478,Global Trading Private Limited,Director,19/06/2008,,Indian,Female,
9201792,Manish Tiwari,U47190WB2008PTC100281,Vardhan Agro Private Limited,Director,27/07/2008,,Indian,Male,
8911582,Sandeep Pandey,U63990MH2018PTC100116,Continental Constructions Private Limited,Whole-time Director,16/06/2018,,Indian,Male,
9699083,Amit Tiwari,U74999MH2008PLC100120,Universal Merchants Limited,Director,10/04/2008,,Indian,Male,
9593938,Dinesh Bansal,U62011HR2013PTC100588,Vishwa Agro Private Limited,Independent Director,16/07/2013,,Indian,Male,
9601363,Neha Saxena,U62011DL2021PTC100363,Global Foods Private Limited,Director,12/05/2021,,Indian,Female,
8052827,Gaurav Nair,U14101KA2024PTC100911,Rudra Systems Private Limited,Director,03/02/2025,,Indian,Male,
9307069,Sanjay Tiwari,U41001MH2025PTC100048,Anmol Traders Private Limited,Director,12/05/2025,,Indian,Male,RING-07
8362086,Vandana Kumar,U52290RJ2023PTC100087,Capital Trading Private Limited,Nominee Director,23/07/2023,,Indian,Female,RING-13
8125952,Ravi Nair,U41001PB2023PTC100227,Vikram Traders Private Limited,Director,24/02/2023,,Indian,Male,
9450795,Harish Khanna,U62011DL2017PTC100559,Royal Developers Private Limited,Director,14/10/2017,,Indian,Male,
8004858,Yogesh Kumar,U64990HR2007PTC100648,Continental Exports Private Limited,Director,12/09/2007,,Indian,Male,
9486335,Kunal Verma,U82990MH2021PTC100093,Lakshmi Commodities Private Limited,Additional Director,22/09/2021,,Indian,Male,RING-14
8531147,Anjali Reddy,U46900UP2024PTC100808,Apex Exports Private Limited,Director,12/10/2024,,Indian,Female,
9130225,Sandeep Rao,U74999TG2013PLC100979,Aastha Trading Limited,Director,19/06/2013,,Indian,Male,
8380178,Jyoti Kumar,U10610UP2016PTC100817,Sai Chemicals Private Limited,Nominee Director,12/03/2016,,Indian,Female,
8917490,Ishaan Jain,U74999WB2022PTC100353,Orion Logistics Private Limited,Director,20/04/2022,,Indian,Male,
9088574,Praveen Khanna,U45201MH2016PTC100445,Vishal Textiles Private Limited,Director,30/08/2016,,Indian,Male,
9698463,Pooja Rao,U46900KA2014PLC100775,Meridian Logistics Limited,Managing Director,06/09/2014,,Indian,Female,
9975712,Naresh Kumar,U63990MH2013PTC100401,Radiant Distributors Private Limited,Whole-time Director,14/06/2013,,Indian,Male,
8151065,Ashok Dubey,U63990RJ2023PTC100230,Suvidha Agro Private Limited,Director,27/10/2023,,Indian,Male,
8982983,Harish Singh,U70200DL2018PTC100820,Vishal Pharma Private Limited,Director,30/07/2018,,Indian,Male,
8572179,Sachin Kumar,U52290TG2009PTC100472,Silver Pharma Private Limited,Director,24/04/2009,,Indian,Male,
8532733,Deepa Agarwal,U62011WB2014PLC100547,Vertex Technologies Limited,Whole-time Director,13/09/2014,,Indian,Female,
8906505,Alok Sharma,U82990HR2013PTC100843,Global Solutions Private Limited,Nominee Director,10/01/2014,,Indian,Male,
9238352,Amit Kumar,U52290PB2019PTC100006,Horizon Chemicals Private Limited,Director,04/04/2019,,Indian,Male,RING-01
8617714,Ritu Pandey,U46900PB2008PLC100143,Silver Finance Limited,Director,19/08/2008,,Indian,Female,
8823944,Seema Gupta,U68100TG2011PTC100683,National Pharma Private Limited,Director,27/08/2011,,Indian,Female,
9823418,Shobha Sharma,U62011TN2023PTC100115,Anmol Industries Private Limited,Managing Director,26/06/2023,,Indian,Female,RING-16
9340127,Ashok Patel,U14101KA2012PTC100521,Shree Commodities Private Limited,Additional Director,06/07/2012,,Indian,Male,
9457329,Manish Yadav,U82990UP2018PTC100516,Pioneer Impex Private Limited,Whole-time Director,15/08/2018,,Indian,Male,
8111571,Manish Dubey,U41001KA2020PTC100455,Sunrise Constructions Private Limited,Director,29/07/2020,,Indian,Male,
9167271,Pradeep Kapoor,U64990WB2010PTC100165,Falcon Enterprises Private Limited,Director,30/08/2010,,Indian,Male,
9874391,Anil Shah,U45201TN2025PTC100351,Golden Merchants Private Limited,Nominee Director,27/02/2025,,Indian,Male,
9798745,Vishal Bansal,U64990UP2023PTC100919,National Chemicals Private Limited,Additional Director,07/04/2023,,Indian,Male,
9005984,Amit Chopra,U45201TN2010PTC100677,Prime Developers Private Limited,Nominee Director,24/10/2010,,Indian,Male,
9988276,Payal Trivedi,U10610PB2006PTC100155,Nova Systems Private Limited,Director,19/03/2006,,Indian,Female,
8801135,Deepak Jain,U45201GJ2019PTC100283,Vantage Traders Private Limited,Additional Director,23/10/2019,,Indian,Male,
9062667,Radha Mishra,U47190TN2025PTC100985,Platinum Developers Private Limited,Director,02/04/2025,,Indian,Female,
8841541,Arun Verma,U82990TN2024PTC100915,Vardhan Realty Private Limited,Director,29/11/2024,,Indian,Male,
8497621,Kiran Kapoor,U14101KA2024PTC100911,Rudra Systems Private Limited,Director,17/02/2025,,Indian,Female,
8803872,Harish Iyer,U68100PB2005PTC100153,Golden Foods Private Limited,Whole-time Director,08/02/2005,,Indian,Male,
9969900,Bharat Gupta,U14101RJ2014PTC100965,Nova Merchants Private Limited,Director,20/11/2014,,Indian,Male,
8016608,Ishaan Saxena,U63990TN2018PLC100630,Infinity Chemicals Limited,Director,03/07/2018,,Indian,Male,
8492679,Usha Kapoor,U70200PB2019PTC100374,Vishwa Overseas Private Limited,Director,02/03/2019,,Indian,Female,
8606029,Suresh Mishra,U70200WB2011PTC100538,Vantage Investments Private Limited,Director,20/08/2011,,Indian,Male,
9026680,Kunal Khanna,U52290GJ2015PLC100501,Rudra Textiles Limited,Independent Director,09/06/2015,,Indian,Male,
9879726,Harish Bhatia,U46900TG2010PLC100848,Vinayak Systems Limited,Whole-time Director,31/10/2010,,Indian,Male,
9540646,Ashok Verma,U14101KA2023PTC100839,National Technologies Private Limited,Whole-time Director,21/05/2023,,Indian,Male,
8609197,Sunita Patel,U68100WB2013PTC100440,Capital Industries Private Limited,Director,15/02/2013,,Indian,Female,
9814772,Sachin Yadav,U46310RJ2008PTC100889,Ashirwad Constructions Private Limited,Managing Director,11/10/2008,,Indian,Male,
8671121,Kunal Jain,U70200KA2016PTC100432,Bharat Textiles Private Limited,Director,04/05/2016,,Indian,Male,
9956903,Naresh Sharma,U14101MH2011PTC100408,Lakshmi Textiles Private Limited,Nominee Director,27/04/2011,,Indian,Male,
8458517,Bharat Verma,U64990PB2019PTC100004,Horizon Realty Private Limited,Whole-time Director,05/03/2019,,Indian,Male,RING-01
9626617,Priya Yadav,U52290UP2017PTC100124,Vishal Systems Private Limited,Director,20/06/2017,,Indian,Female,
8284613,Sarita Kapoor,U46310MH2024PTC100879,Aastha Agro Private Limited,Managing Director,25/11/2024,,Indian,Female,
9903639,Nisha Pandey,U74999UP2013PTC100173,Platinum Solutions Private Limited,Independent Director,09/01/2014,,Indian,Female,
8248410,Dinesh Chopra,U47190MH2018PLC100043,Apex Merchants Limited,Whole-time Director,20/01/2019,,Indian,Male,RING-06
8903425,Shalini Mehta,U63990UP2008PTC100584,Zenith Realty Private Limited,Whole-time Director,08/12/2008,,Indian,Female,
8156926,Ravi Tiwari,U70200MH2025PTC100049,Anmol Agro Private Limited,Additional Director,26/05/2025,,Indian,Male,RING-07
9935312,Vijay Reddy,U45201UP2005PTC100554,Horizon Investments Private Limited,Additional Director,06/07/2005,,Indian,Male,
9422032,Usha Shah,U63990RJ2023PTC100230,Suvidha Agro Private Limited,Nominee Director,18/10/2023,,Indian,Female,
8888673,Usha Arora,U68100MH2024PTC100474,Apex Developers Private Limited,Director,20/08/2024,,Indian,Female,
8454433,Pooja Shah,U68100MH2005PTC100637,Metro Chemicals Private Limited,Whole-time Director,13/06/2005,,Indian,Female,
8156926,Ravi Tiwari,U62011MH2025PTC100047,Anmol Enterprises Private Limited,Director,03/06/2025,,Indian,Male,RING-07
9725000,Deepak Nair,U14101GJ2007PTC100557,Ganesh Constructions Private Limited,Whole-time Director,23/05/2007,,Indian,Male,
9025277,Rohit Mishra,U64990KA2021PTC100935,Infinity Foods Private Limited,Managing Director,01/04/2021,,Indian,Male,
8189209,Praveen Nair,U14101KA2011PTC100268,Silver Chemicals Private Limited,Director,25/06/2011,,Indian,Male,
8671939,Vijay Saxena,U52290UP2018PTC100781,Radiant Foods Private Limited,Director,28/05/2018,,Indian,Male,
8273660,Rakesh Agarwal,U62011WB2014PLC100796,Sai Exports Limited,Additional Director,12/01/2014,,Indian,Male,
9181006,Manoj Bansal,U70200WB2015PLC100376,Prime Consultancy Limited,Whole-time Director,21/05/2015,,Indian,Male,
9598562,Ramesh Chauhan,U47190GJ2018PTC100460,Aastha Retail Private Limited,Managing Director,10/05/2018,,Indian,Male,
8655719,Rajesh Jain,U41001TG2011PLC100872,Shree Retail Limited,Director,27/11/2011,,Indian,Male,
8717541,Nitin Desai,U46310GJ2015PLC100597,Ganesh Solutions Limited,Whole-time Director,08/12/2015,,Indian,Male,
9581741,Naresh Iyer,U70200TG2022PLC100036,Vikram Enterprises Limited,Nominee Director,23/10/2022,,Indian,Male,RING-05
9516946,Praveen Trivedi,U47190HR2016PTC100772,Platinum Distributors Private Limited,Whole-time Director,07/02/2016,,Indian,Male,
8529994,Amit Desai,U82990DL2007PTC100967,Falcon Trading Private Limited,Director,04/08/2007,,Indian,Male,
8086882,Divya Mehta,U74999RJ2026PTC100624,Vishal Exports Private Limited,Director,15/06/2026,,Indian,Female,
8377622,Aparna Chopra,U45201HR2019PTC100396,Radiant Agro Private Limited,Whole-time Director,18/05/2019,,Indian,Female,
8879015,Mahesh Saxena,U64990KA2014PLC100299,Emerald Systems Limited,Independent Director,24/05/2014,,Indian,Male,
8001123,Rohit Rao,U52290KA2006PTC100333,Horizon Foods Private Limited,Additional Director,04/07/2006,,Indian,Male,
8905520,Ajay Tiwari,U70200KA2015PTC100225,Elite Commodities Private Limited,Director,10/10/2015,,Indian,Male,
8555266,Mukesh Iyer,U46900GJ2010PTC100631,Golden Exports Private Limited,Director,12/07/2010,,Indian,Male,
9842719,Amit Bansal,U52290HR2009PTC100203,Lakshmi Constructions Private Limited,Director,30/07/2009,,Indian,Male,
9560390,Naresh Desai,U14101MH2006PTC100422,Aastha Overseas Private Limited,Additional Director,05/12/2006,,Indian,Male,
8766052,Alok Tiwari,U46310MH2026PTC100906,Om Technologies Private Limited,Whole-time Director,03/06/2026,,Indian,Male,
8048786,Rakesh Bhatia,U14101MH2006PTC100553,Elite Solutions Private Limited,Managing Director,07/12/2006,,Indian,Male,
8400889,Radha Sharma,U68100PB2005PTC100352,Skyline Textiles Private Limited,Independent Director,13/03/2005,,Indian,Female,
9581741,Naresh Iyer,U62011TG2022PTC100030,Vikram Agro Private Limited,Managing Director,16/10/2022,,Indian,Male,RING-05
8975150,Sunil Pandey,U41001UP2024PTC100026,Pioneer Traders Private Limited,Managing Director,10/08/2024,,Indian,Male,RING-04
9826043,Preeti Mishra,U63990PB2012PTC100435,Prime Traders Private Limited,Whole-time Director,10/05/2012,,Indian,Female,
8252316,Dinesh Mehta,U62011WB2021PTC100825,Vinayak Chemicals Private Limited,Nominee Director,12/12/2021,,Indian,Male,
9293720,Sachin Kumar,U52290HR2008PTC100996,Lakshmi Solutions Private Limited,Nominee Director,06/02/2009,,Indian,Male,
8946418,Suresh Goyal,U46900GJ2014PTC100495,Radiant Pharma Private Limited,Nominee Director,08/09/2014,,Indian,Male,
9775508,Girish Sharma,U10610WB2021PTC100753,Om Realty Private Limited,Whole-time Director,26/01/2022,,Indian,Male,
8397618,Seema Kumar,U45201TG2013PTC100749,Radiant Consultancy Private Limited,Independent Director,17/06/2013,,Indian,Female,
8123286,Manju Bansal,U45201TN2012PTC100693,Global Developers Private Limited,Director,19/04/2012,,Indian,Female,
8609555,Manju Reddy,U45201GJ2010PTC100368,Emerald Foods Private Limited,Additional Director,02/12/2010,,Indian,Female,
9904845,Shalini Bhatia,U45201TN2012PTC100693,Global Developers Private Limited,Director,19/03/2012,,Indian,Female,
8362086,Vandana Kumar,U74999RJ2023PTC100081,Capital Realty Private Limited,Independent Director,26/07/2023,,Indian,Female,RING-13
8746031,Anil Mehta,U45201DL2020PTC100822,Infinity Technologies Private Limited,Managing Director,28/05/2020,,Indian,Male,
9988276,Payal Trivedi,U82990RJ2023PLC100964,Platinum Realty Limited,Additional Director,20/11/2023,,Indian,Female,
9800405,Rakesh Chopra,U74999RJ2013PTC100506,Metro Overseas Private Limited,Additional Director,10/09/2013,,Indian,Male,
9512640,Rahul Goyal,U14101RJ2017PTC100150,Aastha Merchants Private Limited,Director,21/09/2017,,Indian,Male,
8943814,Arun Nair,U82990KA2013PTC100221,Falcon Chemicals Private Limited,Managing Director,16/03/2013,,Indian,Male,
8295031,Harish Chopra,U45201TN2022PLC100792,Sai Infra Limited,Managing Director,31/10/2022,,Indian,Male,
9527888,Alok Singh,U70200RJ2025PTC100248,Ganesh Enterprises Private Limited,Director,20/06/2025,,Indian,Male,
9706051,Sachin Pandey,U14101TG2018PLC100078,Nova Services Limited,Director,09/11/2018,,Indian,Male,RING-12
8184593,Sandeep Yadav,U10610MH2019PTC100232,Prime Exports Private Limited,Whole-time Director,13/03/2019,,Indian,Male,
9186389,Suresh Mishra,U46310KA2020PTC100436,Platinum Pharma Private Limited,Director,17/04/2020,,Indian,Male,
8698959,Suresh Jain,U52290WB2023PTC100215,Apex Systems Private Limited,Director,20/06/2023,,Indian,Male,
9475891,Rekha Jain,U41001GJ2009PTC100121,Horizon Services Private Limited,Whole-time Director,08/03/2009,,Indian,Female,
8909252,Vijay Malhotra,U70200RJ2014PTC100366,Emerald Solutions Private Limited,Director,29/12/2014,,Indian,Male,
9664583,Payal Reddy,U10610UP2024PTC100025,Pioneer Finance Private Limited,Director,26/08/2024,,Indian,Female,RING-04
9914121,Vivek Mehta,U41001GJ2025PTC100548,Emerald Systems Private Limited,Whole-time Director,21/04/2025,,Indian,Male,
9044664,Rakesh Desai,U14101UP2022PTC100251,Ganesh Textiles Private Limited,Whole-time Director,27/01/2023,,Indian,Male,
9102463,Dinesh Singh,U74999RJ2023PTC100081,Capital Realty Private Limited,Whole-time Director,05/08/2023,,Indian,Male,RING-13
9901129,Ajay Rao,U70200HR2021PTC100735,Zenith Ventures Private Limited,Managing Director,20/04/2021,,Indian,Male,
9128771,Harish Gupta,U46900MH2019PTC100591,Shakti Exports Private Limited,Director,12/08/2019,,Indian,Male,
8851695,Sunil Jain,U64990WB2007PTC100491,Vishal Logistics Private Limited,Whole-time Director,13/06/2007,,Indian,Male,
9049126,Nitin Singh,U10610KA2023PTC100065,Sunrise Investments Private Limited,Managing Director,20/08/2023,,Indian,Male,RING-10
8237734,Ashok Arora,U70200GJ2011PTC100470,Trident Foods Private Limited,Director,01/08/2011,,Indian,Male,
9795378,Rajesh Chauhan,U14101PB2014PLC100361,Royal Developers Limited,Nominee Director,19/06/2014,,Indian,Male,
8652407,Kunal Gupta,U63990WB2018PTC100416,Vantage Merchants Private Limited,Director,15/06/2018,,Indian,Male,
9447643,Vinod Joshi,U62011GJ2020PTC100100,Anmol Commodities Private Limited,Nominee Director,13/01/2021,,Indian,Male,RING-15
9572729,Divya Jain,U14101MH2011PTC100408,Lakshmi Textiles Private Limited,Whole-time Director,17/04/2011,,Indian,Female,
8484627,Ishaan Tiwari,U46310KA2007PTC100711,Sai Trading Private Limited,Director,28/05/2007,,Indian,Male,
9598265,Ramesh Kapoor,U63990WB2018PLC100813,Radiant Constructions Limited,Nominee Director,12/07/2018,,Indian,Male,
8649519,Dinesh Nair,U10610MH2007PLC100926,Trident Enterprises Limited,Director,09/02/2007,,Indian,Male,
8598122,Gaurav Shah,U47190WB2007PTC100598,Nova Solutions Private Limited,Director,12/12/2007,,Indian,Male,
9599101,Vivek Sharma,U46310RJ2019PTC100009,Vantage Developers Private Limited,Managing Director,15/10/2019,,Indian,Male,RING-02
8909828,Kavita Kumar,U14101TN2009PTC100627,Diamond Logistics Private Limited,Whole-time Director,03/06/2009,,Indian,Female,
9872431,Vandana Shah,U68100TN2007PTC100152,Ganesh Agro Private Limited,Managing Director,28/08/2007,,Indian,Female,
8601496,Manoj Singh,U10610TN2025PTC100223,Pioneer Ventures Private Limited,Managing Director,10/11/2025,,Indian,Male,
8581297,Alok Iyer,U10610PB2022PTC100574,National Merchants Private Limited,Managing Director,25/10/2022,,Indian,Male,
8259321,Sunil Goyal,U63990DL2019PLC100265,Falcon Overseas Limited,Whole-time Director,09/06/2019,,Indian,Male,
9750935,Amit Agarwal,U47190TG2022PTC100035,Vikram Exports Private Limited,Director,23/10/2022,,Indian,Male,RING-05
9496953,Pradeep Saxena,U64990MH2021PTC100427,Platinum Traders Private Limited,Whole-time Director,26/11/2021,,Indian,Male,
8853671,Ashok Chopra,U63990TG2005PTC100691,Radiant Impex Private Limited,Nominee Director,21/09/2005,,Indian,Male,
8651378,Ritu Verma,U45201KA2023PTC100582,Lakshmi Chemicals Private Limited,Whole-time Director,18/04/2023,,Indian,Female,
9452841,Deepak Chauhan,U14101GJ2020PLC100105,Anmol Distributors Limited,Managing Director,06/01/2021,,Indian,Male,RING-15
8716449,Bharat Tiwari,U45201UP2006PTC100350,Krishna Finance Private Limited,Whole-time Director,09/06/2006,,Indian,Male,
9892442,Aparna Joshi,U74999MH2014PTC100671,Universal Investments Private Limited,Whole-time Director,27/08/2014,,Indian,Female,
8784251,Aparna Singh,U45201KA2023PTC100359,Nova Ventures Private Limited,Director,24/01/2024,,Indian,Female,
9601363,Neha Saxena,U82990KA2021PTC100320,Vishal Investments Private Limited,Additional Director,08/05/2021,,Indian,Female,
8808642,Sunil Rao,U47190TG2005PTC100360,Suvidha Solutions Private Limited,Nominee Director,02/11/2005,,Indian,Male,
8660315,Manish Sharma,U70200TN2009PLC100950,Pioneer Industries Limited,Independent Director,31/01/2010,,Indian,Male,
8347300,Alok Bansal,U52290PB2017PTC100174,Zenith Merchants Private Limited,Whole-time Director,31/01/2018,,Indian,Male,
9930651,Nisha Joshi,U41001KA2020PTC100407,Silver Investments Private Limited,Director,11/02/2021,,Indian,Female,
9001584,Arun Verma,U46310MH2018PLC100381,Continental Industries Limited,Whole-time Director,06/07/2018,,Indian,Male,
9077297,Deepak Arora,U14101RJ2006PTC100854,Global Merchants Private Limited,Director,10/02/2007,,Indian,Male,
8217953,Ashok Kumar,U82990UP2009PTC100187,Meridian Consultancy Private Limited,Director,01/03/2009,,Indian,Male,
9750935,Amit Agarwal,U63990TG2022PTC100033,Vikram Ventures Private Limited,Director,24/10/2022,,Indian,Male,RING-05
9599101,Vivek Sharma,U82990RJ2019PLC100014,Vantage Enterprises Limited,Managing Director,15/10/2019,,Indian,Male,RING-02
8246999,Sachin Goyal,U10610WB2016PLC100607,Platinum Overseas Limited,Managing Director,22/09/2016,,Indian,Male,
9355689,Seema Pandey,U52290UP2021PTC100286,Vaibhav Exports Private Limited,Managing Director,02/05/2021,,Indian,Female,
9057629,Anita Patel,U62011WB2019PTC100901,Royal Systems Private Limited,Whole-time Director,10/07/2019,,Indian,Female,
9826303,Pooja Iyer,U68100TN2007PTC100152,Ganesh Agro Private Limited,Director,07/10/2007,,Indian,Female,
8036739,Sandeep Gupta,U68100KA2015PTC100418,Pioneer Enterprises Private Limited,Director,28/01/2016,,Indian,Male,
8152419,Sunil Jain,U62011WB2014PLC100547,Vertex Technologies Limited,Managing Director,09/09/2014,,Indian,Male,
8772531,Alok Nair,U46310WB2010PTC100542,Krishna Ventures Private Limited,Whole-time Director,04/04/2010,,Indian,Male,
8820267,Mukesh Shah,U46310TG2013PTC100119,Orion Enterprises Private Limited,Director,11/02/2013,,Indian,Male,
8362086,Vandana Kumar,U63990RJ2023PTC100082,Capital Pharma Private Limited,Nominee Director,01/08/2023,,Indian,Female,RING-13
9666826,Swati Dubey,U14101RJ2023PLC100679,Lakshmi Commodities Limited,Managing Director,03/01/2024,,Indian,Female,
8534991,Mahesh Nair,U70200KA2011PTC100618,Aastha Infra Private Limited,Managing Director,07/07/2011,,Indian,Male,
8912186,Sachin Tiwari,U14101WB2016PLC100992,Emerald Finance Limited,Nominee Director,11/09/2016,,Indian,Male,
9966140,Ishaan Verma,U70200UP2007PTC100550,Vertex Impex Private Limited,Whole-time Director,05/05/2007,,Indian,Male,
9477495,Vivek Patel,U70200UP2024PTC100280,Falcon Solutions Private Limited,Whole-time Director,30/07/2024,,Indian,Male,
9677443,Manoj Gupta,U63990WB2018PLC100813,Radiant Constructions Limited,Director,21/06/2018,,Indian,Male,
9927715,Pooja Iyer,U82990MH2019PTC100771,Orion Services Private Limited,Nominee Director,21/12/2019,,Indian,Female,
9310213,Deepa Jain,U41001PB2016PLC100340,Rudra Merchants Limited,Director,11/03/2016,,Indian,Female,
9104266,Mahesh Dubey,U47190TN2025PTC100985,Platinum Developers Private Limited,Whole-time Director,17/02/2025,,Indian,Male,
9950867,Jyoti Chopra,U46310WB2025PTC100199,Trident Ventures Private Limited,Managing Director,21/03/2025,,Indian,Female,
8542449,Sanjay Goyal,U62011HR2015PTC100523,Ashirwad Technologies Private Limited,Additional Director,25/05/2015,,Indian,Male,
8444193,Sarita Patel,U46900TN2023PTC100108,Anmol Infra Private Limited,Independent Director,20/06/2023,,Indian,Female,RING-16
8651667,Geeta Dubey,U46900TG2025PTC100933,Superior Textiles Private Limited,Director,01/11/2025,,Indian,Female,
8257189,Anil Arora,U52290RJ2023PTC100087,Capital Trading Private Limited,Director,11/08/2023,,Indian,Male,RING-13
8251923,Rajesh Saxena,U64990MH2019PTC100375,Golden Impex Private Limited,Director,08/11/2019,,Indian,Male,
8486014,Praveen Chopra,U82990UP2008PTC100237,Sai Consultancy Private Limited,Whole-time Director,15/02/2008,,Indian,Male,
9391113,Praveen Goyal,U10610WB2019PTC100166,Lakshmi Enterprises Private Limited,Independent Director,10/02/2019,,Indian,Male,
8403817,Deepa Chauhan,U68100MH2005PTC100279,Diamond Agro Private Limited,Director,12/03/2005,,Indian,Female,
8215619,Ramesh Bhatia,U63990WB2015PTC100339,Rudra Industries Private Limited,Director,29/10/2015,,Indian,Male,
8934440,Rekha Rao,U68100TN2024PTC100243,Metro Trading Private Limited,Additional Director,15/02/2024,,Indian,Female,
9739024,Manish Saxena,U41001TG2019PTC100433,Silver Overseas Private Limited,Whole-time Director,03/12/2019,,Indian,Male,
8904045,Arun Joshi,U45201TG2012PTC100824,Bharat Developers Private Limited,Nominee Director,14/10/2012,,Indian,Male,
9167271,Pradeep Kapoor,U64990DL2009PTC100692,Infinity Trading Private Limited,Director,22/02/2009,,Indian,Male,
8938019,Shalini Kapoor,U63990GJ2016PLC100558,Radiant Realty Limited,Whole-time Director,18/09/2016,,Indian,Female,
8022381,Praveen Iyer,U41001KA2020PTC100407,Silver Investments Private Limited,Managing Director,31/12/2020,,Indian,Male,
9075089,Satish Shah,U68100MH2009PTC100182,Bharat Industries Private Limited,Nominee Director,19/02/2009,,Indian,Male,
8607716,Pradeep Saxena,U70200WB2026PTC100370,Bharat Chemicals Private Limited,Managing Director,15/03/2026,,Indian,Male,
8921136,Suresh Malhotra,U14101UP2013PTC100617,Vikram Systems Private Limited,Director,03/07/2013,,Indian,Male,
8609197,Sunita Patel,U63990RJ2012PTC100393,Emerald Agro Private Limited,Director,11/04/2012,,Indian,Female,
9951776,Rekha Patel,U62011RJ2020PTC100949,Krishna Retail Private Limited,Independent Director,18/04/2020,,Indian,Female,
9016484,Seema Iyer,U70200MH2022PTC100480,Elite Systems Private Limited,Director,03/05/2022,,Indian,Female,
9400610,Shobha Jain,U63990RJ2022PTC100019,Superior Ventures Private Limited,Nominee Director,07/01/2023,,Indian,Female,RING-03
9449243,Deepak Malhotra,U47190HR2014PTC100868,Golden Distributors Private Limited,Additional Director,20/04/2014,,Indian,Male,
9774474,Alok Singh,U62011DL2017PTC100559,Royal Developers Private Limited,Independent Director,25/10/2017,,Indian,Male,
9329852,Manish Dubey,U46310TN2023PTC100114,Anmol Retail Private Limited,Whole-time Director,03/06/2023,,Indian,Male,RING-16
8646633,Nitin Chopra,U82990KA2023PTC100746,Zenith Developers Private Limited,Additional Director,04/07/2023,,Indian,Male,
8139932,Praveen Pandey,U46900TN2022PTC100245,Vishal Consultancy Private Limited,Nominee Director,29/10/2022,,Indian,Male,
8838289,Sandeep Arora,U63990KA2007PTC100797,Golden Solutions Private Limited,Managing Director,21/09/2007,,Indian,Male,
9573782,Vishal Tiwari,U70200UP2011PTC100791,Royal Foods Private Limited,Director,27/11/2011,,Indian,Male,
8948147,Sandeep Tiwari,U68100GJ2012PTC100456,Falcon Investments Private Limited,Whole-time Director,22/10/2012,,Indian,Male,
8882857,Geeta Gupta,U46900GJ2013PTC100810,Vikram Investments Private Limited,Independent Director,05/05/2013,,Indian,Female,
9584751,Alok Goyal,U46900RJ2010PTC100835,Superior Agro Private Limited,Director,09/05/2010,,Indian,Male,
8540656,Rajesh Patel,U14101RJ2015PTC100177,Vantage Systems Private Limited,Director,21/11/2015,,Indian,Male,
8412880,Sandeep Singh,U62011PB2012PTC100289,Suvidha Enterprises Private Limited,Additional Director,07/05/2012,,Indian,Male,
9788328,Amit Desai,U70200TG2018PTC100789,Vaibhav Traders Private Limited,Director,29/05/2018,,Indian,Male,
8060432,Lata Mehta,U63990HR2024PTC100158,Trident Services Private Limited,Director,06/12/2024,,Indian,Female,
9110000,Ravi Kapoor,U46900UP2022PTC100540,Falcon Consultancy Private Limited,Whole-time Director,16/09/2022,,Indian,Male,
9951003,Rakesh Chauhan,U82990KA2013PTC100221,Falcon Chemicals Private Limited,Whole-time Director,25/03/2013,,Indian,Male,
9256077,Amit Patel,U63990RJ2019PTC100013,Vantage Agro Private Limited,Managing Director,21/10/2019,,Indian,Male,RING-02
8053208,Meena Khanna,U62011PB2012PTC100289,Suvidha Enterprises Private Limited,Additional Director,27/04/2012,,Indian,Female,
9676788,Amit Kumar,U46900MH2009PTC100652,Golden Textiles Private Limited,Additional Director,03/11/2009,,Indian,Male,
9027414,Mukesh Kapoor,U41001MH2020PTC100459,Everest Agro Private Limited,Director,29/04/2020,,Indian,Male,
9376662,Naresh Patel,U47190MH2021PTC100941,Pioneer Systems Private Limited,Director,18/07/2021,,Indian,Male,
9750605,Manish Iyer,U41001UP2005PLC100615,Continental Overseas Limited,Nominee Director,31/03/2005,,Indian,Male,
9161823,Anjali Joshi,U46310RJ2008PTC100889,Ashirwad Constructions Private Limited,Independent Director,23/11/2008,,Indian,Female,
9933689,Yogesh Saxena,U82990RJ2017PTC100740,Shakti Industries Private Limited,Managing Director,23/10/2017,,Indian,Male,
8513644,Bharat Malhotra,U64990MH2026PTC100309,Royal Overseas Private Limited,Director,15/06/2026,,Indian,Male,
8466172,Mahesh Joshi,U41001UP2012PTC100136,Krishna Infra Private Limited,Managing Director,15/06/2012,,Indian,Male,
9687061,Gaurav Trivedi,U46900HR2019PTC100231,Suvidha Impex Private Limited,Whole-time Director,21/03/2019,,Indian,Male,
8018342,Pradeep Bansal,U46310DL2018PLC100507,Sai Services Limited,Director,16/07/2018,,Indian,Male,
9228992,Alok Desai,U46900DL2009PLC100284,Om Finance Limited,Whole-time Director,21/02/2009,,Indian,Male,
9422519,Swati Sharma,U47190PB2010PLC100331,Metro Technologies Limited,Director,02/01/2011,,Indian,Female,
8293337,Yogesh Sharma,U14101TG2022PTC100330,Universal Technologies Private Limited,Whole-time Director,01/05/2022,,Indian,Male,
9975356,Mukesh Jain,U63990GJ2009PLC100140,Shree Foods Limited,Additional Director,15/08/2009,,Indian,Male,
8248410,Dinesh Chopra,U70200MH2018PTC100038,Apex Consultancy Private Limited,Director,11/01/2019,,Indian,Male,RING-06
9734504,Rohit Mishra,U41001MH2005PLC100567,Vaibhav Logistics Limited,Director,15/08/2005,,Indian,Male,
8701724,Vishal Trivedi,U68100DL2021PTC100798,Ganesh Pharma Private Limited,Additional Director,22/11/2021,,Indian,Male,
8719942,Sandeep Yadav,U82990KA2009PTC100457,Lakshmi Systems Private Limited,Director,23/01/2009,,Indian,Male,
8916376,Meena Kapoor,U47190PB2016PTC100317,Prime Constructions Private Limited,Nominee Director,22/01/2016,,Indian,Female,
9452841,Deepak Chauhan,U70200GJ2020PTC100102,Anmol Realty Private Limited,Whole-time Director,15/01/2021,,Indian,Male,RING-15
9686876,Ravi Bansal,U74999TG2005PLC100991,Radiant Commodities Limited,Director,07/05/2005,,Indian,Male,
8265202,Radha Dubey,U62011RJ2018PTC100295,Elite Retail Private Limited,Whole-time Director,02/08/2018,,Indian,Female,
9112426,Manoj Tiwari,U10610HR2005PLC100777,Radiant Agro Limited,Director,20/06/2005,,Indian,Male,
8481720,Vivek Dubey,U64990TG2011PTC100235,Metro Investments Private Limited,Director,03/02/2011,,Indian,Male,
8076781,Mahesh Malhotra,U68100KA2015PTC100418,Pioneer Enterprises Private Limited,Director,09/02/2016,,Indian,Male,
9799767,Ishaan Chauhan,U64990TN2017PTC100685,Platinum Exports Private Limited,Nominee Director,12/02/2018,,Indian,Male,
9936348,Divya Kumar,U52290TG2021PTC100779,Sai Distributors Private Limited,Director,05/05/2021,,Indian,Female,
9503244,Sachin Mishra,U47190TG2005PTC100360,Suvidha Solutions Private Limited,Whole-time Director,20/09/2005,,Indian,Male,
9104266,Mahesh Dubey,U52290TG2009PTC100472,Silver Pharma Private Limited,Nominee Director,05/05/2009,,Indian,Male,
8222269,Dinesh Malhotra,U64990UP2022PTC100669,Nova Pharma Private Limited,Whole-time Director,03/05/2022,,Indian,Male,
8658890,Mahesh Mishra,U62011GJ2026PTC100117,Global Impex Private Limited,Additional Director,30/04/2026,,Indian,Male,
9880682,Naresh Khanna,U46310TN2019PTC100307,Global Finance Private Limited,Director,05/03/2019,,Indian,Male,
8472949,Suresh Chopra,U46900WB2017PTC100483,Vikram Industries Private Limited,Managing Director,25/03/2017,,Indian,Male,
9037108,Swati Bhatia,U62011HR2005PTC100449,Bharat Traders Private Limited,Additional Director,19/12/2005,,Indian,Female,
9226031,Vijay Rao,U46900UP2011PTC100373,Orion Traders Private Limited,Director,01/09/2011,,Indian,Male,
8067592,Nitin Kumar,U52290UP2017PTC100124,Vishal Systems Private Limited,Whole-time Director,11/05/2017,,Indian,Male,
9342418,Bharat Goyal,U14101KA2015PTC100829,Vikram Infra Private Limited,Managing Director,04/03/2015,,Indian,Male,
8756992,Girish Kapoor,U68100PB2022PTC100185,Meridian Constructions Private Limited,Whole-time Director,23/09/2022,,Indian,Male,
8757597,Girish Gupta,U46900KA2017PLC100249,Pioneer Ventures Limited,Director,06/03/2017,,Indian,Male,
8691411,Vishal Goyal,U64990RJ2021PTC100070,Elite Consultancy Private Limited,Director,20/12/2021,,Indian,Male,RING-11
8451031,Sunil Nair,U74999TG2005PTC100570,Apex Overseas Private Limited,Director,06/10/2005,,Indian,Male,
9132768,Rohit Desai,U46310TG2011PLC100750,Vishal Industries Limited,Whole-time Director,03/01/2012,,Indian,Male,
9400610,Shobha Jain,U41001RJ2022PTC100016,Superior Traders Private Limited,Director,09/12/2022,,Indian,Female,RING-03
9307069,Sanjay Tiwari,U45201MH2025PTC100050,Anmol Merchants Private Limited,Director,30/05/2025,,Indian,Male,RING-07
9104744,Nitin Trivedi,U14101UP2024PTC100565,Zenith Overseas Private Limited,Additional Director,11/07/2024,,Indian,Male,
9861419,Suresh Singh,U63990HR2024PTC100158,Trident Services Private Limited,Whole-time Director,10/01/2025,,Indian,Male,
9991632,Jyoti Chopra,U70200RJ2018PTC100953,Vishwa Developers Private Limited,Whole-time Director,09/05/2018,,Indian,Female,
8888673,Usha Arora,U70200TN2017PTC100812,National Enterprises Private Limited,Nominee Director,21/07/2017,,Indian,Female,
9969078,Geeta Patel,U41001RJ2022PTC100017,Superior Enterprises Private Limited,Director,06/01/2023,,Indian,Female,RING-03
9737337,Ravi Kumar,U82990TN2022PTC100189,Shree Trading Private Limited,Nominee Director,23/02/2022,,Indian,Male,
8311570,Mahesh Malhotra,U82990KA2021PTC100320,Vishal Investments Private Limited,Whole-time Director,03/06/2021,,Indian,Male,
8208830,Manoj Patel,U64990DL2013PTC100355,Vardhan Logistics Private Limited,Director,25/10/2013,,Indian,Male,
9330211,Anil Saxena,U63990WB2015PTC100130,Orion Commodities Private Limited,Nominee Director,31/07/2015,,Indian,Male,
8984701,Vijay Chauhan,U10610KA2016PTC100636,Vaibhav Finance Private Limited,Additional Director,18/10/2016,,Indian,Male,
8279780,Harish Tiwari,U74999TG2018PTC100077,Nova Agro Private Limited,Nominee Director,14/11/2018,,Indian,Male,RING-12
9955796,Bharat Gupta,U47190MH2021PTC100941,Pioneer Systems Private Limited,Additional Director,03/07/2021,,Indian,Male,
9903067,Vikram Iyer,U70200RJ2018PTC100953,Vishwa Developers Private Limited,Additional Director,30/04/2018,,Indian,Male,
9839068,Ravi Mishra,U52290RJ2008PTC100264,Krishna Developers Private Limited,Additional Director,23/11/2008,,Indian,Male,
8900162,Ramesh Sharma,U14101TG2024PLC100127,Metro Retail Limited,Whole-time Director,16/11/2024,,Indian,Male,
9768789,Sanjay Joshi,U52290TG2021PTC100779,Sai Distributors Private Limited,Director,18/04/2021,,Indian,Male,
8643419,Alok Saxena,U10610GJ2020PTC100104,Anmol Distributors Private Limited,Director,05/01/2021,,Indian,Male,RING-15
9498346,Manish Agarwal,U46310TG2015PTC100780,Skyline Impex Private Limited,Independent Director,27/05/2015,,Indian,Male,
8167124,Rahul Saxena,U41001MH2012PTC100807,Platinum Overseas Private Limited,Director,06/03/2012,,Indian,Male,
9883833,Neha Kapoor,U74999TG2015PLC100240,Vinayak Constructions Limited,Additional Director,07/10/2015,,Indian,Female,
8950236,Radha Reddy,U46310MH2015PTC100549,Om Exports Private Limited,Director,21/03/2015,,Indian,Female,
8824077,Yogesh Dubey,U46900TG2016PTC100902,National Services Private Limited,Managing Director,17/05/2016,,Indian,Male,
8251923,Rajesh Saxena,U10610MH2007PLC100926,Trident Enterprises Limited,Director,17/02/2007,,Indian,Male,
8314604,Vinod Kapoor,U46900WB2009PTC100884,Ashirwad Infra Private Limited,Nominee Director,11/09/2009,,Indian,Male,
9136656,Satish Kapoor,U45201TN2024PTC100870,Vishal Ventures Private Limited,Additional Director,14/10/2024,,Indian,Male,
8311570,Mahesh Malhotra,U52290WB2020PTC100895,Rudra Services Private Limited,Director,21/04/2020,,Indian,Male,
9831959,Rohit Yadav,U82990MH2009PTC100831,Vantage Foods Private Limited,Director,09/11/2009,,Indian,Male,
9282983,Ravi Malhotra,U52290TG2020PTC100532,Orion Distributors Private Limited,Whole-time Director,20/04/2020,,Indian,Male,
9776419,Rahul Desai,U68100DL2021PTC100798,Ganesh Pharma Private Limited,Whole-time Director,24/12/2021,,Indian,Male,
8261707,Manoj Khanna,U45201WB2015PTC100842,Vikram Developers Private Limited,Director,29/05/2015,,Indian,Male,
9341642,Sachin Tiwari,U41001TN2024PTC100966,Rudra Impex Private Limited,Additional Director,30/09/2024,,Indian,Male,
8209627,Divya Rao,U64990UP2023PTC100855,Emerald Realty Private Limited,Nominee Director,09/01/2024,,Indian,Female,
9463927,Usha Rao,U82990UP2008PTC100237,Sai Consultancy Private Limited,Whole-time Director,02/03/2008,,Indian,Female,
9265131,Nisha Goyal,U10610HR2011PTC100844,Orion Finance Private Limited,Director,13/09/2011,,Indian,Female,
8164846,Deepak Singh,U10610KA2017PTC100865,Nova Chemicals Private Limited,Independent Director,18/03/2017,,Indian,Male,
8454562,Vinod Joshi,U62011PB2010PTC100908,Everest Trading Private Limited,Whole-time Director,02/10/2010,,Indian,Male,
8996029,Sanjay Chopra,U74999KA2016PLC100899,Krishna Logistics Limited,Director,13/08/2016,,Indian,Male,
8468993,Shobha Kapoor,U63990RJ2012PTC100393,Emerald Agro Private Limited,Whole-time Director,08/03/2012,,Indian,Female,
8509469,Vijay Jain,U14101HR2005PTC100913,Diamond Infra Private Limited,Director,30/05/2005,,Indian,Male,
9159498,Ramesh Sharma,U10610HR2023PTC100867,Anmol Solutions Private Limited,Whole-time Director,25/10/2023,,Indian,Male,
9400610,Shobha Jain,U82990RJ2022PTC100022,Superior Foods Private Limited,Director,31/12/2022,,Indian,Female,RING-03
9692978,Mahesh Rao,U14101MH2015PTC100522,Orion Consultancy Private Limited,Director,01/12/2015,,Indian,Male,
9598562,Ramesh Chauhan,U68100PB2017PTC100552,Royal Merchants Private Limited,Director,15/09/2017,,Indian,Male,
9611158,Gaurav Shah,U68100HR2012PTC100208,Orion Impex Private Limited,Director,18/05/2012,,Indian,Male,
9834558,Manish Patel,U47190TG2025PTC100316,Trident Commodities Private Limited,Whole-time Director,05/05/2025,,Indian,Male,
9075089,Satish Shah,U10610GJ2006PTC100509,Prime Services Private Limited,Managing Director,09/10/2006,,Indian,Male,
8314470,Naresh Joshi,U46310DL2005PTC100833,Skyline Industries Private Limited,Director,01/01/2006,,Indian,Male,
8034136,Vivek Desai,U82990DL2016PLC100603,Vardhan Infra Limited,Director,13/08/2016,,Indian,Male,
9637743,Rekha Chopra,U62011GJ2023PTC100392,Skyline Investments Private Limited,Managing Director,28/10/2023,,Indian,Female,
8310123,Geeta Mishra,U68100RJ2026PTC100145,Skyline Constructions Private Limited,Nominee Director,30/01/2026,,Indian,Female,
8110895,Girish Sharma,U70200UP2006PTC100794,National Foods Private Limited,Director,28/07/2006,,Indian,Male,
8923473,Alok Desai,U64990TG2022PLC100592,Meridian Overseas Limited,Whole-time Director,19/10/2022,,Indian,Male,
9741227,Bharat Chauhan,U46310MH2015PTC100549,Om Exports Private Limited,Director,25/03/2015,,Indian,Male,
9432424,Rahul Chopra,U47190DL2014PTC100494,Krishna Agro Private Limited,Independent Director,13/09/2014,,Indian,Male,
8931274,Sandeep Mehta,U64990TN2012PTC100925,Orion Technologies Private Limited,Director,24/08/2012,,Indian,Male,
9763446,Nitin Kumar,U52290DL2021PTC100242,Platinum Foods Private Limited,Managing Director,31/08/2021,,Indian,Male,
9862974,Usha Gupta,U63990HR2013PTC100382,Sai Constructions Private Limited,Additional Director,22/09/2013,,Indian,Female,
9669277,Rajesh Bhatia,U52290PB2026PTC100323,Shree Realty Private Limited,Managing Director,05/04/2026,,Indian,Male,
8400298,Sachin Reddy,U64990WB2020PLC100937,Vertex Investments Limited,Additional Director,11/04/2020,,Indian,Male,
9549267,Praveen Goyal,U82990UP2016PTC100568,Shakti Retail Private Limited,Additional Director,28/03/2016,,Indian,Male,
9885899,Bharat Shah,U47190TN2023PTC100061,Emerald Logistics Private Limited,Director,01/02/2023,,Indian,Male,RING-09
9533179,Praveen Chopra,U14101MH2011PTC100897,Zenith Technologies Private Limited,Independent Director,25/03/2011,,Indian,Male,
9104266,Mahesh Dubey,U14101KA2010PTC100761,Silver Enterprises Private Limited,Director,30/04/2010,,Indian,Male,
9135542,Vivek Chauhan,U46310GJ2007PTC100508,Vertex Consultancy Private Limited,Nominee Director,23/07/2007,,Indian,Male,
9669277,Rajesh Bhatia,U46900WB2005PTC100730,Trident Merchants Private Limited,Managing Director,17/01/2006,,Indian,Male,
8969604,Arun Goyal,U46310MH2026PTC100906,Om Technologies Private Limited,Director,24/04/2026,,Indian,Male,
9418166,Ashok Bansal,U10610KA2011PTC100125,Om Developers Private Limited,Director,17/06/2011,,Indian,Male,
9375847,Madhuri Chauhan,U64990UP2023PTC100919,National Chemicals Private Limited,Director,18/04/2023,,Indian,Female,
9641257,Vijay Jain,U41001TG2013PTC100385,Diamond Enterprises Private Limited,Director,17/08/2013,,Indian,Male,
8792661,Sanjay Joshi,U45201TN2022PLC100792,Sai Infra Limited,Director,18/10/2022,,Indian,Male,
9157942,Ramesh Sharma,U63990KA2020PLC100664,Vantage Finance Limited,Whole-time Director,22/03/2020,,Indian,Male,
8708360,Sarita Saxena,U46310GJ2015PTC100419,Emerald Traders Private Limited,Director,28/05/2015,,Indian,Female,
8277953,Ajay Kapoor,U45201MH2018PTC100944,Vishwa Investments Private Limited,Director,21/03/2018,,Indian,Male,
8198653,Manoj Patel,U41001UP2012PTC100136,Krishna Infra Private Limited,Whole-time Director,08/07/2012,,Indian,Male,
9168388,Sanjay Saxena,U62011TN2019PTC100160,Om Solutions Private Limited,Managing Director,19/07/2019,,Indian,Male,
8896827,Praveen Sharma,U68100TN2024PTC100243,Metro Trading Private Limited,Whole-time Director,17/02/2024,,Indian,Male,
8800283,Yogesh Nair,U46900TN2018PTC100874,Sunrise Industries Private Limited,Managing Director,10/01/2019,,Indian,Male,
8310553,Girish Shah,U63990UP2023PTC100811,Om Commodities Private Limited,Managing Director,22/02/2023,,Indian,Male,
9037363,Ajay Malhotra,U82990MH2020PTC100673,Continental Infra Private Limited,Whole-time Director,01/11/2020,,Indian,Male,
8444193,Sarita Patel,U46310TN2023PTC100114,Anmol Retail Private Limited,Director,05/06/2023,,Indian,Female,RING-16
8937590,Madhuri Sharma,U64990UP2022PTC100669,Nova Pharma Private Limited,Whole-time Director,29/05/2022,,Indian,Female,
9027414,Mukesh Kapoor,U82990KA2009PTC100766,Infinity Agro Private Limited,Additional Director,22/04/2009,,Indian,Male,
9852374,Pooja Verma,U46310UP2006PTC100828,Vaibhav Retail Private Limited,Director,31/07/2006,,Indian,Female,
9168875,Deepa Kumar,U74999RJ2010PTC100754,Skyline Overseas Private Limited,Director,13/02/2010,,Indian,Female,
9885899,Bharat Shah,U70200TN2023PLC100057,Emerald Chemicals Limited,Director,28/01/2023,,Indian,Male,RING-09
8808586,Amit Mehta,U74999GJ2015PTC100477,Superior Technologies Private Limited,Director,16/02/2016,,Indian,Male,
8458517,Bharat Verma,U74999PB2019PTC100002,Horizon Exports Private Limited,Nominee Director,20/03/2019,,Indian,Male,RING-01
8476884,Girish Verma,U46900WB2017PTC100483,Vikram Industries Private Limited,Whole-time Director,03/05/2017,,Indian,Male,
8604761,Rekha Jain,U52290MH2015PTC100239,Royal Pharma Private Limited,Managing Director,11/12/2015,,Indian,Female,
9456936,Sachin Sharma,U46310MH2012PTC100644,Sai Logistics Private Limited,Director,25/02/2012,,Indian,Male,
8064719,Meena Goyal,U82990MH2013PTC100134,Bharat Trading Private Limited,Nominee Director,26/06/2013,,Indian,Female,
8219624,Pradeep Desai,U68100TN2013PTC100142,Global Distributors Private Limited,Nominee Director,06/10/2013,,Indian,Male,
9447643,Vinod Joshi,U10610GJ2020PTC100103,Anmol Exports Private Limited,Additional Director,04/01/2021,,Indian,Male,RING-15
9605316,Vijay Trivedi,U14101RJ2017PTC100150,Aastha Merchants Private Limited,Director,31/08/2017,,Indian,Male,
8030881,Arun Chauhan,U70200GJ2013PTC100731,Radiant Commodities Private Limited,Director,02/02/2014,,Indian,Male,
9032274,Rakesh Dubey,U14101WB2026PTC100713,Nova Impex Private Limited,Director,20/02/2026,,Indian,Male,
9951787,Seema Goyal,U14101HR2013PTC100179,Vinayak Retail Private Limited,Nominee Director,05/10/2013,,Indian,Female,
8643419,Alok Saxena,U52290GJ2020PTC100106,Anmol Services Private Limited,Managing Director,22/12/2020,,Indian,Male,RING-15
9699595,Vishal Chopra,U10610UP2016PTC100817,Sai Chemicals Private Limited,Whole-time Director,19/03/2016,,Indian,Male,
9634140,Rahul Verma,U46900DL2007PTC100577,Apex Finance Private Limited,Managing Director,14/12/2007,,Indian,Male,
9245130,Alok Dubey,U68100MH2021PLC100095,Lakshmi Investments Limited,Nominee Director,24/10/2021,,Indian,Male,RING-14
9060411,Praveen Pandey,U10610UP2023PTC100390,Diamond Foods Private Limited,Whole-time Director,28/10/2023,,Indian,Male,
8743717,Vishal Khanna,U68100KA2006PTC100371,Pioneer Merchants Private Limited,Nominee Director,28/03/2006,,Indian,Male,
8277953,Ajay Kapoor,U82990MH2017PTC100524,Vishwa Foods Private Limited,Director,07/03/2017,,Indian,Male,
9195603,Deepak Trivedi,U68100TG2022PTC100463,Vaibhav Chemicals Private Limited,Managing Director,22/03/2022,,Indian,Male,
9358960,Girish Agarwal,U47190KA2025PLC100821,Shakti Retail Limited,Director,28/09/2025,,Indian,Male,
8967638,Harish Dubey,U62011MH2017PTC100560,Continental Ventures Private Limited,Additional Director,24/03/2017,,Indian,Male,
8789234,Suresh Gupta,U63990MH2016PTC100252,Aastha Systems Private Limited,Additional Director,16/02/2016,,Indian,Male,
9205783,Madhuri Kapoor,U63990MH2019PTC100168,Vishwa Industries Private Limited,Director,12/03/2019,,Indian,Female,
8444193,Sarita Patel,U10610TN2023PLC100107,Anmol Technologies Limited,Additional Director,12/06/2023,,Indian,Female,RING-16
9571239,Sandeep Trivedi,U10610GJ2006PTC100509,Prime Services Private Limited,Director,25/09/2006,,Indian,Male,
8286111,Alok Patel,U70200KA2026PTC100327,Everest Investments Private Limited,Whole-time Director,25/05/2026,,Indian,Male,
8762441,Mahesh Mehta,U45201TN2020PTC100467,Apex Enterprises Private Limited,Whole-time Director,24/01/2021,,Indian,Male,
9245130,Alok Dubey,U64990MH2021PTC100097,Lakshmi Agro Private Limited,Director,18/09/2021,,Indian,Male,RING-14
9366353,Alok Kumar,U64990PB2014PTC100167,Shree Exports Private Limited,Managing Director,17/02/2015,,Indian,Male,
8288930,Alok Arora,U70200WB2010PTC100698,Elite Developers Private Limited,Director,14/08/2010,,Indian,Male,
8189019,Yogesh Shah,U70200GJ2013PTC100731,Radiant Commodities Private Limited,Nominee Director,14/02/2014,,Indian,Male,
9598251,Vishal Reddy,U52290UP2018PTC100781,Radiant Foods Private Limited,Managing Director,09/05/2018,,Indian,Male,
8500323,Rakesh Joshi,U10610PB2013PTC100122,Sunrise Finance Private Limited,Director,17/11/2013,,Indian,Male,
9672770,Anjali Malhotra,U14101MH2011PTC100897,Zenith Technologies Private Limited,Managing Director,28/03/2011,,Indian,Female,
9601363,Neha Saxena,U74999MH2020PTC100398,Falcon Systems Private Limited,Additional Director,14/03/2020,,Indian,Female,
8306601,Kunal Yadav,U74999UP2013PTC100173,Platinum Solutions Private Limited,Director,20/01/2014,,Indian,Male,
9629177,Rajesh Iyer,U82990WB2014PLC100972,Platinum Logistics Limited,Nominee Director,26/12/2014,,Indian,Male,
9916811,Usha Agarwal,U14101UP2013PTC100617,Vikram Systems Private Limited,Director,22/06/2013,,Indian,Female,
8987235,Ramesh Tiwari,U70200RJ2015PTC100905,Suvidha Foods Private Limited,Director,03/11/2015,,Indian,Male,
9436205,Vikram Sharma,U62011RJ2025PTC100301,Shree Ventures Private Limited,Whole-time Director,23/06/2025,,Indian,Male,
8012452,Vishal Trivedi,U10610TG2022PTC100760,Golden Realty Private Limited,Director,05/02/2022,,Indian,Male,
9878554,Geeta Agarwal,U62011KA2005PTC100138,Vishwa Services Private Limited,Director,21/07/2005,,Indian,Female,
8512798,Jyoti Rao,U46310UP2007PTC100571,Skyline Traders Private Limited,Managing Director,01/06/2007,,Indian,Female,
8813934,Deepa Mehta,U10610TN2008PTC100391,National Logistics Private Limited,Director,15/06/2008,,Indian,Female,
9027414,Mukesh Kapoor,U63990PB2021PLC100217,Orion Industries Limited,Additional Director,01/01/2022,,Indian,Male,
8251923,Rajesh Saxena,U52290TG2009PTC100472,Silver Pharma Private Limited,Director,17/05/2009,,Indian,Male,
8202800,Nitin Bhatia,U62011MH2022PTC100144,Trident Overseas Private Limited,Additional Director,12/08/2022,,Indian,Male,
9655128,Gaurav Singh,U45201RJ2021PTC100072,Elite Pharma Private Limited,Director,25/10/2021,,Indian,Male,RING-11
8649240,Gaurav Mehta,U45201RJ2021PTC100067,Elite Textiles Private Limited,Nominee Director,15/12/2021,,Indian,Male,RING-11
9733165,Ishaan Agarwal,U41001KA2016PTC100441,Golden Developers Private Limited,Director,07/09/2016,,Indian,Male,
8050844,Naresh Gupta,U41001MH2009PTC100399,Meridian Infra Private Limited,Director,19/06/2009,,Indian,Male,
9498193,Arun Mehta,U74999RJ2026PTC100624,Vishal Exports Private Limited,Director,16/06/2026,,Indian,Male,
9036426,Dinesh Tiwari,U41001HR2025PTC100341,Royal Services Private Limited,Director,26/01/2026,,Indian,Male,
8392825,Sanjay Joshi,U10610RJ2021PTC100074,Elite Exports Private Limited,Managing Director,06/12/2021,,Indian,Male,RING-11
9691745,Mukesh Desai,U74999TN2025PLC100258,Royal Traders Limited,Director,28/02/2025,,Indian,Male,
9852502,Pradeep Agarwal,U47190TN2022PTC100060,Emerald Impex Private Limited,Whole-time Director,08/02/2023,,Indian,Male,RING-09
8832718,Anita Khanna,U64990KA2023PTC100063,Sunrise Pharma Private Limited,Nominee Director,19/08/2023,,Indian,Female,RING-10
9786947,Deepa Jain,U45201KA2016PLC100697,Diamond Industries Limited,Director,12/10/2016,,Indian,Female,
9447643,Vinod Joshi,U52290GJ2020PTC100106,Anmol Services Private Limited,Director,15/01/2021,,Indian,Male,RING-15
9366371,Manju Saxena,U82990TN2006PLC100255,Vishwa Overseas Limited,Director,06/10/2006,,Indian,Female,
9931819,Rajesh Malhotra,U41001TN2017PTC100876,Golden Agro Private Limited,Independent Director,04/10/2017,,Indian,Male,
9266056,Vijay Verma,U52290KA2008PTC100819,Universal Merchants Private Limited,Director,05/08/2008,,Indian,Male,
9809602,Sunita Kumar,U14101DL2021PTC100537,Shakti Consultancy Private Limited,Whole-time Director,12/04/2021,,Indian,Female,
9332550,Shalini Verma,U46900DL2017PTC100148,Ashirwad Overseas Private Limited,Director,06/10/2017,,Indian,Female,
9125522,Ramesh Khanna,U52290RJ2023PTC100087,Capital Trading Private Limited,Director,31/07/2023,,Indian,Male,RING-13
9633278,Gaurav Reddy,U52290TG2011PTC100246,Vishwa Pharma Private Limited,Managing Director,13/09/2011,,Indian,Male,
9114974,Vikram Malhotra,U82990WB2014PLC100196,Falcon Distributors Limited,Director,06/06/2014,,Indian,Male,
8673163,Jyoti Nair,U63990RJ2017PTC100386,Platinum Logistics Private Limited,Managing Director,22/10/2017,,Indian,Female,
8646023,Mukesh Reddy,U74999RJ2011PTC100666,Suvidha Realty Private Limited,Director,27/10/2011,,Indian,Male,
8508433,Vijay Gupta,U70200DL2010PTC100924,Capital Finance Private Limited,Managing Director,19/04/2010,,Indian,Male,
8633223,Manju Patel,U68100PB2005PTC100352,Skyline Textiles Private Limited,Director,26/02/2005,,Indian,Female,
8017681,Praveen Iyer,U47190HR2017PTC100287,Rudra Technologies Private Limited,Director,18/02/2017,,Indian,Male,
9640516,Payal Singh,U47190MH2022PTC100857,Shakti Pharma Private Limited,Director,07/12/2022,,Indian,Female,
8953755,Ravi Desai,U64990HR2024PTC100055,Infinity Systems Private Limited,Director,02/02/2024,,Indian,Male,RING-08
8052292,Lata Shah,U47190DL2018PTC100214,Vardhan Finance Private Limited,Managing Director,02/07/2018,,Indian,Female,
9734884,Deepak Chopra,U47190RJ2025PTC100262,Suvidha Finance Private Limited,Director,27/06/2025,,Indian,Male,
9553288,Arun Mishra,U47190DL2021PTC100132,Global Traders Private Limited,Nominee Director,01/05/2021,,Indian,Male,
8886512,Pradeep Joshi,U64990HR2012PTC100328,Emerald Retail Private Limited,Director,27/10/2012,,Indian,Male,
9229947,Sandeep Chopra,U82990TG2024PTC100529,Platinum Ventures Private Limited,Managing Director,07/02/2025,,Indian,Male,
9980512,Praveen Saxena,U64990HR2007PTC100648,Continental Exports Private Limited,Director,23/08/2007,,Indian,Male,
9659633,Anita Reddy,U70200HR2024PTC100650,Rudra Traders Private Limited,Director,06/05/2024,,Indian,Female,
9322510,Shobha Trivedi,U64990TN2017PTC100613,Emerald Consultancy Private Limited,Independent Director,09/05/2017,,Indian,Female,
8495687,Girish Mishra,U70200MH2017PTC100502,Royal Textiles Private Limited,Director,23/02/2017,,Indian,Male,
8790800,Praveen Kapoor,U41001TG2015PTC100296,Vantage Pharma Private Limited,Director,19/06/2015,,Indian,Male,
9948461,Sandeep Malhotra,U47190RJ2019PTC100007,Vantage Enterprises Private Limited,Managing Director,21/10/2019,,Indian,Male,RING-02
8289343,Vishal Nair,U10610WB2016PLC100607,Platinum Overseas Limited,Additional Director,06/11/2016,,Indian,Male,
9823418,Shobha Sharma,U46900TN2023PTC100112,Anmol Chemicals Private Limited,Nominee Director,05/07/2023,,Indian,Female,RING-16
9397503,Vishal Arora,U68100HR2012PTC100709,Rudra Constructions Private Limited,Managing Director,07/12/2012,,Indian,Male,
9163623,Arun Jain,U45201TN2024PTC100870,Vishal Ventures Private Limited,Additional Director,27/11/2024,,Indian,Male,
8827003,Payal Gupta,U82990DL2021PTC100573,Superior Chemicals Private Limited,Nominee Director,30/04/2021,,Indian,Female,
8440587,Gaurav Bansal,U68100WB2023PLC100921,Ganesh Retail Limited,Managing Director,16/01/2023,,Indian,Male,
9358199,Sunita Pandey,U46900UP2014PLC100236,Apex Developers Limited,Managing Director,09/07/2014,,Indian,Female,
9491882,Dinesh Joshi,U45201RJ2014PLC100273,Royal Textiles Limited,Whole-time Director,21/05/2014,,Indian,Male,
9492753,Manoj Jain,U82990MH2017PTC100524,Vishwa Foods Private Limited,Director,14/03/2017,,Indian,Male,
9297831,Kunal Kapoor,U64990UP2022PTC100669,Nova Pharma Private Limited,Director,24/04/2022,,Indian,Male,
9139156,Vikram Kapoor,U62011MH2012PTC100191,Apex Trading Private Limited,Director,29/09/2012,,Indian,Male,
9396403,Shalini Malhotra,U62011MH2005PTC100528,Rudra Exports Private Limited,Director,26/04/2005,,Indian,Female,
8279780,Harish Tiwari,U14101TG2018PLC100078,Nova Services Limited,Managing Director,28/11/2018,,Indian,Male,RING-12
8679332,Ishaan Bansal,U45201TN2005PTC100605,Diamond Merchants Private Limited,Director,15/07/2005,,Indian,Male,
9512074,Ritu Patel,U74999MH2018PTC100670,Ganesh Traders Private Limited,Additional Director,29/06/2018,,Indian,Female,
8968933,Praveen Gupta,U68100DL2008PTC100948,Metro Logistics Private Limited,Director,21/04/2008,,Indian,Male,
9814102,Vikram Tiwari,U10610UP2015PTC100783,Krishna Overseas Private Limited,Director,30/04/2015,,Indian,Male,
8707598,Pradeep Goyal,U74999RJ2022PTC100989,Everest Finance Private Limited,Managing Director,16/01/2023,,Indian,Male,
8521492,Sarita Trivedi,U10610GJ2010PTC100695,Krishna Solutions Private Limited,Managing Director,12/02/2010,,Indian,Female,
8206132,Manoj Verma,U41001GJ2024PTC100782,Skyline Infra Private Limited,Director,21/05/2024,,Indian,Male,
9138547,Yogesh Bansal,U46900MH2016PTC100727,Everest Systems Private Limited,Director,08/03/2016,,Indian,Male,
8831377,Ajay Jain,U52290MH2011PTC100778,Diamond Commodities Private Limited,Director,18/07/2011,,Indian,Male,
9463743,Ramesh Yadav,U52290TG2011PTC100246,Vishwa Pharma Private Limited,Managing Director,27/07/2011,,Indian,Male,
8834310,Rekha Verma,U62011WB2014PLC100547,Vertex Technologies Limited,Managing Director,14/09/2014,,Indian,Female,
9067542,Girish Rao,U70200KA2014PTC100786,Ashirwad Logistics Private Limited,Director,07/08/2014,,Indian,Male,
9353775,Shobha Jain,U68100RJ2019PTC100788,Pioneer Investments Private Limited,Whole-time Director,11/02/2019,,Indian,Female,
9103780,Radha Malhotra,U45201TG2016PTC100840,Zenith Infra Private Limited,Director,12/04/2016,,Indian,Female,
8217668,Rajesh Desai,U74999RJ2009PTC100465,Royal Realty Private Limited,Director,05/07/2009,,Indian,Male,
8784198,Bharat Verma,U70200TG2010PLC100745,Metro Commodities Limited,Managing Director,22/12/2010,,Indian,Male,
8616960,Satish Agarwal,U74999MH2018PTC100670,Ganesh Traders Private Limited,Director,29/05/2018,,Indian,Male,
8277953,Ajay Kapoor,U64990TG2021PTC100717,Vishal Merchants Private Limited,Director,09/06/2021,,Indian,Male,
8873453,Rakesh Pandey,U47190HR2020PTC100343,Vaibhav Logistics Private Limited,Additional Director,22/10/2020,,Indian,Male,
9282781,Payal Sharma,U70200RJ2022PTC100018,Superior Impex Private Limited,Additional Director,05/01/2023,,Indian,Female,RING-03
8087768,Suresh Arora,U47190GJ2016PTC100575,National Infra Private Limited,Nominee Director,15/04/2016,,Indian,Male,
9823418,Shobha Sharma,U10610TN2023PLC100107,Anmol Technologies Limited,Managing Director,02/07/2023,,Indian,Female,RING-16
8587199,Sanjay Dubey,U46310GJ2026PTC100609,Shree Retail Private Limited,Director,17/02/2026,,Indian,Male,
8445593,Sunil Chauhan,U47190TN2010PTC100364,Sunrise Systems Private Limited,Whole-time Director,13/02/2010,,Indian,Male,
9626747,Manish Arora,U63990MH2019PTC100042,Apex Infra Private Limited,Director,21/01/2019,,Indian,Male,RING-06
8167671,Vivek Trivedi,U74999TN2018PTC100764,Everest Industries Private Limited,Whole-time Director,26/05/2018,,Indian,Male,
8255839,Divya Iyer,U52290UP2008PLC100805,Silver Traders Limited,Director,21/05/2008,,Indian,Female,
8834653,Sachin Bhatia,U70200UP2007PTC100550,Vertex Impex Private Limited,Managing Director,13/05/2007,,Indian,Male,
8248410,Dinesh Chopra,U62011MH2019PTC100044,Apex Textiles Private Limited,Nominee Director,08/01/2019,,Indian,Male,RING-06
8665483,Aparna Goyal,U52290TG2018PTC100566,Om Foods Private Limited,Nominee Director,13/03/2018,,Indian,Female,
9283418,Bharat Chopra,U45201RJ2012PTC100205,Apex Distributors Private Limited,Managing Director,02/04/2012,,Indian,Male,
8351455,Pradeep Verma,U52290HR2008PTC100996,Lakshmi Solutions Private Limited,Managing Director,08/01/2009,,Indian,Male,
9282370,Vijay Sharma,U47190TN2017PTC100336,Horizon Agro Private Limited,Managing Director,22/05/2017,,Indian,Male,
9867479,Mahesh Bansal,U41001TN2013PTC100718,Vardhan Constructions Private Limited,Director,02/07/2013,,Indian,Male,
8486014,Praveen Chopra,U62011TG2014PLC100790,Vishal Chemicals Limited,Director,31/05/2014,,Indian,Male,
9706804,Vinod Rao,U46310KA2018PLC100770,Global Solutions Limited,Independent Director,17/03/2018,,Indian,Male,
8711169,Sanjay Kapoor,U46310MH2010PLC100536,Vaibhav Impex Limited,Director,17/04/2010,,Indian,Male,
9990724,Rohit Rao,U10610MH2011PTC100903,Infinity Retail Private Limited,Director,09/10/2011,,Indian,Male,
9244428,Anjali Joshi,U46900UP2007PTC100930,Prime Pharma Private Limited,Nominee Director,08/12/2007,,Indian,Female,
8722411,Sunil Iyer,U47190DL2009PTC100802,Elite Distributors Private Limited,Managing Director,29/10/2009,,Indian,Male,
8090574,Manish Rao,U62011GJ2022PTC100920,Horizon Ventures Private Limited,Managing Director,03/10/2022,,Indian,Male,
8347734,Anil Kapoor,U14101HR2005PTC100913,Diamond Infra Private Limited,Nominee Director,12/06/2005,,Indian,Male,
8737413,Dinesh Verma,U14101MH2006PTC100422,Aastha Overseas Private Limited,Director,14/10/2006,,Indian,Male,
8206378,Praveen Gupta,U63990WB2013PTC100297,Diamond Consultancy Private Limited,Director,20/04/2013,,Indian,Male,
9750935,Amit Agarwal,U62011TG2022PTC100030,Vikram Agro Private Limited,Director,26/10/2022,,Indian,Male,RING-05
9627840,Vishal Mishra,U64990TG2009PTC100206,Radiant Technologies Private Limited,Director,28/06/2009,,Indian,Male,
9926117,Rakesh Khanna,U63990GJ2020PTC100675,Universal Pharma Private Limited,Nominee Director,05/11/2020,,Indian,Male,
9389934,Harish Desai,U62011MH2016PTC100995,Shakti Overseas Private Limited,Independent Director,31/08/2016,,Indian,Male,
8740592,Vinod Yadav,U82990RJ2023PLC100964,Platinum Realty Limited,Director,23/10/2023,,Indian,Male,
9865679,Arun Kapoor,U63990TN2005PTC100198,Horizon Infra Private Limited,Nominee Director,02/08/2005,,Indian,Male,
9893790,Girish Khanna,U14101TG2018PTC100594,Radiant Trading Private Limited,Nominee Director,19/06/2018,,Indian,Male,
9027414,Mukesh Kapoor,U70200TN2015PTC100209,Everest Distributors Private Limited,Whole-time Director,11/02/2015,,Indian,Male,
9625443,Ashok Arora,U10610GJ2006PTC100509,Prime Services Private Limited,Director,21/10/2006,,Indian,Male,
9825535,Rohit Mishra,U46900WB2017PTC100483,Vikram Industries Private Limited,Managing Director,11/04/2017,,Indian,Male,
9427962,Mahesh Goyal,U68100TG2022PTC100463,Vaibhav Chemicals Private Limited,Director,12/05/2022,,Indian,Male,
8571611,Amit Yadav,U46900TG2016PTC100902,National Services Private Limited,Whole-time Director,03/06/2016,,Indian,Male,
9633745,Radha Trivedi,U74999UP2018PTC100587,Vishwa Enterprises Private Limited,Nominee Director,24/04/2018,,Indian,Female,
8145019,Mukesh Bhatia,U46310WB2022PTC100998,Skyline Solutions Private Limited,Managing Director,05/10/2022,,Indian,Male,
9733165,Ishaan Agarwal,U41001WB2013PTC100482,Vishwa Logistics Private Limited,Additional Director,20/11/2013,,Indian,Male,
8014104,Anil Yadav,U10610GJ2006PTC100738,Vardhan Investments Private Limited,Whole-time Director,29/10/2006,,Indian,Male,
8929970,Manju Joshi,U82990RJ2008PTC100942,Trident Impex Private Limited,Whole-time Director,24/07/2008,,Indian,Female,
9409778,Girish Chopra,U62011UP2009PTC100803,Vishwa Traders Private Limited,Additional Director,19/12/2009,,Indian,Male,
9177366,Mukesh Mehta,U62011HR2015PTC100523,Ashirwad Technologies Private Limited,Whole-time Director,16/04/2015,,Indian,Male,
9071277,Bharat Mehta,U10610PB2013PTC100122,Sunrise Finance Private Limited,Managing Director,30/11/2013,,Indian,Male,
8868230,Naresh Sharma,U63990PB2020PLC100619,Golden Commodities Limited,Additional Director,17/10/2020,,Indian,Male,
8676082,Nitin Pandey,U68100KA2011PLC100163,Zenith Chemicals Limited,Whole-time Director,02/09/2011,,Indian,Male,
9241934,Sarita Patel,U47190PB2016PTC100317,Prime Constructions Private Limited,Director,14/01/2016,,Indian,Female,
9134070,Nitin Bhatia,U46310MH2010PTC100489,Falcon Retail Private Limited,Director,08/04/2010,,Indian,Male,
8951549,Ajay Iyer,U46900DL2007PTC100577,Apex Finance Private Limited,Director,26/12/2007,,Indian,Male,
8566863,Sandeep Mishra,U10610TN2019PTC100776,Vishal Industries Private Limited,Additional Director,12/02/2020,,Indian,Male,
8843723,Madhuri Jain,U41001GJ2010PTC100960,Emerald Textiles Private Limited,Director,07/07/2010,,Indian,Female,
9125937,Rohit Iyer,U41001GJ2009PTC100121,Horizon Services Private Limited,Managing Director,23/03/2009,,Indian,Male,
9486335,Kunal Verma,U62011MH2021PTC100089,Lakshmi Pharma Private Limited,Managing Director,11/10/2021,,Indian,Male,RING-14
9578027,Sarita Kumar,U10610PB2018PTC100312,Vinayak Impex Private Limited,Director,17/08/2018,,Indian,Female,
8561316,Bharat Sharma,U64990UP2014PTC100338,Metro Industries Private Limited,Managing Director,01/08/2014,,Indian,Male,
9167271,Pradeep Kapoor,U64990TN2012PTC100925,Orion Technologies Private Limited,Director,01/09/2012,,Indian,Male,
8495992,Ravi Jain,U68100UP2009PTC100556,Continental Chemicals Private Limited,Director,27/11/2009,,Indian,Male,
8136326,Sunil Pandey,U14101MH2005PLC100686,Platinum Textiles Limited,Managing Director,11/08/2005,,Indian,Male,
8150194,Swati Jain,U63990TN2021PTC100864,Capital Commodities Private Limited,Whole-time Director,09/02/2021,,Indian,Female,
8871756,Sarita Goyal,U74999UP2024PTC100720,Sunrise Textiles Private Limited,Director,07/10/2024,,Indian,Female,
9213400,Satish Bhatia,U62011WB2021PTC100825,Vinayak Chemicals Private Limited,Director,01/01/2022,,Indian,Male,
8888673,Usha Arora,U52290GJ2015PLC100501,Rudra Textiles Limited,Director,26/04/2015,,Indian,Female,
8573089,Sandeep Tiwari,U47190TN2023PTC100059,Emerald Pharma Private Limited,Director,29/01/2023,,Indian,Male,RING-09
8685505,Geeta Reddy,U14101TG2018PTC100594,Radiant Trading Private Limited,Director,20/05/2018,,Indian,Female,
8356378,Aparna Dubey,U41001MH2005PTC100515,Om Trading Private Limited,Managing Director,17/11/2005,,Indian,Female,
8308572,Suresh Chopra,U10610HR2005PLC100777,Radiant Agro Limited,Managing Director,28/04/2005,,Indian,Male,
8340682,Satish Desai,U14101TN2023PTC100113,Anmol Textiles Private Limited,Director,18/06/2023,,Indian,Male,RING-16
8663207,Vikram Tiwari,U62011PB2012PTC100289,Suvidha Enterprises Private Limited,Director,06/04/2012,,Indian,Male,
8192804,Manoj Rao,U10610MH2005PLC100344,Apex Enterprises Limited,Managing Director,20/10/2005,,Indian,Male,
8044027,Pooja Desai,U64990UP2005PTC100294,Vikram Pharma Private Limited,Director,05/09/2005,,Indian,Female,
9933543,Rajesh Jain,U64990KA2006PTC100510,Platinum Impex Private Limited,Director,28/02/2006,,Indian,Male,
8648271,Vikram Gupta,U47190MH2011PTC100345,Superior Investments Private Limited,Independent Director,26/02/2011,,Indian,Male,
9232434,Sunil Pandey,U47190DL2021PTC100517,Global Consultancy Private Limited,Additional Director,12/04/2021,,Indian,Male,
8137631,Sachin Kumar,U52290MH2015PTC100239,Royal Pharma Private Limited,Director,29/12/2015,,Indian,Male,
9207890,Rohit Rao,U46900HR2019PTC100231,Suvidha Impex Private Limited,Director,15/04/2019,,Indian,Male,
9667525,Shalini Malhotra,U10610GJ2010PTC100695,Krishna Solutions Private Limited,Director,10/01/2010,,Indian,Female,
8420210,Vikram Singh,U14101MH2016PTC100292,Prime Agro Private Limited,Independent Director,18/08/2016,,Indian,Male,
9272035,Ashok Singh,U10610GJ2024PLC100504,Apex Distributors Limited,Director,21/02/2024,,Indian,Male,
8426887,Rekha Iyer,U63990HR2010PLC100888,Vinayak Ventures Limited,Director,30/01/2010,,Indian,Female,
9599312,Rekha Singh,U70200TN2006PTC100389,Shakti Trading Private Limited,Additional Director,08/01/2006,,Indian,Female,
8973638,Sandeep Khanna,U68100MH2012PTC100643,Continental Merchants Private Limited,Director,11/11/2012,,Indian,Male,
9829156,Neha Shah,U14101TN2019PLC100653,Global Merchants Limited,Additional Director,04/07/2019,,Indian,Female,
8499479,Mukesh Sharma,U63990HR2013PTC100382,Sai Constructions Private Limited,Nominee Director,07/09/2013,,Indian,Male,
9025223,Anjali Yadav,U64990TG2008PTC100962,Infinity Distributors Private Limited,Director,13/04/2008,,Indian,Female,
8880229,Rajesh Pandey,U82990WB2011PTC100530,Meridian Textiles Private Limited,Whole-time Director,21/02/2011,,Indian,Male,
8609197,Sunita Patel,U47190MH2006PTC100916,Rudra Finance Private Limited,Whole-time Director,05/04/2006,,Indian,Female,
8719485,Aparna Malhotra,U10610PB2019PLC100314,Zenith Systems Limited,Managing Director,04/12/2019,,Indian,Female,
9467184,Ashok Chopra,U64990UP2018PTC100646,Lakshmi Developers Private Limited,Director,27/08/2018,,Indian,Male,
9032274,Rakesh Dubey,U46900WB2015PTC100442,Sai Foods Private Limited,Additional Director,29/08/2015,,Indian,Male,
8832718,Anita Khanna,U45201KA2023PLC100066,Sunrise Distributors Limited,Independent Director,01/09/2023,,Indian,Female,RING-10
8583967,Praveen Gupta,U47190UP2014PTC100306,Capital Constructions Private Limited,Independent Director,26/09/2014,,Indian,Male,
8277374,Harish Verma,U46900WB2024PTC100723,Suvidha Services Private Limited,Additional Director,01/03/2024,,Indian,Male,
9599101,Vivek Sharma,U46900RJ2019PTC100012,Vantage Overseas Private Limited,Director,14/10/2019,,Indian,Male,RING-02
9243243,Ajay Reddy,U41001GJ2020PTC100999,Vishal Realty Private Limited,Whole-time Director,19/12/2020,,Indian,Male,
8701682,Deepak Mehta,U45201TG2006PTC100544,Krishna Distributors Private Limited,Whole-time Director,04/12/2006,,Indian,Male,
9257385,Dinesh Verma,U45201WB2020PTC100424,Vikram Consultancy Private Limited,Nominee Director,07/06/2020,,Indian,Male,
9299027,Sanjay Khanna,U46310TN2024PLC100578,Sai Textiles Limited,Nominee Director,31/01/2025,,Indian,Male,
9528944,Ravi Yadav,U82990MH2014PLC100451,Vinayak Retail Limited,Director,03/07/2014,,Indian,Male,
8871756,Sarita Goyal,U68100TG2011PTC100683,National Pharma Private Limited,Director,12/09/2011,,Indian,Female,
9969078,Geeta Patel,U70200RJ2022PTC100018,Superior Impex Private Limited,Nominee Director,09/01/2023,,Indian,Female,RING-03
9449984,Vinod Mehta,U62011DL2017PTC100559,Royal Developers Private Limited,Managing Director,05/11/2017,,Indian,Male,
9665023,Satish Mehta,U41001HR2007PTC100610,Nova Retail Private Limited,Whole-time Director,29/01/2007,,Indian,Male,
8142185,Pradeep Chopra,U68100RJ2016PTC100886,Suvidha Systems Private Limited,Whole-time Director,25/07/2016,,Indian,Male,
9292690,Arun Mishra,U70200MH2019PTC100452,Sunrise Consultancy Private Limited,Whole-time Director,22/05/2019,,Indian,Male,
8268850,Deepa Verma,U68100PB2015PTC100253,Falcon Commodities Private Limited,Whole-time Director,19/07/2015,,Indian,Female,
9164861,Rakesh Yadav,U46310GJ2005PTC100728,Prime Chemicals Private Limited,Whole-time Director,19/06/2005,,Indian,Male,
9212473,Ritu Reddy,U47190DL2009PTC100802,Elite Distributors Private Limited,Director,29/09/2009,,Indian,Female,
9075089,Satish Shah,U14101TN2019PTC100485,Diamond Trading Private Limited,Director,04/10/2019,,Indian,Male,
8517854,Arun Trivedi,U74999TN2023PTC100951,Metro Exports Private Limited,Additional Director,19/02/2023,,Indian,Male,
8634024,Alok Bansal,U52290HR2009PTC100203,Lakshmi Constructions Private Limited,Nominee Director,09/07/2009,,Indian,Male,
8340791,Ishaan Saxena,U64990MH2021PTC100092,Lakshmi Retail Private Limited,Director,21/09/2021,,Indian,Male,RING-14
9637743,Rekha Chopra,U47190GJ2006PTC100228,Rudra Textiles Private Limited,Director,20/09/2006,,Indian,Female,
8655319,Sandeep Rao,U52290WB2023PTC100215,Apex Systems Private Limited,Independent Director,10/06/2023,,Indian,Male,
9249916,Girish Trivedi,U74999DL2015PTC100593,Om Overseas Private Limited,Director,26/10/2015,,Indian,Male,
9394171,Bharat Saxena,U62011RJ2025PTC100301,Shree Ventures Private Limited,Director,26/06/2025,,Indian,Male,
8360007,Ramesh Rao,U10610TG2017PTC100690,Superior Infra Private Limited,Director,08/05/2017,,Indian,Male,
9542086,Suresh Iyer,U10610TG2024PTC100885,Krishna Textiles Private Limited,Managing Director,28/03/2024,,Indian,Male,
9381710,Alok Tiwari,U10610UP2024PTC100025,Pioneer Finance Private Limited,Director,12/08/2024,,Indian,Male,RING-04
8109288,Naresh Pandey,U70200TN2005PTC100263,Golden Logistics Private Limited,Independent Director,12/09/2005,,Indian,Male,
9709847,Rekha Trivedi,U45201PB2025PTC100585,Vishwa Textiles Private Limited,Whole-time Director,19/12/2025,,Indian,Female,
9786947,Deepa Jain,U52290TG2011PTC100246,Vishwa Pharma Private Limited,Director,09/09/2011,,Indian,Female,
9431190,Rajesh Arora,U41001TG2008PTC100858,Radiant Realty Private Limited,Whole-time Director,14/08/2008,,Indian,Male,
8609197,Sunita Patel,U45201UP2024PTC100397,Global Realty Private Limited,Additional Director,27/11/2024,,Indian,Female,
8306601,Kunal Yadav,U46310MH2018PLC100381,Continental Industries Limited,Whole-time Director,26/06/2018,,Indian,Male,
8347390,Amit Pandey,U74999HR2022PLC100707,Elite Traders Limited,Director,11/03/2022,,Indian,Male,
8205455,Amit Bansal,U47190HR2007PLC100961,Universal Overseas Limited,Whole-time Director,05/10/2007,,Indian,Male,
8767505,Priya Chauhan,U62011UP2022PTC101000,Vantage Technologies Private Limited,Managing Director,08/02/2022,,Indian,Female,
9156803,Kunal Singh,U64990KA2006PTC100510,Platinum Impex Private Limited,Managing Director,11/04/2006,,Indian,Male,
9311789,Ramesh Chopra,U64990DL2009PTC100692,Infinity Trading Private Limited,Managing Director,05/03/2009,,Indian,Male,
9386026,Vivek Khanna,U64990UP2005PTC100294,Vikram Pharma Private Limited,Director,21/10/2005,,Indian,Male,
9167430,Vinod Verma,U63990PB2012PTC100435,Prime Traders Private Limited,Nominee Director,05/05/2012,,Indian,Male,
9707858,Vikram Agarwal,U52290MH2014PTC100313,Global Industries Private Limited,Director,23/05/2014,,Indian,Male,
9918755,Manish Malhotra,U41001GJ2014PTC100931,Platinum Merchants Private Limited,Nominee Director,08/05/2014,,Indian,Male,
8991197,Vivek Desai,U63990MH2022PTC100875,Royal Investments Private Limited,Additional Director,07/09/2022,,Indian,Male,
9733165,Ishaan Agarwal,U63990TG2017PTC100212,Skyline Enterprises Private Limited,Director,18/09/2017,,Indian,Male,
9996320,Anil Gupta,U68100TG2022PTC100034,Vikram Retail Private Limited,Independent Director,20/10/2022,,Indian,Male,RING-05
9600397,Aparna Jain,U82990HR2006PLC100890,Om Infra Limited,Director,22/06/2006,,Indian,Female,
9197647,Ishaan Bansal,U63990RJ2017PTC100386,Platinum Logistics Private Limited,Director,01/10/2017,,Indian,Male,
8361530,Suresh Bhatia,U41001DL2018PTC100923,Elite Realty Private Limited,Nominee Director,03/05/2018,,Indian,Male,
9885899,Bharat Shah,U47190TN2022PTC100060,Emerald Impex Private Limited,Whole-time Director,07/02/2023,,Indian,Male,RING-09
9652102,Amit Malhotra,U62011UP2010PTC100324,Emerald Industries Private Limited,Managing Director,19/12/2010,,Indian,Male,
8843636,Harish Shah,U63990WB2015PTC100130,Orion Commodities Private Limited,Independent Director,10/09/2015,,Indian,Male,
9238352,Amit Kumar,U74999PB2019PTC100003,Horizon Merchants Private Limited,Whole-time Director,29/03/2019,,Indian,Male,RING-01
9104266,Mahesh Dubey,U41001MH2009PTC100399,Meridian Infra Private Limited,Director,09/08/2009,,Indian,Male,
9331809,Amit Mishra,U64990MH2019PLC100847,Shree Services Limited,Whole-time Director,01/07/2019,,Indian,Male,
9378688,Harish Yadav,U74999RJ2010PTC100754,Skyline Overseas Private Limited,Director,07/02/2010,,Indian,Male,
9463333,Ramesh Agarwal,U46900MH2011PTC100383,Om Impex Private Limited,Director,10/05/2011,,Indian,Male,
8031599,Ajay Patel,U68100HR2009PTC100192,Ashirwad Exports Private Limited,Managing Director,06/09/2009,,Indian,Male,
8691411,Vishal Goyal,U45201RJ2021PTC100072,Elite Pharma Private Limited,Director,11/11/2021,,Indian,Male,RING-11
8832718,Anita Khanna,U10610KA2023PTC100065,Sunrise Investments Private Limited,Independent Director,18/08/2023,,Indian,Female,RING-10
8479339,Sarita Bansal,U74999TN2012PLC100184,Zenith Technologies Limited,Director,11/09/2012,,Indian,Female,
8535730,Vinod Iyer,U64990MH2012PTC100202,Everest Consultancy Private Limited,Nominee Director,05/08/2012,,Indian,Male,
9051160,Harish Arora,U82990KA2023PTC100746,Zenith Developers Private Limited,Managing Director,13/08/2023,,Indian,Male,
9831959,Rohit Yadav,U14101DL2022PTC100767,Apex Traders Private Limited,Director,24/12/2022,,Indian,Male,
9988276,Payal Trivedi,U82990TN2020PTC100531,Ganesh Infra Private Limited,Director,12/01/2020,,Indian,Female,
8825173,Ishaan Tiwari,U64990TN2017PTC100613,Emerald Consultancy Private Limited,Whole-time Director,27/04/2017,,Indian,Male,
8722339,Gaurav Goyal,U62011GJ2022PTC100920,Horizon Ventures Private Limited,Additional Director,18/11/2022,,Indian,Male,
8888139,Mahesh Gupta,U45201UP2012PLC100620,Shree Agro Limited,Managing Director,12/07/2012,,Indian,Male,
8920718,Sachin Gupta,U52290UP2013PLC100922,Vantage Textiles Limited,Additional Director,07/09/2013,,Indian,Male,
9664673,Kiran Desai,U64990WB2006PTC100129,Prime Realty Private Limited,Director,30/11/2006,,Indian,Female,
9172546,Deepa Yadav,U52290TN2016PTC100180,Metro Enterprises Private Limited,Managing Director,26/06/2016,,Indian,Female,
9102740,Rakesh Jain,U82990UP2016PTC100568,Shakti Retail Private Limited,Director,24/03/2016,,Indian,Male,
9104266,Mahesh Dubey,U74999PB2021PTC100968,Orion Agro Private Limited,Independent Director,28/07/2021,,Indian,Male,
9956903,Naresh Sharma,U14101MH2015PTC100349,Aastha Industries Private Limited,Director,14/08/2015,,Indian,Male,
8178242,Nitin Arora,U10610MH2005PTC100687,Horizon Retail Private Limited,Director,30/04/2005,,Indian,Male,
9491931,Payal Kumar,U10610UP2014PTC100471,Vaibhav Merchants Private Limited,Nominee Director,31/12/2014,,Indian,Female,
9996320,Anil Gupta,U70200TG2022PLC100036,Vikram Enterprises Limited,Independent Director,20/10/2022,,Indian,Male,RING-05
9956903,Naresh Sharma,U52290WB2007PTC100978,Infinity Exports Private Limited,Director,12/07/2007,,Indian,Male,
9926111,Praveen Malhotra,U52290WB2016PLC100326,Vishal Commodities Limited,Independent Director,21/12/2016,,Indian,Male,
8106447,Bharat Singh,U46310MH2010PLC100536,Vaibhav Impex Limited,Director,11/03/2010,,Indian,Male,
9664583,Payal Reddy,U14101UP2024PTC100023,Pioneer Industries Private Limited,Whole-time Director,19/08/2024,,Indian,Female,RING-04
9920790,Madhuri Tiwari,U14101RJ2023PLC100679,Lakshmi Commodities Limited,Whole-time Director,03/01/2024,,Indian,Female,
9191209,Pooja Patel,U41001GJ2020PTC100602,Global Textiles Private Limited,Director,11/04/2020,,Indian,Female,
8064244,Pradeep Bansal,U14101UP2012PTC100561,Krishna Services Private Limited,Managing Director,21/03/2012,,Indian,Male,
9307069,Sanjay Tiwari,U62011MH2025PTC100046,Anmol Overseas Private Limited,Nominee Director,03/06/2025,,Indian,Male,RING-07
9337593,Kavita Desai,U46310GJ2015PTC100419,Emerald Traders Private Limited,Director,12/04/2015,,Indian,Female,
8162162,Sunil Arora,U46900UP2007PTC100930,Prime Pharma Private Limited,Director,05/01/2008,,Indian,Male,
9307870,Yogesh Dubey,U62011MH2017PTC100560,Continental Ventures Private Limited,Director,23/03/2017,,Indian,Male,
8140923,Harish Kumar,U45201PB2017PTC100429,Metro Pharma Private Limited,Director,11/11/2017,,Indian,Male,
9317003,Deepak Joshi,U46900TN2022PTC100245,Vishal Consultancy Private Limited,Director,08/10/2022,,Indian,Male,
8274304,Kunal Reddy,U52290RJ2026PTC100801,Continental Overseas Private Limited,Nominee Director,28/04/2026,,Indian,Male,
9240610,Rohit Kumar,U10610TG2024PTC100885,Krishna Textiles Private Limited,Director,13/03/2024,,Indian,Male,
9487108,Harish Tiwari,U82990KA2009PTC100766,Infinity Agro Private Limited,Director,13/04/2009,,Indian,Male,
9823418,Shobha Sharma,U52290TN2023PTC100111,Anmol Ventures Private Limited,Additional Director,12/06/2023,,Indian,Female,RING-16
9819739,Kunal Sharma,U52290PB2017PTC100174,Zenith Merchants Private Limited,Director,04/01/2018,,Indian,Male,
8792366,Manoj Patel,U74999MH2014PTC100671,Universal Investments Private Limited,Nominee Director,01/09/2014,,Indian,Male,
9737359,Sanjay Agarwal,U68100MH2005PTC100279,Diamond Agro Private Limited,Managing Director,27/03/2005,,Indian,Male,
9948461,Sandeep Malhotra,U82990RJ2019PLC100014,Vantage Enterprises Limited,Director,13/10/2019,,Indian,Male,RING-02
8906130,Rakesh Jain,U68100KA2024PLC100302,Meridian Foods Limited,Director,24/10/2024,,Indian,Male,
9163515,Sarita Kumar,U70200UP2016PTC100402,Vikram Realty Private Limited,Nominee Director,23/02/2016,,Indian,Female,
8948647,Kiran Mishra,U14101WB2016PTC100657,Shakti Commodities Private Limited,Director,25/05/2016,,Indian,Female,
9864361,Vinod Saxena,U46900RJ2023PTC100084,Capital Foods Private Limited,Managing Director,09/08/2023,,Indian,Male,RING-13
9074852,Harish Kapoor,U64990KA2009PTC100973,Om Services Private Limited,Whole-time Director,28/12/2009,,Indian,Male,
8064719,Meena Goyal,U68100WB2007PTC100128,Universal Overseas Private Limited,Independent Director,10/01/2008,,Indian,Female,
9967316,Suresh Nair,U10610MH2019PTC100232,Prime Exports Private Limited,Independent Director,14/03/2019,,Indian,Male,
9056166,Vikram Rao,U64990GJ2007PTC100464,Krishna Technologies Private Limited,Nominee Director,14/07/2007,,Indian,Male,
8640969,Suresh Goyal,U10610TG2007PTC100661,Vishal Agro Private Limited,Managing Director,30/10/2007,,Indian,Male,
9615513,Sandeep Chauhan,U64990HR2011PTC100135,Vishal Foods Private Limited,Whole-time Director,29/03/2011,,Indian,Male,
8137745,Ishaan Mishra,U47190TN2023PTC100059,Emerald Pharma Private Limited,Director,04/02/2023,,Indian,Male,RING-09
8932382,Kavita Chauhan,U62011RJ2005PLC100665,Vikram Distributors Limited,Director,19/07/2005,,Indian,Female,
8177828,Madhuri Mishra,U63990HR2024PTC100473,Bharat Pharma Private Limited,Whole-time Director,23/02/2024,,Indian,Female,
8882320,Sachin Bhatia,U10610UP2015PTC100783,Krishna Overseas Private Limited,Director,14/04/2015,,Indian,Male,
8029719,Nisha Bhatia,U68100MH2006PTC100409,Skyline Merchants Private Limited,Director,10/04/2006,,Indian,Female,
8528511,Rakesh Kapoor,U82990KA2009PTC100457,Lakshmi Systems Private Limited,Whole-time Director,19/02/2009,,Indian,Male,
8368458,Harish Chopra,U82990KA2023PTC100062,Sunrise Trading Private Limited,Additional Director,24/08/2023,,Indian,Male,RING-10
9935428,Kunal Bhatia,U46900KA2014PTC100910,Continental Retail Private Limited,Independent Director,26/03/2014,,Indian,Male,
9507358,Rahul Mishra,U82990TN2010PTC100572,Vertex Trading Private Limited,Managing Director,06/01/2011,,Indian,Male,
8346417,Rajesh Agarwal,U52290HR2024PTC100850,Emerald Finance Private Limited,Managing Director,22/07/2024,,Indian,Male,
8888673,Usha Arora,U41001TN2013PTC100718,Vardhan Constructions Private Limited,Managing Director,02/06/2013,,Indian,Female,
8838368,Mahesh Agarwal,U46900HR2006PTC100859,Om Textiles Private Limited,Whole-time Director,23/02/2006,,Indian,Male,
8358406,Suresh Reddy,U82990TN2011PTC100668,Universal Logistics Private Limited,Director,21/07/2011,,Indian,Male,
8211762,Sandeep Yadav,U62011KA2010PLC100943,Skyline Consultancy Limited,Director,21/11/2010,,Indian,Male,
9305132,Girish Chopra,U14101DL2022PTC100767,Apex Traders Private Limited,Director,28/01/2023,,Indian,Male,
9383135,Nitin Bhatia,U74999MH2019PTC100940,Aastha Commodities Private Limited,Managing Director,26/11/2019,,Indian,Male,
8939159,Sandeep Kumar,U68100MH2012PTC100643,Continental Merchants Private Limited,Director,21/11/2012,,Indian,Male,
9229736,Manish Sharma,U46310UP2014PTC100721,Emerald Enterprises Private Limited,Director,15/10/2014,,Indian,Male,
9759574,Deepak Dubey,U14101WB2018PTC100900,Vinayak Services Private Limited,Director,23/07/2018,,Indian,Male,
9850047,Rahul Bhatia,U45201UP2024PTC100397,Global Realty Private Limited,Director,05/11/2024,,Indian,Male,
8078935,Rohit Pandey,U62011WB2019PTC100901,Royal Systems Private Limited,Additional Director,09/06/2019,,Indian,Male,
8576678,Ashok Gupta,U68100MH2019PTC100137,Sai Industries Private Limited,Director,24/07/2019,,Indian,Male,
8743120,Manoj Sharma,U70200GJ2012PLC100851,Apex Overseas Limited,Director,13/02/2012,,Indian,Male,
8008957,Ishaan Mehta,U14101WB2016PLC100992,Emerald Finance Limited,Independent Director,22/08/2016,,Indian,Male,
8275158,Amit Reddy,U10610WB2016PTC100154,Everest Impex Private Limited,Director,18/04/2016,,Indian,Male,
8951904,Satish Pandey,U41001UP2014PTC100641,Prime Trading Private Limited,Managing Director,27/11/2014,,Indian,Male,
8828375,Manju Dubey,U74999RJ2005PTC100583,Vishwa Retail Private Limited,Director,31/01/2005,,Indian,Female,
8340791,Ishaan Saxena,U68100MH2021PLC100095,Lakshmi Investments Limited,Additional Director,23/10/2021,,Indian,Male,RING-14
9872547,Sanjay Reddy,U46310GJ2007PTC100534,Horizon Finance Private Limited,Director,20/09/2007,,Indian,Male,
8797526,Naresh Yadav,U45201HR2019PTC100396,Radiant Agro Private Limited,Managing Director,10/05/2019,,Indian,Male,
8968938,Vishal Khanna,U70200HR2023PTC100834,Royal Commodities Private Limited,Director,23/05/2023,,Indian,Male,
9489276,Kiran Reddy,U41001PB2011PTC100123,Golden Constructions Private Limited,Managing Director,09/07/2011,,Indian,Female,
8087874,Pooja Gupta,U46310WB2012PTC100977,Metro Ventures Private Limited,Director,01/02/2012,,Indian,Female,
8773555,Bharat Joshi,U68100RJ2016PTC100886,Suvidha Systems Private Limited,Whole-time Director,19/06/2016,,Indian,Male,
8181230,Mukesh Verma,U46310KA2019PTC100410,Vaibhav Solutions Private Limited,Director,19/05/2019,,Indian,Male,
9681430,Dinesh Chauhan,U63990TG2023PTC100276,Ashirwad Systems Private Limited,Whole-time Director,22/09/2023,,Indian,Male,
8048786,Rakesh Bhatia,U10610RJ2024PTC100841,Zenith Industries Private Limited,Whole-time Director,11/10/2024,,Indian,Male,
9015986,Praveen Agarwal,U70200TN2022PTC100147,Superior Trading Private Limited,Managing Director,04/12/2022,,Indian,Male,
9655799,Seema Reddy,U64990TG2011PTC100235,Metro Investments Private Limited,Nominee Director,07/03/2011,,Indian,Female,
9917623,Pooja Singh,U70200MH2014PLC100712,Vikram Textiles Limited,Managing Director,26/07/2014,,Indian,Female,
9229682,Anita Goyal,U63990WB2012PTC100346,National Agro Private Limited,Additional Director,09/01/2013,,Indian,Female,
8376476,Vivek Jain,U63990WB2018PTC100416,Vantage Merchants Private Limited,Director,26/07/2018,,Indian,Male,
9329621,Amit Jain,U52290DL2026PLC100701,Sai Investments Limited,Managing Director,17/04/2026,,Indian,Male,
9932745,Dinesh Dubey,U41001HR2025PTC100341,Royal Services Private Limited,Managing Director,10/12/2025,,Indian,Male,
8960048,Nitin Chauhan,U52290WB2016PLC100326,Vishal Commodities Limited,Nominee Director,06/01/2017,,Indian,Male,
9265245,Jyoti Joshi,U62011HR2005PTC100449,Bharat Traders Private Limited,Nominee Director,08/12/2005,,Indian,Female,
8198653,Manoj Patel,U46310WB2011PTC100654,Elite Chemicals Private Limited,Director,30/05/2011,,Indian,Male,
9584488,Rajesh Kapoor,U64990KA2018PTC100431,Trident Infra Private Limited,Whole-time Director,21/05/2018,,Indian,Male,
8838296,Vandana Chopra,U46310WB2022PTC100998,Skyline Solutions Private Limited,Nominee Director,16/11/2022,,Indian,Female,
8007233,Praveen Agarwal,U41001DL2025PTC100768,Vishwa Distributors Private Limited,Director,17/07/2025,,Indian,Male,
8462638,Gaurav Malhotra,U14101RJ2018PLC100628,Vishal Technologies Limited,Managing Director,23/05/2018,,Indian,Male,
8156926,Ravi Tiwari,U52290MH2025PTC100051,Anmol Constructions Private Limited,Nominee Director,13/06/2025,,Indian,Male,RING-07
8518428,Kunal Verma,U70200PB2019PTC100374,Vishwa Overseas Private Limited,Director,18/03/2019,,Indian,Male,
9231683,Amit Rao,U82990RJ2017PTC100740,Shakti Industries Private Limited,Director,28/10/2017,,Indian,Male,
9942135,Pradeep Pandey,U62011HR2024PTC100428,Prime Impex Private Limited,Whole-time Director,26/04/2024,,Indian,Male,
8694510,Naresh Yadav,U10610DL2026PLC100141,Anmol Trading Limited,Director,28/04/2026,,Indian,Male,
8476183,Swati Rao,U63990DL2005PTC100846,Om Investments Private Limited,Director,10/06/2005,,Indian,Female,
8888673,Usha Arora,U63990TN2010PTC100285,Falcon Developers Private Limited,Managing Director,24/07/2010,,Indian,Female,
8275693,Swati Malhotra,U70200WB2020PTC100939,Rudra Distributors Private Limited,Director,28/07/2020,,Indian,Female,
8980650,Vivek Khanna,U46900WB2022PTC100734,Vardhan Textiles Private Limited,Director,20/03/2022,,Indian,Male,
8889329,Vishal Kumar,U46900TG2015PTC100417,Vardhan Solutions Private Limited,Managing Director,28/04/2015,,Indian,Male,
8696115,Nitin Dubey,U52290KA2015PLC100814,Sai Commodities Limited,Whole-time Director,31/07/2015,,Indian,Male,
8137745,Ishaan Mishra,U70200TN2023PLC100057,Emerald Chemicals Limited,Director,02/02/2023,,Indian,Male,RING-09
8929030,Neha Mehta,U70200TN2017PTC100812,National Enterprises Private Limited,Director,25/06/2017,,Indian,Female,
8020643,Anil Goyal,U45201TG2013PTC100749,Radiant Consultancy Private Limited,Managing Director,20/06/2013,,Indian,Male,
9637743,Rekha Chopra,U52290KA2020PTC100589,Zenith Constructions Private Limited,Nominee Director,23/09/2020,,Indian,Female,
9391761,Rohit Chauhan,U74999KA2012PLC100891,National Foods Limited,Whole-time Director,13/01/2013,,Indian,Male,
8693839,Manish Arora,U64990TN2017PTC100613,Emerald Consultancy Private Limited,Director,26/04/2017,,Indian,Male,
8343738,Vinod Saxena,U14101KA2012PTC100521,Shree Commodities Private Limited,Additional Director,21/05/2012,,Indian,Male,
9667525,Shalini Malhotra,U41001MH2012PTC100807,Platinum Overseas Private Limited,Whole-time Director,18/02/2012,,Indian,Female,
9988276,Payal Trivedi,U63990WB2013PTC100297,Diamond Consultancy Private Limited,Director,20/04/2013,,Indian,Female,
9416086,Madhuri Arora,U64990MH2006PTC100493,Trident Textiles Private Limited,Director,12/12/2006,,Indian,Female,
9601363,Neha Saxena,U46900UP2010PTC100525,Capital Developers Private Limited,Director,02/05/2010,,Indian,Female,
8311570,Mahesh Malhotra,U64990HR2007PTC100367,Rudra Chemicals Private Limited,Director,23/05/2007,,Indian,Male,
9238352,Amit Kumar,U62011PB2019PTC100005,Horizon Developers Private Limited,Whole-time Director,13/04/2019,,Indian,Male,RING-01
9389879,Kavita Joshi,U64990MH2007PTC100659,Suvidha Commodities Private Limited,Managing Director,02/04/2007,,Indian,Female,
9880709,Bharat Malhotra,U68100UP2018PTC100606,Shakti Chemicals Private Limited,Nominee Director,08/09/2018,,Indian,Male,
8336037,Anjali Desai,U47190TG2025PTC100316,Trident Commodities Private Limited,Whole-time Director,17/06/2025,,Indian,Female,
8869262,Mahesh Desai,U62011PB2005PTC100261,Diamond Services Private Limited,Nominee Director,27/01/2005,,Indian,Male,
9026799,Vishal Rao,U70200UP2011PTC100791,Royal Foods Private Limited,Managing Director,10/11/2011,,Indian,Male,
8244687,Suresh Saxena,U10610HR2024PTC100052,Infinity Commodities Private Limited,Director,08/02/2024,,Indian,Male,RING-08
9667525,Shalini Malhotra,U45201GJ2022PTC100354,Trident Exports Private Limited,Additional Director,23/11/2022,,Indian,Female,
8064719,Meena Goyal,U14101TG2024PLC100127,Metro Retail Limited,Director,14/10/2024,,Indian,Female,
9096375,Praveen Iyer,U45201TN2005PTC100605,Diamond Merchants Private Limited,Whole-time Director,14/07/2005,,Indian,Male,
9584972,Vinod Tiwari,U82990KA2019PTC100519,Capital Impex Private Limited,Managing Director,17/11/2019,,Indian,Male,
8352084,Sunil Iyer,U82990WB2014PLC100972,Platinum Logistics Limited,Managing Director,29/01/2015,,Indian,Male,
8615514,Sachin Sharma,U52290PB2019PTC100006,Horizon Chemicals Private Limited,Additional Director,28/03/2019,,Indian,Male,RING-01
9659110,Usha Malhotra,U10610PB2014PTC100748,Elite Ventures Private Limited,Nominee Director,18/04/2014,,Indian,Female,
8362086,Vandana Kumar,U62011RJ2023PTC100085,Capital Retail Private Limited,Director,30/07/2023,,Indian,Female,RING-13
9650122,Anil Joshi,U46310DL2009PTC100579,Vinayak Investments Private Limited,Managing Director,08/01/2010,,Indian,Male,
8644181,Vishal Agarwal,U70200UP2011PTC100791,Royal Foods Private Limited,Director,17/12/2011,,Indian,Male,
8792019,Mahesh Rao,U10610GJ2024PLC100504,Apex Distributors Limited,Whole-time Director,14/02/2024,,Indian,Male,
8708874,Ashok Reddy,U62011HR2013PTC100588,Vishwa Agro Private Limited,Director,18/06/2013,,Indian,Male,
8966753,Yogesh Nair,U14101UP2006PTC100882,Vertex Realty Private Limited,Director,26/09/2006,,Indian,Male,
8251451,Ashok Bhatia,U62011DL2021PTC100363,Global Foods Private Limited,Whole-time Director,30/04/2021,,Indian,Male,
8741543,Ashok Bansal,U14101GJ2008PTC100213,Krishna Investments Private Limited,Managing Director,05/08/2008,,Indian,Male,
8581698,Deepa Yadav,U70200RJ2025PTC100248,Ganesh Enterprises Private Limited,Additional Director,24/06/2025,,Indian,Female,
9706051,Sachin Pandey,U74999TG2018PTC100077,Nova Agro Private Limited,Whole-time Director,02/11/2018,,Indian,Male,RING-12
8444193,Sarita Patel,U46900TN2023PTC100112,Anmol Chemicals Private Limited,Managing Director,05/07/2023,,Indian,Female,RING-16
9144182,Naresh Mishra,U70200UP2016PTC100402,Vikram Realty Private Limited,Director,02/02/2016,,Indian,Male,
8689655,Sunil Rao,U10610GJ2010PTC100695,Krishna Solutions Private Limited,Director,16/02/2010,,Indian,Male,
8852181,Anjali Dubey,U46900TG2010PTC100773,Metro Traders Private Limited,Director,21/06/2010,,Indian,Female,
9274686,Naresh Dubey,U70200KA2008PTC100478,Global Trading Private Limited,Whole-time Director,08/06/2008,,Indian,Male,
9947386,Mahesh Nair,U41001PB2023PTC100227,Vikram Traders Private Limited,Whole-time Director,14/02/2023,,Indian,Male,
8368458,Harish Chopra,U64990KA2023PTC100063,Sunrise Pharma Private Limited,Managing Director,15/08/2023,,Indian,Male,RING-10
8240380,Satish Agarwal,U52290HR2005PLC100170,Suvidha Pharma Limited,Managing Director,07/05/2005,,Indian,Male,
9185734,Satish Bhatia,U70200TN2006PTC100389,Shakti Trading Private Limited,Additional Director,03/02/2006,,Indian,Male,
9171098,Dinesh Jain,U82990WB2014PLC100196,Falcon Distributors Limited,Whole-time Director,30/05/2014,,Indian,Male,
9448986,Arun Tiwari,U74999UP2018PTC100587,Vishwa Enterprises Private Limited,Director,26/04/2018,,Indian,Male,
9542086,Suresh Iyer,U47190RJ2019PTC100229,Infinity Enterprises Private Limited,Director,31/07/2019,,Indian,Male,
9728197,Arun Chopra,U46310HR2023PTC100513,Meridian Impex Private Limited,Director,18/10/2023,,Indian,Male,
9548831,Suresh Sharma,U47190MH2021PTC100157,Ashirwad Solutions Private Limited,Director,05/04/2021,,Indian,Male,
8684314,Vivek Arora,U74999TG2015PLC100240,Vinayak Constructions Limited,Independent Director,11/09/2015,,Indian,Male,
8800347,Vinod Mehta,U52290HR2008PTC100996,Lakshmi Solutions Private Limited,Director,17/12/2008,,Indian,Male,
9127223,Mukesh Goyal,U45201PB2025PTC100585,Vishwa Textiles Private Limited,Director,12/01/2026,,Indian,Male,
9936398,Manish Trivedi,U68100MH2013PTC100909,Diamond Distributors Private Limited,Director,25/09/2013,,Indian,Male,
9564466,Seema Singh,U10610MH2005PLC100344,Apex Enterprises Limited,Director,12/11/2005,,Indian,Female,
9315707,Meena Verma,U82990GJ2014PTC100959,Vishwa Realty Private Limited,Whole-time Director,14/05/2014,,Indian,Female,
9350254,Alok Mishra,U62011HR2024PTC100428,Prime Impex Private Limited,Director,22/04/2024,,Indian,Male,
8699251,Yogesh Verma,U82990TN2020PTC100531,Ganesh Infra Private Limited,Director,24/01/2020,,Indian,Male,
8164846,Deepak Singh,U82990DL2014PTC100970,Sunrise Foods Private Limited,Additional Director,03/12/2014,,Indian,Male,
9141742,Ishaan Arora,U41001MH2022PTC100277,Bharat Foods Private Limited,Nominee Director,11/05/2022,,Indian,Male,
8416550,Ajay Iyer,U46900TG2010PLC100848,Vinayak Systems Limited,Whole-time Director,10/10/2010,,Indian,Male,
8836197,Ramesh Mishra,U70200TN2023PLC100057,Emerald Chemicals Limited,Whole-time Director,24/01/2023,,Indian,Male,RING-09
8134057,Gaurav Goyal,U46900RJ2008PTC100856,National Commodities Private Limited,Director,17/06/2008,,Indian,Male,
8197889,Neha Singh,U64990MH2007PTC100659,Suvidha Commodities Private Limited,Director,01/05/2007,,Indian,Female,
8663398,Neha Sharma,U47190RJ2010PTC100171,Royal Agro Private Limited,Nominee Director,06/09/2010,,Indian,Female,
8311570,Mahesh Malhotra,U64990HR2020PTC100335,Vardhan Enterprises Private Limited,Managing Director,08/09/2020,,Indian,Male,
8969904,Ashok Saxena,U41001UP2017PTC100256,Vantage Consultancy Private Limited,Additional Director,30/04/2017,,Indian,Male,
8444193,Sarita Patel,U62011TN2023PTC100115,Anmol Industries Private Limited,Director,14/06/2023,,Indian,Female,RING-16
9723520,Dinesh Jain,U82990WB2010PTC100161,Superior Merchants Private Limited,Managing Director,14/01/2010,,Indian,Male,
9750935,Amit Agarwal,U70200TG2022PLC100036,Vikram Enterprises Limited,Director,30/10/2022,,Indian,Male,RING-05
9598562,Ramesh Chauhan,U52290GJ2005PTC100743,Diamond Traders Private Limited,Whole-time Director,14/10/2005,,Indian,Male,
8782216,Bharat Desai,U41001TG2013PLC100986,Radiant Overseas Limited,Director,30/03/2013,,Indian,Male,
8953755,Ravi Desai,U46310HR2024PTC100053,Infinity Pharma Private Limited,Nominee Director,31/01/2024,,Indian,Male,RING-08
8818213,Ishaan Tiwari,U14101UP2012PTC100561,Krishna Services Private Limited,Managing Director,20/04/2012,,Indian,Male,
8799561,Jyoti Nair,U45201WB2017PTC100595,Radiant Systems Private Limited,Director,12/02/2017,,Indian,Female,
8398201,Rakesh Goyal,U10610WB2021PTC100753,Om Realty Private Limited,Director,29/01/2022,,Indian,Male,
9062667,Radha Mishra,U10610TN2017PTC100845,Ashirwad Chemicals Private Limited,Whole-time Director,22/06/2017,,Indian,Female,
8844983,Sanjay Kapoor,U68100DL2023PTC100838,Rudra Infra Private Limited,Additional Director,24/01/2024,,Indian,Male,
9572310,Gaurav Trivedi,U47190HR2017PLC100303,Radiant Logistics Limited,Managing Director,24/06/2017,,Indian,Male,
8629568,Sanjay Khanna,U10610UP2013PTC100696,Ganesh Overseas Private Limited,Director,31/08/2013,,Indian,Male,
8643419,Alok Saxena,U14101GJ2020PLC100105,Anmol Distributors Limited,Director,01/01/2021,,Indian,Male,RING-15
8257239,Vikram Desai,U62011PB2010PTC100908,Everest Trading Private Limited,Additional Director,05/10/2010,,Indian,Male,
8729516,Vivek Rao,U70200GJ2025PLC100762,Continental Merchants Limited,Director,28/01/2026,,Indian,Male,
9295933,Arun Patel,U47190RJ2026PTC100387,Capital Logistics Private Limited,Director,07/03/2026,,Indian,Male,
9257020,Girish Joshi,U14101KA2015PTC100829,Vikram Infra Private Limited,Director,09/04/2015,,Indian,Male,
9469774,Lata Patel,U74999RJ2010PTC100737,Elite Trading Private Limited,Director,30/04/2010,,Indian,Female,
8847302,Sanjay Chauhan,U47190DL2018PTC100569,Suvidha Trading Private Limited,Managing Director,23/01/2019,,Indian,Male,
8962588,Sachin Saxena,U62011PB2019PTC100149,Horizon Commodities Private Limited,Director,19/09/2019,,Indian,Male,
9098601,Satish Singh,U14101MH2011PTC100131,Platinum Finance Private Limited,Nominee Director,09/01/2012,,Indian,Male,
8626077,Divya Kapoor,U47190TG2010PTC100645,Vinayak Infra Private Limited,Nominee Director,28/05/2010,,Indian,Female,
9484199,Nitin Kumar,U47190MH2021PTC100941,Pioneer Systems Private Limited,Director,15/07/2021,,Indian,Male,
9825047,Mahesh Joshi,U74999GJ2015PTC100477,Superior Technologies Private Limited,Nominee Director,27/01/2016,,Indian,Male,
8609197,Sunita Patel,U64990DL2017PTC100384,Meridian Realty Private Limited,Director,05/07/2017,,Indian,Female,
9814871,Ajay Jain,U74999MH2025PTC100325,Bharat Investments Private Limited,Director,11/07/2025,,Indian,Male,
8753245,Pooja Jain,U74999RJ2026PTC100624,Vishal Exports Private Limited,Director,24/05/2026,,Indian,Female,
9245561,Rajesh Joshi,U64990WB2006PTC100129,Prime Realty Private Limited,Managing Director,14/01/2007,,Indian,Male,
9930499,Mahesh Chopra,U10610KA2017PTC100865,Nova Chemicals Private Limited,Independent Director,07/03/2017,,Indian,Male,
8243907,Priya Chauhan,U10610TG2022PTC100732,Universal Trading Private Limited,Nominee Director,07/12/2022,,Indian,Female,
8458517,Bharat Verma,U52290PB2019PTC100006,Horizon Chemicals Private Limited,Whole-time Director,11/04/2019,,Indian,Male,RING-01
9402277,Suresh Mehta,U68100GJ2020PTC100378,Sai Ventures Private Limited,Managing Director,08/10/2020,,Indian,Male,
9655128,Gaurav Singh,U52290RJ2021PTC100068,Elite Industries Private Limited,Additional Director,18/11/2021,,Indian,Male,RING-11
8643419,Alok Saxena,U46310GJ2020PTC100101,Anmol Systems Private Limited,Whole-time Director,31/12/2020,,Indian,Male,RING-15
9786947,Deepa Jain,U63990KA2007PTC100797,Golden Solutions Private Limited,Director,11/09/2007,,Indian,Female,
9194659,Rakesh Goyal,U10610HR2015PTC100793,Ganesh Consultancy Private Limited,Director,25/06/2015,,Indian,Male,
8420502,Vijay Mehta,U70200HR2008PTC100380,Continental Industries Private Limited,Nominee Director,22/08/2008,,Indian,Male,
9452841,Deepak Chauhan,U46310GJ2020PTC100101,Anmol Systems Private Limited,Director,30/12/2020,,Indian,Male,RING-15
8068523,Ashok Joshi,U45201GJ2022PTC100354,Trident Exports Private Limited,Director,28/11/2022,,Indian,Male,
8953755,Ravi Desai,U41001HR2024PTC100056,Infinity Realty Private Limited,Additional Director,07/02/2024,,Indian,Male,RING-08
8158369,Sanjay Trivedi,U10610KA2011PTC100125,Om Developers Private Limited,Managing Director,21/06/2011,,Indian,Male,
8282008,Vishal Arora,U47190MH2016PTC100863,Lakshmi Ventures Private Limited,Additional Director,10/04/2016,,Indian,Male,
9965784,Ravi Arora,U74999TN2023PTC100951,Metro Exports Private Limited,Director,19/03/2023,,Indian,Male,
9412594,Gaurav Mishra,U10610MH2011PTC100903,Infinity Retail Private Limited,Director,01/10/2011,,Indian,Male,
8703602,Ajay Shah,U46900HR2019PTC100231,Suvidha Impex Private Limited,Nominee Director,26/03/2019,,Indian,Male,
9076338,Manish Chopra,U41001HR2024PTC100056,Infinity Realty Private Limited,Whole-time Director,11/02/2024,,Indian,Male,RING-08
8156926,Ravi Tiwari,U62011MH2025PTC100046,Anmol Overseas Private Limited,Director,08/06/2025,,Indian,Male,RING-07
8753390,Vinod Verma,U74999PB2025PTC100220,Everest Logistics Private Limited,Director,14/08/2025,,Indian,Male,
8362086,Vandana Kumar,U64990RJ2023PTC100088,Capital Chemicals Private Limited,Managing Director,04/08/2023,,Indian,Female,RING-13
8502677,Neha Bansal,U68100KA2024PLC100302,Meridian Foods Limited,Director,17/11/2024,,Indian,Female,
9206594,Vikram Pandey,U46900UP2007PTC100930,Prime Pharma Private Limited,Director,14/01/2008,,Indian,Male,
9979173,Pooja Malhotra,U70200HR2005PTC100827,Vaibhav Commodities Private Limited,Whole-time Director,02/03/2005,,Indian,Female,
9317179,Dinesh Arora,U68100WB2007PTC100128,Universal Overseas Private Limited,Whole-time Director,25/01/2008,,Indian,Male,
9716226,Deepak Jain,U14101HR2022PTC100704,Universal Impex Private Limited,Director,24/10/2022,,Indian,Male,
9173235,Vivek Joshi,U41001TN2017PTC100876,Golden Agro Private Limited,Nominee Director,30/09/2017,,Indian,Male,
8490153,Girish Chauhan,U46310HR2009PTC100298,Ashirwad Commodities Private Limited,Director,16/04/2009,,Indian,Male,
9767963,Ravi Reddy,U64990DL2013PTC100355,Vardhan Logistics Private Limited,Director,13/10/2013,,Indian,Male,
8505677,Ramesh Tiwari,U47190TG2018PTC100076,Nova Overseas Private Limited,Director,22/11/2018,,Indian,Male,RING-12
9027414,Mukesh Kapoor,U47190MH2006PTC100238,Vantage Commodities Private Limited,Director,25/04/2006,,Indian,Male,
8209042,Satish Pandey,U52290HR2023PTC100400,Skyline Trading Private Limited,Whole-time Director,13/10/2023,,Indian,Male,
8972195,Vandana Kumar,U63990TG2016PTC100207,Vishal Enterprises Private Limited,Nominee Director,05/09/2016,,Indian,Female,
9710825,Yogesh Shah,U82990WB2021PTC100651,Golden Consultancy Private Limited,Nominee Director,30/05/2021,,Indian,Male,
8078207,Suresh Saxena,U68100DL2024PTC100647,Om Retail Private Limited,Managing Director,03/05/2024,,Indian,Male,
9076708,Yogesh Bhatia,U41001GJ2021PTC100269,Vinayak Realty Private Limited,Whole-time Director,10/01/2021,,Indian,Male,
9238352,Amit Kumar,U74999PB2019PTC100002,Horizon Exports Private Limited,Director,14/04/2019,,Indian,Male,RING-01
8871756,Sarita Goyal,U82990TN2020PTC100638,Apex Pharma Private Limited,Additional Director,23/02/2020,,Indian,Female,
9861263,Sunil Patel,U68100HR2009PTC100192,Ashirwad Exports Private Limited,Director,19/09/2009,,Indian,Male,
8458517,Bharat Verma,U74999PB2019PTC100003,Horizon Merchants Private Limited,Independent Director,17/03/2019,,Indian,Male,RING-01
8853548,Neha Mishra,U14101TG2020PLC100952,Continental Realty Limited,Director,07/10/2020,,Indian,Female,
9339615,Dinesh Joshi,U70200DL2022PTC100917,Rudra Solutions Private Limited,Director,28/10/2022,,Indian,Male,
8339667,Geeta Agarwal,U41001PB2023PTC100227,Vikram Traders Private Limited,Director,12/01/2023,,Indian,Female,
8340791,Ishaan Saxena,U41001MH2021PTC100090,Lakshmi Finance Private Limited,Managing Director,09/10/2021,,Indian,Male,RING-14
8622420,Amit Pandey,U68100UP2010PTC100454,Vardhan Industries Private Limited,Additional Director,08/02/2010,,Indian,Male,
8243257,Sachin Trivedi,U52290TN2022PTC100224,Vaibhav Realty Private Limited,Nominee Director,23/01/2023,,Indian,Male,
8340791,Ishaan Saxena,U64990MH2021PTC100094,Lakshmi Exports Private Limited,Director,11/10/2021,,Indian,Male,RING-14
8148620,Manoj Saxena,U46310MH2025PTC100379,Bharat Ventures Private Limited,Director,06/08/2025,,Indian,Male,
8590837,Neha Joshi,U14101RJ2018PLC100628,Vishal Technologies Limited,Director,14/05/2018,,Indian,Female,
9988186,Kavita Reddy,U47190DL2014PTC100494,Krishna Agro Private Limited,Managing Director,04/09/2014,,Indian,Female,
8041738,Yogesh Khanna,U68100HR2018PTC100662,Universal Industries Private Limited,Director,16/12/2018,,Indian,Male,
8095021,Manju Pandey,U82990DL2016PLC100603,Vardhan Infra Limited,Additional Director,11/08/2016,,Indian,Female,
9308257,Kavita Arora,U74999WB2022PTC100353,Orion Logistics Private Limited,Director,13/03/2022,,Indian,Female,
9606150,Gaurav Malhotra,U70200MH2007PTC100799,Shakti Logistics Private Limited,Additional Director,27/06/2007,,Indian,Male,
8647530,Alok Tiwari,U46310MH2012PTC100642,Vikram Trading Private Limited,Director,20/08/2012,,Indian,Male,
9823418,Shobha Sharma,U46900TN2023PTC100108,Anmol Infra Private Limited,Additional Director,13/06/2023,,Indian,Female,RING-16
9430674,Amit Arora,U63990TG2023PTC100276,Ashirwad Systems Private Limited,Nominee Director,25/10/2023,,Indian,Male,
9318412,Gaurav Khanna,U46310MH2018PTC100809,Rudra Consultancy Private Limited,Nominee Director,12/06/2018,,Indian,Male,
9075089,Satish Shah,U46900DL2018PTC100672,Golden Overseas Private Limited,Managing Director,29/08/2018,,Indian,Male,
8064719,Meena Goyal,U52290UP2017PTC100124,Vishal Systems Private Limited,Whole-time Director,09/06/2017,,Indian,Female,
8559474,Rahul Chauhan,U46310UP2007PTC100571,Skyline Traders Private Limited,Additional Director,16/04/2007,,Indian,Male,
9643544,Yogesh Patel,U64990MH2008PTC100836,Apex Retail Private Limited,Whole-time Director,14/04/2008,,Indian,Male,
9453296,Ishaan Kapoor,U82990MH2007PTC100288,Metro Merchants Private Limited,Director,27/08/2007,,Indian,Male,
8009595,Lata Goyal,U41001WB2019PLC100849,Suvidha Constructions Limited,Director,30/03/2019,,Indian,Female,
9139737,Usha Pandey,U10610TN2019PTC100172,Radiant Constructions Private Limited,Nominee Director,09/07/2019,,Indian,Female,
9601363,Neha Saxena,U46310HR2017PTC100247,Meridian Overseas Private Limited,Additional Director,11/06/2017,,Indian,Female,
9451062,Swati Sharma,U14101WB2016PLC100992,Emerald Finance Limited,Director,24/09/2016,,Indian,Female,
9894057,Kavita Malhotra,U14101MH2015PTC100259,Universal Foods Private Limited,Nominee Director,21/09/2015,,Indian,Female,
8495487,Ravi Mishra,U47190HR2019PTC100726,Ashirwad Impex Private Limited,Director,15/06/2019,,Indian,Male,
8729876,Yogesh Nair,U46310DL2009PTC100579,Vinayak Investments Private Limited,Director,29/12/2009,,Indian,Male,
8340791,Ishaan Saxena,U62011MH2021PTC100089,Lakshmi Pharma Private Limited,Whole-time Director,09/10/2021,,Indian,Male,RING-14
8878875,Rakesh Sharma,U45201UP2012PLC100620,Shree Agro Limited,Managing Director,25/07/2012,,Indian,Male,
9477389,Pooja Gupta,U64990WB2024PTC100498,Infinity Consultancy Private Limited,Additional Director,22/07/2024,,Indian,Female,
9763016,Ishaan Patel,U14101WB2015PTC100744,Vardhan Ventures Private Limited,Independent Director,04/07/2015,,Indian,Male,
8429257,Praveen Kumar,U10610MH2007PTC100688,Ganesh Merchants Private Limited,Director,28/03/2007,,Indian,Male,
8975150,Sunil Pandey,U46310UP2024PTC100028,Pioneer Commodities Private Limited,Nominee Director,17/07/2024,,Indian,Male,RING-04
9256077,Amit Patel,U82990RJ2019PTC100011,Vantage Chemicals Private Limited,Nominee Director,29/09/2019,,Indian,Male,RING-02
8109164,Ramesh Sharma,U46900UP2010PTC100525,Capital Developers Private Limited,Director,15/04/2010,,Indian,Male,
9885899,Bharat Shah,U47190TN2022PTC100058,Emerald Technologies Private Limited,Whole-time Director,22/01/2023,,Indian,Male,RING-09
9555428,Anil Saxena,U10610TG2005PTC100222,Orion Developers Private Limited,Managing Director,07/12/2005,,Indian,Male,
8189681,Manoj Nair,U41001HR2025PTC100341,Royal Services Private Limited,Managing Director,05/01/2026,,Indian,Male,
9099815,Manju Dubey,U46900MH2024PLC100621,Nova Consultancy Limited,Director,23/12/2024,,Indian,Female,
9996320,Anil Gupta,U47190TG2022PTC100035,Vikram Exports Private Limited,Director,02/11/2022,,Indian,Male,RING-05
9167271,Pradeep Kapoor,U46310GJ2007PTC100534,Horizon Finance Private Limited,Director,02/09/2007,,Indian,Male,
8189924,Amit Patel,U70200GJ2025PLC100762,Continental Merchants Limited,Managing Director,26/12/2025,,Indian,Male,
8619152,Madhuri Shah,U70200TG2010PLC100745,Metro Commodities Limited,Nominee Director,06/02/2011,,Indian,Female,
9921592,Vikram Reddy,U41001DL2018PTC100923,Elite Realty Private Limited,Director,05/04/2018,,Indian,Male,
9311406,Vikram Mishra,U10610PB2007PLC100694,Falcon Industries Limited,Director,19/07/2007,,Indian,Male,
9947526,Vishal Agarwal,U46310WB2025PTC100199,Trident Ventures Private Limited,Director,15/03/2025,,Indian,Male,
8712193,Manoj Kapoor,U10610HR2012PTC100894,National Distributors Private Limited,Director,06/10/2012,,Indian,Male,
8112398,Sanjay Patel,U46310PB2007PTC100957,Prime Technologies Private Limited,Managing Director,16/05/2007,,Indian,Male,
8972932,Rajesh Reddy,U47190MH2020PTC100806,Vaibhav Technologies Private Limited,Director,03/03/2020,,Indian,Male,
8164846,Deepak Singh,U10610KA2016PTC100636,Vaibhav Finance Private Limited,Director,28/09/2016,,Indian,Male,
9912627,Sanjay Agarwal,U41001TG2013PLC100986,Radiant Overseas Limited,Additional Director,24/05/2013,,Indian,Male,
8474464,Radha Agarwal,U62011MH2022PTC100144,Trident Overseas Private Limited,Director,15/09/2022,,Indian,Female,
8793637,Nitin Tiwari,U10610PB2019PLC100314,Zenith Systems Limited,Director,17/01/2020,,Indian,Male,
9458306,Rohit Mehta,U46310HR2009PLC100795,Royal Pharma Limited,Director,07/02/2009,,Indian,Male,
9205475,Anil Singh,U46310KA2020PTC100436,Platinum Pharma Private Limited,Additional Director,15/04/2020,,Indian,Male,
8082738,Harish Yadav,U14101UP2015PTC100438,Vinayak Systems Private Limited,Director,06/06/2015,,Indian,Male,
9041370,Kunal Arora,U70200RJ2005PTC100676,Trident Constructions Private Limited,Director,18/05/2005,,Indian,Male,
9094266,Yogesh Nair,U41001MH2005PLC100567,Vaibhav Logistics Limited,Director,05/09/2005,,Indian,Male,
9725692,Gaurav Malhotra,U10610PB2010PTC100759,Silver Impex Private Limited,Director,20/02/2010,,Indian,Male,
9786326,Ravi Desai,U41001PB2007PTC100596,Emerald Ventures Private Limited,Director,02/10/2007,,Indian,Male,
9132320,Naresh Saxena,U46310MH2021PTC100278,Krishna Constructions Private Limited,Director,29/04/2021,,Indian,Male,
8264631,Sanjay Khanna,U68100RJ2026PTC100145,Skyline Constructions Private Limited,Director,24/02/2026,,Indian,Male,
9491218,Naresh Gupta,U62011TG2018PTC100527,Continental Impex Private Limited,Director,15/04/2018,,Indian,Male,
9581741,Naresh Iyer,U68100TG2022PLC100032,Vikram Services Limited,Nominee Director,22/10/2022,,Indian,Male,RING-05
9256077,Amit Patel,U46900RJ2019PTC100012,Vantage Overseas Private Limited,Director,21/10/2019,,Indian,Male,RING-02
8987847,Ashok Iyer,U63990UP2023PTC100811,Om Commodities Private Limited,Director,03/02/2023,,Indian,Male,
8692747,Lata Mishra,U63990PB2021PLC100217,Orion Industries Limited,Additional Director,12/01/2022,,Indian,Female,
8022517,Manoj Mishra,U47190HR2017PLC100303,Radiant Logistics Limited,Director,30/05/2017,,Indian,Male,
9381710,Alok Tiwari,U14101UP2024PTC100023,Pioneer Industries Private Limited,Whole-time Director,28/07/2024,,Indian,Male,RING-04
9948565,Aparna Mishra,U41001KA2017PTC100266,Ganesh Trading Private Limited,Managing Director,01/12/2017,,Indian,Female,
9328201,Ravi Shah,U14101UP2009PLC100118,Metro Developers Limited,Managing Director,16/02/2009,,Indian,Male,
8067232,Seema Dubey,U64990UP2013PTC100300,Vardhan Overseas Private Limited,Managing Director,01/09/2013,,Indian,Female,
8713829,Sanjay Bhatia,U45201TN2010PTC100677,Prime Developers Private Limited,Whole-time Director,16/10/2010,,Indian,Male,
9061860,Dinesh Mishra,U64990TN2021PLC100260,Everest Industries Limited,Whole-time Director,31/01/2022,,Indian,Male,
9238352,Amit Kumar,U64990PB2019PTC100004,Horizon Realty Private Limited,Director,02/03/2019,,Indian,Male,RING-01
9695575,Vivek Goyal,U46310WB2010PTC100545,Trident Investments Private Limited,Managing Director,27/12/2010,,Indian,Male,
8196484,Sachin Nair,U14101UP2019PTC100337,Elite Investments Private Limited,Nominee Director,28/01/2019,,Indian,Male,
9245676,Anita Bhatia,U41001UP2021PLC100447,Horizon Merchants Limited,Independent Director,12/03/2021,,Indian,Female,
9034652,Divya Iyer,U82990RJ2015PTC100133,Krishna Chemicals Private Limited,Director,12/07/2015,,Indian,Female,
9400610,Shobha Jain,U62011RJ2022PTC100020,Superior Realty Private Limited,Director,18/12/2022,,Indian,Female,RING-03
9614104,Vinod Gupta,U64990MH2008PTC100836,Apex Retail Private Limited,Director,11/03/2008,,Indian,Male,
8511140,Ashok Desai,U47190MH2018PLC100043,Apex Merchants Limited,Nominee Director,08/01/2019,,Indian,Male,RING-06
8749591,Arun Reddy,U62011KA2005PTC100138,Vishwa Services Private Limited,Additional Director,13/07/2005,,Indian,Male,
8807196,Harish Agarwal,U70200TG2022PLC100461,Everest Technologies Limited,Whole-time Director,28/05/2022,,Indian,Male,
9245130,Alok Dubey,U82990MH2021PTC100093,Lakshmi Commodities Private Limited,Nominee Director,24/09/2021,,Indian,Male,RING-14
8362086,Vandana Kumar,U46900RJ2023PTC100084,Capital Foods Private Limited,Whole-time Director,25/08/2023,,Indian,Female,RING-13
9488771,Kunal Iyer,U46310UP2005PTC100488,Vaibhav Constructions Private Limited,Director,17/08/2005,,Indian,Male,
9603792,Mukesh Kumar,U70200GJ2010PTC100862,Shree Consultancy Private Limited,Whole-time Director,10/06/2010,,Indian,Male,
9124792,Manish Sharma,U70200MH2026PLC100983,Suvidha Logistics Limited,Director,24/06/2026,,Indian,Male,
9271968,Rakesh Kapoor,U52290KA2006PTC100333,Horizon Foods Private Limited,Additional Director,04/07/2006,,Indian,Male,
8328664,Vivek Khanna,U74999GJ2014PTC100468,Falcon Overseas Private Limited,Whole-time Director,15/04/2014,,Indian,Male,
9783460,Rajesh Agarwal,U62011UP2016PTC100752,Skyline Logistics Private Limited,Director,30/10/2016,,Indian,Male,
9125446,Arun Mehta,U70200UP2016PTC100623,Trident Traders Private Limited,Director,13/07/2016,,Indian,Male,
8799075,Radha Desai,U63990UP2008PTC100893,Prime Ventures Private Limited,Director,12/02/2008,,Indian,Female,
8061828,Yogesh Nair,U68100MH2019PTC100137,Sai Industries Private Limited,Director,15/07/2019,,Indian,Male,
9250157,Ritu Arora,U41001KA2011PTC100216,Orion Pharma Private Limited,Whole-time Director,11/02/2011,,Indian,Female,
9245130,Alok Dubey,U52290MH2021PTC100091,Lakshmi Distributors Private Limited,Nominee Director,05/10/2021,,Indian,Male,RING-14
9097003,Satish Agarwal,U41001GJ2021PTC100269,Vinayak Realty Private Limited,Managing Director,21/02/2021,,Indian,Male,
9379786,Girish Jain,U70200GJ2012PLC100851,Apex Overseas Limited,Director,27/01/2012,,Indian,Male,
9769661,Ramesh Kumar,U41001HR2007PTC100610,Nova Retail Private Limited,Managing Director,11/01/2007,,Indian,Male,
8287771,Dinesh Chauhan,U82990KA2013PTC100221,Falcon Chemicals Private Limited,Managing Director,30/01/2013,,Indian,Male,
9733165,Ishaan Agarwal,U64990GJ2023PTC100852,Vinayak Commodities Private Limited,Additional Director,26/07/2023,,Indian,Male,
8419982,Mahesh Patel,U82990GJ2025PTC100250,Emerald Infra Private Limited,Additional Director,11/02/2025,,Indian,Male,
8780906,Bharat Khanna,U46900DL2018PTC100672,Golden Overseas Private Limited,Director,02/10/2018,,Indian,Male,
8372507,Girish Mishra,U46310GJ2026PTC100609,Shree Retail Private Limited,Nominee Director,16/03/2026,,Indian,Male,
9869478,Rakesh Shah,U47190WB2013PTC100458,Om Constructions Private Limited,Nominee Director,17/05/2013,,Indian,Male,
8929843,Dinesh Trivedi,U70200PB2024PTC100729,Vishwa Chemicals Private Limited,Independent Director,23/10/2024,,Indian,Male,
8975150,Sunil Pandey,U10610UP2024PTC100025,Pioneer Finance Private Limited,Director,12/08/2024,,Indian,Male,RING-04
9832393,Bharat Sharma,U46310WB2022PTC100998,Skyline Solutions Private Limited,Whole-time Director,04/11/2022,,Indian,Male,
9626747,Manish Arora,U70200MH2018PTC100038,Apex Consultancy Private Limited,Director,17/12/2018,,Indian,Male,RING-06
8231613,Praveen Kapoor,U46310MH2021PTC100278,Krishna Constructions Private Limited,Whole-time Director,25/05/2021,,Indian,Male,
9966473,Sunil Khanna,U46900HR2019PTC100616,Vishal Developers Private Limited,Independent Director,25/06/2019,,Indian,Male,
8839374,Kiran Jain,U46900TG2016PTC100902,National Services Private Limited,Whole-time Director,07/07/2016,,Indian,Female,
8444193,Sarita Patel,U74999TN2023PTC100109,Anmol Consultancy Private Limited,Director,30/05/2023,,Indian,Female,RING-16
8729680,Rekha Dubey,U70200KA2011PTC100618,Aastha Infra Private Limited,Managing Director,25/07/2011,,Indian,Female,
8064719,Meena Goyal,U68100TN2013PTC100142,Global Distributors Private Limited,Director,12/10/2013,,Indian,Female,
8085101,Mahesh Shah,U62011HR2018PTC100626,Orion Merchants Private Limited,Director,21/12/2018,,Indian,Male,
8217383,Ajay Jain,U41001PB2007PTC100596,Emerald Ventures Private Limited,Additional Director,29/08/2007,,Indian,Male,
8633545,Rohit Agarwal,U70200HR2024PTC100650,Rudra Traders Private Limited,Whole-time Director,24/05/2024,,Indian,Male,
8406488,Naresh Desai,U46310PB2018PTC100356,Ashirwad Developers Private Limited,Nominee Director,19/12/2018,,Indian,Male,
8172691,Seema Sharma,U41001MH2005PTC100515,Om Trading Private Limited,Director,01/11/2005,,Indian,Female,
8207526,Nitin Mishra,U46900TG2010PTC100773,Metro Traders Private Limited,Nominee Director,04/07/2010,,Indian,Male,
9626747,Manish Arora,U62011MH2019PTC100045,Apex Chemicals Private Limited,Managing Director,20/12/2018,,Indian,Male,RING-06
9400610,Shobha Jain,U70200RJ2022PTC100018,Superior Impex Private Limited,Director,07/01/2023,,Indian,Female,RING-03
9307069,Sanjay Tiwari,U52290MH2025PTC100051,Anmol Constructions Private Limited,Additional Director,10/06/2025,,Indian,Male,RING-07
8362086,Vandana Kumar,U74999RJ2023PTC100080,Capital Services Private Limited,Additional Director,01/08/2023,,Indian,Female,RING-13
9282781,Payal Sharma,U82990RJ2022PTC100022,Superior Foods Private Limited,Whole-time Director,15/12/2022,,Indian,Female,RING-03
8071390,Sanjay Agarwal,U74999KA2009PTC100226,Meridian Foods Private Limited,Director,20/01/2009,,Indian,Male,
9996320,Anil Gupta,U64990TG2022PTC100029,Vikram Merchants Private Limited,Additional Director,21/10/2022,,Indian,Male,RING-05
8388738,Bharat Shah,U63990TN2018PLC100630,Infinity Chemicals Limited,Director,28/05/2018,,Indian,Male,
9690206,Vivek Chopra,U63990MH2022PTC100875,Royal Investments Private Limited,Managing Director,22/07/2022,,Indian,Male,
9786947,Deepa Jain,U63990TG2005PTC100691,Radiant Impex Private Limited,Nominee Director,11/08/2005,,Indian,Female,
9726600,Vinod Joshi,U62011RJ2008PTC100608,Rudra Developers Private Limited,Director,10/03/2008,,Indian,Male,
9655128,Gaurav Singh,U46310RJ2021PTC100073,Elite Infra Private Limited,Whole-time Director,07/12/2021,,Indian,Male,RING-11
9724734,Praveen Jain,U41001HR2024PTC100056,Infinity Realty Private Limited,Whole-time Director,14/02/2024,,Indian,Male,RING-08
8107959,Gaurav Verma,U46310MH2025PTC100379,Bharat Ventures Private Limited,Director,30/07/2025,,Indian,Male,
9154473,Girish Yadav,U47190KA2013PTC100334,Suvidha Textiles Private Limited,Additional Director,14/09/2013,,Indian,Male,
8953755,Ravi Desai,U52290HR2024PLC100054,Infinity Exports Limited,Director,29/02/2024,,Indian,Male,RING-08
9581741,Naresh Iyer,U68100TG2022PTC100034,Vikram Retail Private Limited,Managing Director,24/10/2022,,Indian,Male,RING-05
9490824,Dinesh Desai,U68100DL2023PTC100838,Rudra Infra Private Limited,Director,01/02/2024,,Indian,Male,
8225676,Vikram Tiwari,U46310GJ2014PTC100871,Shakti Enterprises Private Limited,Director,26/08/2014,,Indian,Male,
8442198,Nitin Agarwal,U52290TN2022PTC100224,Vaibhav Realty Private Limited,Whole-time Director,05/01/2023,,Indian,Male,
8874771,Mahesh Agarwal,U41001TG2019PTC100433,Silver Overseas Private Limited,Independent Director,19/11/2019,,Indian,Male,
9389505,Priya Patel,U74999GJ2025PTC100634,Orion Industries Private Limited,Additional Director,12/01/2026,,Indian,Female,
9493221,Harish Joshi,U46900TG2015PTC100417,Vardhan Solutions Private Limited,Nominee Director,04/04/2015,,Indian,Male,
8368458,Harish Chopra,U45201KA2023PLC100066,Sunrise Distributors Limited,Whole-time Director,03/09/2023,,Indian,Male,RING-10
9486335,Kunal Verma,U64990MH2021PTC100097,Lakshmi Agro Private Limited,Managing Director,14/09/2021,,Indian,Male,RING-14
9403654,Gaurav Khanna,U52290TG2018PTC100566,Om Foods Private Limited,Director,10/02/2018,,Indian,Male,
8425232,Aparna Yadav,U68100MH2009PTC100182,Bharat Industries Private Limited,Whole-time Director,02/02/2009,,Indian,Female,
9969900,Bharat Gupta,U52290HR2010PLC100747,Vardhan Consultancy Limited,Managing Director,21/09/2010,,Indian,Male,
8685506,Naresh Verma,U14101PB2014PLC100361,Royal Developers Limited,Independent Director,09/08/2014,,Indian,Male,
8864742,Manoj Goyal,U46310TN2024PLC100578,Sai Textiles Limited,Director,23/12/2024,,Indian,Male,
8952333,Kunal Chopra,U74999WB2016PTC100674,Global Chemicals Private Limited,Whole-time Director,24/05/2016,,Indian,Male,
8248410,Dinesh Chopra,U10610MH2019PTC100040,Apex Commodities Private Limited,Director,24/01/2019,,Indian,Male,RING-06
8881072,Kunal Rao,U64990UP2018PTC100646,Lakshmi Developers Private Limited,Independent Director,17/08/2018,,Indian,Male,
9601061,Madhuri Gupta,U64990UP2014PTC100338,Metro Industries Private Limited,Independent Director,26/07/2014,,Indian,Female,
9332957,Kunal Kumar,U64990MH2026PTC100309,Royal Overseas Private Limited,Managing Director,02/06/2026,,Indian,Male,
8950022,Pradeep Shah,U70200KA2014PTC100786,Ashirwad Logistics Private Limited,Managing Director,10/08/2014,,Indian,Male,
9334920,Nitin Iyer,U46900MH2016PTC100727,Everest Systems Private Limited,Whole-time Director,15/02/2016,,Indian,Male,
8248410,Dinesh Chopra,U63990MH2019PTC100042,Apex Infra Private Limited,Director,16/01/2019,,Indian,Male,RING-06
9235323,Madhuri Jain,U14101RJ2015PTC100177,Vantage Systems Private Limited,Whole-time Director,19/11/2015,,Indian,Female,
9750935,Amit Agarwal,U82990TG2022PTC100031,Vikram Solutions Private Limited,Director,26/10/2022,,Indian,Male,RING-05
9032274,Rakesh Dubey,U52290MH2015PTC100239,Royal Pharma Private Limited,Director,07/01/2016,,Indian,Male,
8020712,Neha Trivedi,U82990TN2011PTC100668,Universal Logistics Private Limited,Director,25/07/2011,,Indian,Female,
8508146,Sachin Kumar,U82990WB2019PTC100700,Continental Developers Private Limited,Whole-time Director,03/02/2020,,Indian,Male,
8762912,Sandeep Saxena,U82990MH2017PTC100524,Vishwa Foods Private Limited,Independent Director,23/01/2017,,Indian,Male,
9062667,Radha Mishra,U47190RJ2026PTC100387,Capital Logistics Private Limited,Whole-time Director,22/03/2026,,Indian,Female,
8224861,Rakesh Joshi,U10610MH2012PTC100564,Metro Solutions Private Limited,Director,22/07/2012,,Indian,Male,
8116186,Gaurav Goyal,U74999TN2015PTC100928,Infinity Logistics Private Limited,Director,20/07/2015,,Indian,Male,
8696493,Rekha Malhotra,U47190MH2006PTC100916,Rudra Finance Private Limited,Nominee Director,29/04/2006,,Indian,Female,
9933500,Manoj Bansal,U62011WB2019PTC100901,Royal Systems Private Limited,Director,28/06/2019,,Indian,Male,
9795691,Ramesh Mehta,U41001WB2022PLC100319,Vishal Enterprises Limited,Whole-time Director,26/06/2022,,Indian,Male,
8916341,Rakesh Bansal,U62011PB2025PTC100420,Vishal Traders Private Limited,Director,15/08/2025,,Indian,Male,
9956903,Naresh Sharma,U47190MH2011PTC100156,Vantage Distributors Private Limited,Managing Director,27/06/2011,,Indian,Male,
9486335,Kunal Verma,U64990MH2021PTC100092,Lakshmi Retail Private Limited,Whole-time Director,07/10/2021,,Indian,Male,RING-14
9924694,Seema Iyer,U52290HR2024PTC100850,Emerald Finance Private Limited,Nominee Director,22/06/2024,,Indian,Female,
9447643,Vinod Joshi,U10610GJ2020PTC100104,Anmol Distributors Private Limited,Managing Director,27/01/2021,,Indian,Male,RING-15
9589147,Ajay Joshi,U14101UP2024PTC100565,Zenith Overseas Private Limited,Additional Director,25/06/2024,,Indian,Male,
9195412,Madhuri Dubey,U10610TG2022PTC100660,Everest Traders Private Limited,Whole-time Director,12/03/2022,,Indian,Female,
9914341,Arun Chauhan,U62011MH2025PTC100047,Anmol Enterprises Private Limited,Additional Director,11/06/2025,,Indian,Male,RING-07
8643098,Mahesh Mehta,U82990DL2010PTC100178,Emerald Investments Private Limited,Additional Director,06/12/2010,,Indian,Male,
9598562,Ramesh Chauhan,U47190WB2008PTC100281,Vardhan Agro Private Limited,Whole-time Director,01/08/2008,,Indian,Male,
8340791,Ishaan Saxena,U64990MH2021PTC100097,Lakshmi Agro Private Limited,Director,09/10/2021,,Indian,Male,RING-14
8871756,Sarita Goyal,U70200DL2018PTC100820,Vishal Pharma Private Limited,Director,08/07/2018,,Indian,Female,
8887599,Meena Kapoor,U41001GJ2020PTC100999,Vishal Realty Private Limited,Managing Director,20/12/2020,,Indian,Female,
9626747,Manish Arora,U68100MH2018PTC100039,Apex Merchants Private Limited,Director,06/01/2019,,Indian,Male,RING-06
9073677,Arun Rao,U14101MH2005PLC100686,Platinum Textiles Limited,Additional Director,24/06/2005,,Indian,Male,
9256077,Amit Patel,U64990RJ2019PTC100015,Vantage Solutions Private Limited,Managing Director,10/10/2019,,Indian,Male,RING-02
8888673,Usha Arora,U46310PB2014PTC100826,Prime Systems Private Limited,Director,29/05/2014,,Indian,Female,
9669510,Anita Dubey,U82990TN2024PTC100915,Vardhan Realty Private Limited,Additional Director,06/12/2024,,Indian,Female,
9733165,Ishaan Agarwal,U68100MH2009PTC100182,Bharat Industries Private Limited,Additional Director,04/01/2009,,Indian,Male,
8453912,Shalini Mehta,U14101TN2009PTC100627,Diamond Logistics Private Limited,Managing Director,21/07/2009,,Indian,Female,
9831959,Rohit Yadav,U64990KA2014PLC100299,Emerald Systems Limited,Managing Director,05/06/2014,,Indian,Male,
8728375,Aparna Jain,U63990KA2018PTC100705,Everest Realty Private Limited,Director,16/04/2018,,Indian,Female,
9988276,Payal Trivedi,U41001TG2008PTC100858,Radiant Realty Private Limited,Nominee Director,20/07/2008,,Indian,Female,
8458517,Bharat Verma,U46310PB2019PTC100001,Horizon Constructions Private Limited,Director,07/04/2019,,Indian,Male,RING-01
8813554,Vishal Singh,U47190HR2016PTC100772,Platinum Distributors Private Limited,Director,23/02/2016,,Indian,Male,
8871756,Sarita Goyal,U70200GJ2011PTC100470,Trident Foods Private Limited,Additional Director,12/07/2011,,Indian,Female,
8048250,Payal Jain,U63990HR2024PTC100473,Bharat Pharma Private Limited,Additional Director,10/04/2024,,Indian,Female,
8644609,Rohit Yadav,U63990WB2005PTC100681,Vishal Solutions Private Limited,Director,25/07/2005,,Indian,Male,
9750935,Amit Agarwal,U68100TG2022PTC100034,Vikram Retail Private Limited,Director,24/10/2022,,Indian,Male,RING-05
8901722,Rohit Bhatia,U47190PB2006PTC100633,Suvidha Traders Private Limited,Whole-time Director,15/03/2006,,Indian,Male,
8199806,Ishaan Agarwal,U46900MH2016PTC100727,Everest Systems Private Limited,Director,22/02/2016,,Indian,Male,
9669665,Sandeep Patel,U41001PB2015PTC100282,Platinum Systems Private Limited,Independent Director,30/01/2015,,Indian,Male,
8486014,Praveen Chopra,U45201TN2024PTC100870,Vishal Ventures Private Limited,Director,08/11/2024,,Indian,Male,
9180451,Manju Agarwal,U82990GJ2006PLC100446,Emerald Constructions Limited,Whole-time Director,17/11/2006,,Indian,Female,
8528402,Ajay Dubey,U70200UP2016PTC100623,Trident Traders Private Limited,Nominee Director,10/06/2016,,Indian,Male,
9870672,Vivek Iyer,U10610RJ2023PTC100322,Meridian Technologies Private Limited,Director,14/11/2023,,Indian,Male,
9012150,Payal Agarwal,U70200RJ2005PTC100676,Trident Constructions Private Limited,Director,18/05/2005,,Indian,Female,
8339733,Gaurav Kapoor,U14101RJ2015PTC100714,Orion Investments Private Limited,Director,19/10/2015,,Indian,Male,
8784787,Divya Iyer,U47190DL2018PTC100214,Vardhan Finance Private Limited,Managing Director,06/07/2018,,Indian,Female,
9119437,Sunita Kumar,U10610RJ2024PTC100841,Zenith Industries Private Limited,Managing Director,30/10/2024,,Indian,Female,
8724133,Pooja Nair,U68100KA2011PLC100163,Zenith Chemicals Limited,Whole-time Director,06/10/2011,,Indian,Female,
9988276,Payal Trivedi,U10610WB2016PTC100154,Everest Impex Private Limited,Whole-time Director,31/05/2016,,Indian,Female,
9248429,Ajay Kumar,U10610TN2024PTC100724,Vikram Textiles Private Limited,Managing Director,30/09/2024,,Indian,Male,
8674018,Harish Pandey,U46310TG2011PLC100750,Vishal Industries Limited,Additional Director,21/12/2011,,Indian,Male,
9626747,Manish Arora,U47190MH2018PLC100043,Apex Merchants Limited,Nominee Director,10/01/2019,,Indian,Male,RING-06
9122217,Manish Sharma,U47190GJ2021PTC100956,Lakshmi Impex Private Limited,Director,27/03/2021,,Indian,Male,
8041485,Nitin Iyer,U47190HR2017PTC100287,Rudra Technologies Private Limited,Nominee Director,26/02/2017,,Indian,Male,
9077585,Vivek Joshi,U10610HR2015PTC100793,Ganesh Consultancy Private Limited,Independent Director,20/07/2015,,Indian,Male,
8319608,Rahul Jain,U45201RJ2016PTC100347,Meridian Distributors Private Limited,Director,18/10/2016,,Indian,Male,
8422678,Pooja Rao,U62011MH2005PTC100528,Rudra Exports Private Limited,Director,22/06/2005,,Indian,Female,
9664583,Payal Reddy,U41001UP2024PTC100026,Pioneer Traders Private Limited,Director,30/07/2024,,Indian,Female,RING-04
8796560,Yogesh Malhotra,U47190MH2010PTC100555,Infinity Solutions Private Limited,Managing Director,22/12/2010,,Indian,Male,
8174992,Manoj Bansal,U41001WB2005PTC100358,Trident Finance Private Limited,Managing Director,03/04/2005,,Indian,Male,
9169314,Amit Kapoor,U82990RJ2022PTC100883,Nova Services Private Limited,Director,06/06/2022,,Indian,Male,
9694440,Sanjay Kumar,U14101DL2021PTC100537,Shakti Consultancy Private Limited,Director,10/04/2021,,Indian,Male,
8257189,Anil Arora,U64990RJ2023PTC100088,Capital Chemicals Private Limited,Director,09/08/2023,,Indian,Male,RING-13
8603202,Nitin Jain,U47190TN2022PTC100058,Emerald Technologies Private Limited,Additional Director,25/01/2023,,Indian,Male,RING-09
8715857,Geeta Nair,U64990GJ2007PTC100464,Krishna Technologies Private Limited,Nominee Director,11/07/2007,,Indian,Female,
8542449,Sanjay Goyal,U46900DL2017PTC100148,Ashirwad Overseas Private Limited,Nominee Director,16/10/2017,,Indian,Male,
8866037,Nisha Shah,U74999TG2007PTC100800,Radiant Developers Private Limited,Whole-time Director,11/05/2007,,Indian,Female,
9997379,Amit Pandey,U64990DL2019PTC100487,Global Enterprises Private Limited,Managing Director,12/07/2019,,Indian,Male,
9603434,Yogesh Malhotra,U82990GJ2014PTC100959,Vishwa Realty Private Limited,Director,08/04/2014,,Indian,Male,
8938572,Sanjay Trivedi,U82990HR2013PTC100843,Global Solutions Private Limited,Whole-time Director,13/01/2014,,Indian,Male,
9521472,Vandana Agarwal,U46310WB2010PTC100542,Krishna Ventures Private Limited,Director,15/04/2010,,Indian,Female,
8888673,Usha Arora,U70200WB2011PTC100538,Vantage Investments Private Limited,Director,29/08/2011,,Indian,Female,
9194407,Anil Patel,U14101MH2011PTC100897,Zenith Technologies Private Limited,Director,26/04/2011,,Indian,Male,
9756367,Manish Bhatia,U52290TG2020PTC100708,Global Logistics Private Limited,Additional Director,06/07/2020,,Indian,Male,
8829700,Ritu Chauhan,U64990PB2019PTC100004,Horizon Realty Private Limited,Director,15/03/2019,,Indian,Female,RING-01
9804389,Rakesh Chauhan,U45201WB2024PTC100183,Shakti Foods Private Limited,Managing Director,29/10/2024,,Indian,Male,
9027414,Mukesh Kapoor,U62011RJ2018PTC100295,Elite Retail Private Limited,Director,17/06/2018,,Indian,Male,
9447643,Vinod Joshi,U45201GJ2020PTC100099,Anmol Developers Private Limited,Managing Director,24/12/2020,,Indian,Male,RING-15
8384559,Yogesh Jain,U45201UP2020PTC100372,Everest Ventures Private Limited,Director,19/04/2020,,Indian,Male,
9598562,Ramesh Chauhan,U47190MH2011PTC100156,Vantage Distributors Private Limited,Director,05/06/2011,,Indian,Male,
9485370,Kiran Reddy,U41001GJ2014PTC100931,Platinum Merchants Private Limited,Managing Director,02/05/2014,,Indian,Female,
8391119,Ishaan Bhatia,U41001GJ2010PTC100960,Emerald Textiles Private Limited,Additional Director,06/07/2010,,Indian,Male,
8769515,Shobha Malhotra,U46900MH2011PTC100383,Om Impex Private Limited,Managing Director,13/06/2011,,Indian,Female,
8878392,Manoj Malhotra,U10610UP2023PTC100390,Diamond Foods Private Limited,Director,13/11/2023,,Indian,Male,
9543111,Manish Chopra,U70200DL2016PTC100315,Sai Finance Private Limited,Director,14/01/2017,,Indian,Male,
9910533,Rahul Nair,U68100TG2011PTC100683,National Pharma Private Limited,Whole-time Director,07/09/2011,,Indian,Male,
8649406,Kiran Chopra,U82990TN2016PTC100188,Diamond Investments Private Limited,Director,20/11/2016,,Indian,Female,
9417665,Vandana Sharma,U74999HR2022PLC100707,Elite Traders Limited,Managing Director,05/02/2022,,Indian,Female,
8717438,Harish Iyer,U14101MH2015PTC100522,Orion Consultancy Private Limited,Whole-time Director,26/11/2015,,Indian,Male,
9032274,Rakesh Dubey,U64990WB2024PTC100498,Infinity Consultancy Private Limited,Director,06/07/2024,,Indian,Male,
9606532,Satish Bansal,U63990TG2019PTC100405,Ganesh Distributors Private Limited,Nominee Director,14/02/2019,,Indian,Male,
9199433,Vivek Gupta,U64990TG2009PTC100206,Radiant Technologies Private Limited,Managing Director,18/05/2009,,Indian,Male,
9921267,Rajesh Joshi,U68100TG2022PTC100310,Vikram Impex Private Limited,Independent Director,13/11/2022,,Indian,Male,
9282781,Payal Sharma,U41001RJ2022PTC100017,Superior Enterprises Private Limited,Managing Director,31/12/2022,,Indian,Female,RING-03
9667525,Shalini Malhotra,U10610RJ2024PLC100365,Superior Chemicals Limited,Director,02/07/2024,,Indian,Female,
8632363,Rahul Jain,U47190UP2014PTC100306,Capital Constructions Private Limited,Managing Director,30/09/2014,,Indian,Male,
8277953,Ajay Kapoor,U10610TN2025PTC100223,Pioneer Ventures Private Limited,Whole-time Director,22/09/2025,,Indian,Male,
9518918,Anita Saxena,U46310HR2023PTC100513,Meridian Impex Private Limited,Director,22/10/2023,,Indian,Female,
8734187,Rohit Kapoor,U47190DL2018PTC100569,Suvidha Trading Private Limited,Managing Director,17/01/2019,,Indian,Male,
8712227,Amit Chauhan,U46900TG2017PTC100291,Royal Exports Private Limited,Whole-time Director,17/08/2017,,Indian,Male,
8637089,Sachin Gupta,U10610UP2015PTC100783,Krishna Overseas Private Limited,Director,11/04/2015,,Indian,Male,
9205766,Ajay Trivedi,U47190HR2016PTC100772,Platinum Distributors Private Limited,Director,19/02/2016,,Indian,Male,
9786947,Deepa Jain,U63990UP2008PTC100584,Zenith Realty Private Limited,Director,24/12/2008,,Indian,Female,
8609197,Sunita Patel,U46310UP2005PTC100488,Vaibhav Constructions Private Limited,Independent Director,04/07/2005,,Indian,Female,
8416573,Vishal Patel,U64990KA2011PTC100439,Metro Agro Private Limited,Director,12/02/2011,,Indian,Male,
8935546,Kunal Yadav,U46900DL2017PTC100148,Ashirwad Overseas Private Limited,Additional Director,08/11/2017,,Indian,Male,
9410195,Vishal Malhotra,U68100MH2005PTC100279,Diamond Agro Private Limited,Managing Director,20/02/2005,,Indian,Male,
9201844,Dinesh Yadav,U14101MH2023PLC100611,Trident Textiles Limited,Whole-time Director,03/10/2023,,Indian,Male,
8720979,Vikram Tiwari,U70200DL2010PTC100924,Capital Finance Private Limited,Nominee Director,22/04/2010,,Indian,Male,
8946418,Suresh Goyal,U68100TN2013PTC100142,Global Distributors Private Limited,Managing Director,18/09/2013,,Indian,Male,
8136220,Alok Shah,U68100MH2006PTC100409,Skyline Merchants Private Limited,Director,07/04/2006,,Indian,Male,
8010809,Rakesh Trivedi,U45201PB2011PTC100329,Vardhan Chemicals Private Limited,Director,15/11/2011,,Indian,Male,
9901345,Meena Chopra,U46900TN2019PTC100308,Metro Impex Private Limited,Director,07/06/2019,,Indian,Female,
9598562,Ramesh Chauhan,U70200KA2005PTC100576,Shakti Distributors Private Limited,Director,25/12/2005,,Indian,Male,
8317467,Rakesh Joshi,U41001KA2016PTC100441,Golden Developers Private Limited,Managing Director,20/08/2016,,Indian,Male,
8645466,Ritu Iyer,U46310KA2019PTC100410,Vaibhav Solutions Private Limited,Director,20/04/2019,,Indian,Female,
8386268,Amit Yadav,U63990HR2024PTC100861,Metro Commodities Private Limited,Additional Director,15/10/2024,,Indian,Male,
9669277,Rajesh Bhatia,U45201TG2016PTC100840,Zenith Infra Private Limited,Director,29/03/2016,,Indian,Male,
9274271,Aparna Trivedi,U62011KA2010PLC100943,Skyline Consultancy Limited,Director,20/12/2010,,Indian,Female,
9009358,Payal Kumar,U74999MH2009PTC100934,Prime Finance Private Limited,Director,14/01/2010,,Indian,Female,
8606476,Mahesh Tiwari,U45201WB2017PTC100595,Radiant Systems Private Limited,Director,24/01/2017,,Indian,Male,
9392677,Rakesh Gupta,U41001PB2008PTC100658,Superior Developers Private Limited,Whole-time Director,31/07/2008,,Indian,Male,
9200456,Radha Chopra,U47190MH2025PTC100722,Orion Trading Private Limited,Director,24/09/2025,,Indian,Female,
8797705,Sachin Saxena,U63990HR2024PTC100861,Metro Commodities Private Limited,Whole-time Director,25/10/2024,,Indian,Male,
9988276,Payal Trivedi,U62011RJ2005PLC100665,Vikram Distributors Limited,Director,26/07/2005,,Indian,Female,
9240957,Girish Agarwal,U14101UP2024PTC100565,Zenith Overseas Private Limited,Nominee Director,29/05/2024,,Indian,Male,
9055155,Lata Agarwal,U10610DL2020PTC100757,Elite Agro Private Limited,Managing Director,30/11/2020,,Indian,Female,
8939240,Vinod Mehta,U45201WB2015PTC100842,Vikram Developers Private Limited,Nominee Director,03/06/2015,,Indian,Male,
8668908,Alok Mehta,U62011RJ2008PTC100608,Rudra Developers Private Limited,Nominee Director,28/03/2008,,Indian,Male,
8188028,Anil Pandey,U64990PB2018PTC100625,Om Pharma Private Limited,Director,25/06/2018,,Indian,Male,
9172622,Ishaan Goyal,U45201PB2011PTC100667,Shree Systems Private Limited,Managing Director,28/10/2011,,Indian,Male,
9234438,Lata Rao,U52290TG2020PTC100532,Orion Distributors Private Limited,Director,24/05/2020,,Indian,Female,
9315347,Ajay Iyer,U62011HR2022PLC100533,Radiant Merchants Limited,Director,18/11/2022,,Indian,Male,
8980233,Naresh Agarwal,U64990KA2009PTC100973,Om Services Private Limited,Additional Director,18/01/2010,,Indian,Male,
9514913,Yogesh Dubey,U62011KA2005PTC100929,Infinity Constructions Private Limited,Director,08/05/2005,,Indian,Male,
9431197,Dinesh Sharma,U47190DL2010PLC100526,Ganesh Constructions Limited,Director,06/08/2010,,Indian,Male,
9723733,Kunal Tiwari,U46900UP2011PTC100373,Orion Traders Private Limited,Whole-time Director,05/09/2011,,Indian,Male,
9581741,Naresh Iyer,U63990TG2022PTC100033,Vikram Ventures Private Limited,Additional Director,18/10/2022,,Indian,Male,RING-05
9159522,Sachin Nair,U14101WB2016PTC100500,Everest Infra Private Limited,Additional Director,21/09/2016,,Indian,Male,
9632940,Shobha Chauhan,U46310TG2023PTC100342,Meridian Developers Private Limited,Whole-time Director,17/03/2023,,Indian,Female,
8332996,Anil Verma,U63990WB2012PTC100716,Ashirwad Realty Private Limited,Director,11/11/2012,,Indian,Male,
8068382,Girish Joshi,U70200UP2024PTC100280,Falcon Solutions Private Limited,Director,18/08/2024,,Indian,Male,
8328997,Deepak Iyer,U74999HR2013PLC100866,Silver Technologies Limited,Director,06/09/2013,,Indian,Male,
8251923,Rajesh Saxena,U68100RJ2019PTC100788,Pioneer Investments Private Limited,Director,14/03/2019,,Indian,Male,
8975150,Sunil Pandey,U41001UP2024PTC100024,Pioneer Chemicals Private Limited,Independent Director,19/07/2024,,Indian,Male,RING-04
9724734,Praveen Jain,U52290HR2024PLC100054,Infinity Exports Limited,Additional Director,08/02/2024,,Indian,Male,RING-08
9298717,Rajesh Bansal,U41001RJ2023PTC100486,Sai Agro Private Limited,Managing Director,25/09/2023,,Indian,Male,
8229879,Deepak Arora,U63990DL2016PTC100394,Global Infra Private Limited,Director,24/07/2016,,Indian,Male,
8795606,Rakesh Bansal,U62011GJ2023PTC100392,Skyline Investments Private Limited,Director,23/10/2023,,Indian,Male,
9053141,Pooja Verma,U63990WB2012PTC100346,National Agro Private Limited,Whole-time Director,20/02/2013,,Indian,Female,
8990311,Dinesh Kumar,U14101MH2023PLC100611,Trident Textiles Limited,Director,12/10/2023,,Indian,Male,
9317833,Praveen Dubey,U47190GJ2021PTC100956,Lakshmi Impex Private Limited,Director,17/03/2021,,Indian,Male,
9046679,Mukesh Tiwari,U47190HR2008PTC100656,Superior Overseas Private Limited,Director,07/04/2008,,Indian,Male,
8582719,Sarita Nair,U63990HR2025PTC100518,Rudra Logistics Private Limited,Managing Director,20/07/2025,,Indian,Female,
8761147,Vishal Reddy,U68100HR2012PTC100208,Orion Impex Private Limited,Director,12/04/2012,,Indian,Male,
8864131,Sunil Agarwal,U74999WB2016PLC100990,Vaibhav Enterprises Limited,Nominee Director,17/08/2016,,Indian,Male,
9357441,Dinesh Pandey,U68100MH2019PTC100137,Sai Industries Private Limited,Additional Director,23/08/2019,,Indian,Male,
8430954,Rajesh Saxena,U10610PB2006PTC100155,Nova Systems Private Limited,Whole-time Director,20/02/2006,,Indian,Male,
8311570,Mahesh Malhotra,U46310KA2020PTC100436,Platinum Pharma Private Limited,Additional Director,18/04/2020,,Indian,Male,
9870672,Vivek Iyer,U52290KA2020PTC100589,Zenith Constructions Private Limited,Director,02/10/2020,,Indian,Male,
8678762,Naresh Jain,U74999RJ2018PTC100377,Prime Retail Private Limited,Director,26/01/2018,,Indian,Male,
9958857,Anil Bansal,U45201RJ2016PTC100347,Meridian Distributors Private Limited,Director,25/10/2016,,Indian,Male,
9219793,Gaurav Mehta,U46900KA2019PTC100976,Sunrise Commodities Private Limited,Nominee Director,27/01/2019,,Indian,Male,
9505430,Sunil Dubey,U47190UP2012PTC100195,Pioneer Foods Private Limited,Whole-time Director,13/05/2012,,Indian,Male,
9068648,Suresh Goyal,U45201KA2017PTC100830,Vikram Overseas Private Limited,Director,28/08/2017,,Indian,Male,
9694523,Vikram Sharma,U46310UP2006PTC100828,Vaibhav Retail Private Limited,Director,26/06/2006,,Indian,Male,
8517158,Nisha Jain,U82990TG2022PTC100816,Pioneer Textiles Private Limited,Additional Director,29/05/2022,,Indian,Female,
9678749,Yogesh Joshi,U46900WB2009PTC100884,Ashirwad Infra Private Limited,Whole-time Director,25/10/2009,,Indian,Male,
9076584,Ishaan Dubey,U68100MH2020PTC100272,Silver Traders Private Limited,Managing Director,31/10/2020,,Indian,Male,
8691411,Vishal Goyal,U52290RJ2021PTC100068,Elite Industries Private Limited,Managing Director,12/11/2021,,Indian,Male,RING-11
9921382,Vikram Joshi,U82990KA2013PTC100629,Royal Industries Private Limited,Independent Director,15/04/2013,,Indian,Male,
9847010,Alok Gupta,U14101PB2024PTC100490,Platinum Consultancy Private Limited,Whole-time Director,12/06/2024,,Indian,Male,
9282781,Payal Sharma,U41001RJ2022PTC100016,Superior Traders Private Limited,Additional Director,21/12/2022,,Indian,Female,RING-03
9160240,Vandana Saxena,U45201PB2011PTC100667,Shree Systems Private Limited,Additional Director,19/09/2011,,Indian,Female,
8313065,Meena Chopra,U46310HR2009PTC100298,Ashirwad Commodities Private Limited,Director,10/05/2009,,Indian,Female,
9626747,Manish Arora,U70200MH2018PTC100037,Apex Agro Private Limited,Director,07/01/2019,,Indian,Male,RING-06
9049126,Nitin Singh,U45201KA2023PLC100066,Sunrise Distributors Limited,Director,19/08/2023,,Indian,Male,RING-10
8790306,Kavita Kumar,U41001GJ2014PTC100514,Om Logistics Private Limited,Director,15/10/2014,,Indian,Female,
9144447,Rahul Kapoor,U45201GJ2010PTC100368,Emerald Foods Private Limited,Managing Director,28/01/2011,,Indian,Male,
9022114,Bharat Pandey,U10610DL2020PTC100757,Elite Agro Private Limited,Independent Director,30/11/2020,,Indian,Male,
8170804,Preeti Verma,U45201HR2006PTC100918,Silver Distributors Private Limited,Nominee Director,18/02/2006,,Indian,Female,
8441483,Manish Jain,U45201WB2009PLC100975,Ganesh Investments Limited,Whole-time Director,08/11/2009,,Indian,Male,
8302844,Rakesh Desai,U45201PB2015PTC100466,Sai Investments Private Limited,Director,25/10/2015,,Indian,Male,
8736215,Shalini Dubey,U45201WB2018PTC100492,Capital Agro Private Limited,Additional Director,24/04/2018,,Indian,Female,
9426279,Ravi Chopra,U52290UP2024PTC100563,Vinayak Pharma Private Limited,Nominee Director,26/04/2024,,Indian,Male,
9994659,Rahul Jain,U62011GJ2021PTC100763,Diamond Overseas Private Limited,Managing Director,27/01/2022,,Indian,Male,
9578442,Vijay Patel,U47190GJ2016PTC100575,National Infra Private Limited,Whole-time Director,08/04/2016,,Indian,Male,
9206161,Deepa Mehta,U52290RJ2012PTC100211,Universal Retail Private Limited,Additional Director,29/06/2012,,Indian,Female,
9835316,Naresh Trivedi,U46900WB2024PTC100723,Suvidha Services Private Limited,Director,03/04/2024,,Indian,Male,
9818501,Rohit Chauhan,U64990TG2009PTC100206,Radiant Technologies Private Limited,Managing Director,31/05/2009,,Indian,Male,
8108703,Suresh Trivedi,U10610TG2022PTC100760,Golden Realty Private Limited,Whole-time Director,09/01/2022,,Indian,Male,
9529842,Mahesh Chauhan,U46900MH2019PTC100591,Shakti Exports Private Limited,Director,08/08/2019,,Indian,Male,
9840910,Amit Chopra,U82990WB2021PTC100651,Golden Consultancy Private Limited,Whole-time Director,23/06/2021,,Indian,Male,
8532268,Nisha Chopra,U45201MH2013PLC100719,Capital Services Limited,Nominee Director,06/01/2014,,Indian,Female,
9090014,Praveen Chauhan,U82990MH2013PTC100134,Bharat Trading Private Limited,Director,18/06/2013,,Indian,Male,
8156050,Vijay Chauhan,U46900KA2014PTC100910,Continental Retail Private Limited,Nominee Director,14/04/2014,,Indian,Male,
8311570,Mahesh Malhotra,U46310DL2018PLC100507,Sai Services Limited,Additional Director,15/08/2018,,Indian,Male,
9948461,Sandeep Malhotra,U46900RJ2019PTC100012,Vantage Overseas Private Limited,Additional Director,03/11/2019,,Indian,Male,RING-02
8512862,Manju Mishra,U10610TG2022PTC100660,Everest Traders Private Limited,Nominee Director,06/03/2022,,Indian,Female,
9660605,Dinesh Chauhan,U82990KA2019PTC100519,Capital Impex Private Limited,Director,08/12/2019,,Indian,Male,
8240527,Madhuri Chauhan,U47190MH2022PTC100857,Shakti Pharma Private Limited,Nominee Director,18/11/2022,,Indian,Female,
8638282,Rajesh Mehta,U52290KA2006PTC100333,Horizon Foods Private Limited,Whole-time Director,20/06/2006,,Indian,Male,
9644279,Mahesh Mehta,U41001MH2009PTC100399,Meridian Infra Private Limited,Whole-time Director,16/07/2009,,Indian,Male,
8816342,Vivek Khanna,U70200MH2017PTC100832,Radiant Merchants Private Limited,Whole-time Director,10/06/2017,,Indian,Male,
8691411,Vishal Goyal,U45201RJ2021PTC100067,Elite Textiles Private Limited,Whole-time Director,24/12/2021,,Indian,Male,RING-11
8506177,Divya Verma,U70200TG2018PTC100789,Vaibhav Traders Private Limited,Director,13/04/2018,,Indian,Female,
8631982,Swati Dubey,U46310UP2014PTC100721,Emerald Enterprises Private Limited,Director,22/10/2014,,Indian,Female,
9397374,Satish Singh,U62011KA2015PTC100511,Vishwa Solutions Private Limited,Nominee Director,10/03/2015,,Indian,Male,
8454994,Kavita Goyal,U10610TG2007PTC100661,Vishal Agro Private Limited,Managing Director,26/10/2007,,Indian,Female,
9546597,Rakesh Iyer,U62011HR2022PLC100533,Radiant Merchants Limited,Director,05/12/2022,,Indian,Male,
8936186,Ashok Chopra,U45201MH2008PTC100785,Suvidha Retail Private Limited,Managing Director,02/07/2008,,Indian,Male,
8888673,Usha Arora,U41001TG2013PTC100385,Diamond Enterprises Private Limited,Whole-time Director,03/09/2013,,Indian,Female,
8111327,Rajesh Singh,U64990MH2012PTC100202,Everest Consultancy Private Limited,Director,05/07/2012,,Indian,Male,
9363611,Vinod Rao,U68100TG2016PTC100403,Radiant Ventures Private Limited,Director,05/12/2016,,Indian,Male,
9455359,Satish Nair,U74999GJ2014PTC100468,Falcon Overseas Private Limited,Director,17/04/2014,,Indian,Male,
9915293,Vivek Patel,U64990KA2011PTC100439,Metro Agro Private Limited,Whole-time Director,02/03/2011,,Indian,Male,
8366777,Satish Mehta,U62011TN2025PTC100244,Silver Services Private Limited,Managing Director,26/03/2025,,Indian,Male,
9975386,Sunita Joshi,U70200DL2016PTC100315,Sai Finance Private Limited,Whole-time Director,20/12/2016,,Indian,Female,
9800168,Aparna Gupta,U52290WB2024PTC100275,Continental Systems Private Limited,Director,01/10/2024,,Indian,Female,
9245130,Alok Dubey,U64990MH2021PTC100092,Lakshmi Retail Private Limited,Nominee Director,29/09/2021,,Indian,Male,RING-14
8941435,Arun Sharma,U46310TN2019PTC100307,Global Finance Private Limited,Director,05/04/2019,,Indian,Male,
8363822,Manoj Arora,U46310RJ2015PTC100997,Golden Technologies Private Limited,Director,01/06/2015,,Indian,Male,
8140045,Sanjay Agarwal,U74999RJ2013PTC100506,Metro Overseas Private Limited,Nominee Director,15/09/2013,,Indian,Male,
8454149,Ramesh Sharma,U64990MH2006PTC100493,Trident Textiles Private Limited,Whole-time Director,18/11/2006,,Indian,Male,
9500292,Vijay Agarwal,U45201KA2017PTC100830,Vikram Overseas Private Limited,Director,29/08/2017,,Indian,Male,
8232652,Vishal Jain,U62011UP2009PTC100803,Vishwa Traders Private Limited,Director,31/10/2009,,Indian,Male,
8581617,Sandeep Reddy,U10610GJ2017PTC100904,Vishal Chemicals Private Limited,Director,30/09/2017,,Indian,Male,
9093238,Girish Gupta,U64990TN2022PTC100395,Continental Services Private Limited,Managing Director,02/11/2022,,Indian,Male,
9370466,Mahesh Bhatia,U82990UP2018PTC100516,Pioneer Impex Private Limited,Director,08/08/2018,,Indian,Male,
8838057,Vishal Kapoor,U68100UP2010PTC100454,Vardhan Industries Private Limited,Nominee Director,08/02/2010,,Indian,Male,
9821288,Divya Pandey,U10610GJ2006PTC100738,Vardhan Investments Private Limited,Director,07/12/2006,,Indian,Female,
9626747,Manish Arora,U62011MH2019PTC100044,Apex Textiles Private Limited,Director,21/01/2019,,Indian,Male,RING-06
9637743,Rekha Chopra,U41001TG2011PLC100872,Shree Retail Limited,Additional Director,27/11/2011,,Indian,Female,
8992978,Geeta Sharma,U64990TG2011PTC100235,Metro Investments Private Limited,Director,25/02/2011,,Indian,Female,
8472576,Swati Agarwal,U68100GJ2015PTC100497,Capital Infra Private Limited,Whole-time Director,06/10/2015,,Indian,Female,
9154784,Ajay Bhatia,U52290GJ2015PLC100501,Rudra Textiles Limited,Director,26/04/2015,,Indian,Male,
8164846,Deepak Singh,U46900RJ2007PTC100682,Global Overseas Private Limited,Director,19/11/2007,,Indian,Male,
8612703,Sandeep Kapoor,U47190TG2010PTC100645,Vinayak Infra Private Limited,Director,17/05/2010,,Indian,Male,
9295898,Anjali Rao,U82990TN2020PTC100638,Apex Pharma Private Limited,Additional Director,29/01/2020,,Indian,Female,
9677417,Dinesh Khanna,U64990MH2019PTC100375,Golden Impex Private Limited,Nominee Director,10/11/2019,,Indian,Male,
8466098,Usha Bansal,U52290HR2023PTC100400,Skyline Trading Private Limited,Director,17/09/2023,,Indian,Female,
8157014,Girish Saxena,U41001UP2021PLC100447,Horizon Merchants Limited,Additional Director,22/02/2021,,Indian,Male,
8578136,Girish Agarwal,U52290HR2007PTC100758,Universal Finance Private Limited,Director,24/02/2007,,Indian,Male,
9983621,Anil Goyal,U68100GJ2014PTC100769,Sai Commodities Private Limited,Whole-time Director,30/10/2014,,Indian,Male,
8574423,Manoj Saxena,U82990TG2022PTC100816,Pioneer Textiles Private Limited,Director,01/06/2022,,Indian,Male,
8860374,Girish Verma,U45201UP2020PTC100372,Everest Ventures Private Limited,Additional Director,12/04/2020,,Indian,Male,
8137745,Ishaan Mishra,U47190TN2022PTC100058,Emerald Technologies Private Limited,Managing Director,05/02/2023,,Indian,Male,RING-09
8571651,Kunal Chauhan,U70200MH2026PLC100983,Suvidha Logistics Limited,Director,27/05/2026,,Indian,Male,
8099323,Sunil Sharma,U47190HR2014PTC100868,Golden Distributors Private Limited,Nominee Director,27/05/2014,,Indian,Male,
8657635,Manish Reddy,U45201UP2010PTC100357,Universal Exports Private Limited,Nominee Director,25/12/2010,,Indian,Male,
8431261,Mahesh Mehta,U46900RJ2007PTC100682,Global Overseas Private Limited,Whole-time Director,25/11/2007,,Indian,Male,
9897928,Yogesh Yadav,U10610WB2013PTC100600,Rudra Investments Private Limited,Additional Director,16/09/2013,,Indian,Male,
8049688,Gaurav Tiwari,U46900TN2019PTC100308,Metro Impex Private Limited,Managing Director,20/06/2019,,Indian,Male,
9032274,Rakesh Dubey,U64990KA2014PLC100299,Emerald Systems Limited,Whole-time Director,05/07/2014,,Indian,Male,
8736290,Seema Iyer,U68100PB2022PTC100185,Meridian Constructions Private Limited,Independent Director,24/08/2022,,Indian,Female,
9452841,Deepak Chauhan,U10610GJ2020PTC100103,Anmol Exports Private Limited,Independent Director,13/01/2021,,Indian,Male,RING-15
9996320,Anil Gupta,U68100TG2022PLC100032,Vikram Services Limited,Whole-time Director,25/10/2022,,Indian,Male,RING-05
8933391,Ravi Rao,U45201DL2017PTC100535,Zenith Retail Private Limited,Managing Director,17/07/2017,,Indian,Male,
9807793,Deepak Kapoor,U52290TG2014PTC100181,Vardhan Trading Private Limited,Whole-time Director,18/02/2014,,Indian,Male,
9733165,Ishaan Agarwal,U82990HR2020PTC100159,Vardhan Distributors Private Limited,Additional Director,14/01/2020,,Indian,Male,
9923118,Praveen Joshi,U46310MH2018PTC100809,Rudra Consultancy Private Limited,Independent Director,18/07/2018,,Indian,Male,
9655128,Gaurav Singh,U64990RJ2021PTC100070,Elite Consultancy Private Limited,Additional Director,26/11/2021,,Indian,Male,RING-11
8339497,Rajesh Pandey,U10610DL2008PTC100444,Sunrise Logistics Private Limited,Managing Director,17/04/2008,,Indian,Male,
9498202,Neha Malhotra,U64990KA2021PTC100935,Infinity Foods Private Limited,Whole-time Director,02/03/2021,,Indian,Female,
8050260,Madhuri Rao,U82990WB2008PTC100787,Rudra Commodities Private Limited,Director,09/09/2008,,Indian,Female,
8749688,Arun Chauhan,U64990PB2016PTC100853,Meridian Pharma Private Limited,Managing Director,16/11/2016,,Indian,Male,
9005943,Yogesh Arora,U64990TN2012PTC100925,Orion Technologies Private Limited,Independent Director,28/09/2012,,Indian,Male,
8466318,Ashok Chopra,U46310HR2017PTC100247,Meridian Overseas Private Limited,Director,14/05/2017,,Indian,Male,
9381710,Alok Tiwari,U41001UP2024PTC100026,Pioneer Traders Private Limited,Director,18/07/2024,,Indian,Male,RING-04
8308789,Nitin Shah,U14101HR2012PTC100551,Horizon Solutions Private Limited,Director,16/05/2012,,Indian,Male,
9304676,Sandeep Malhotra,U64990HR2007PTC100367,Rudra Chemicals Private Limited,Director,21/04/2007,,Indian,Male,
9555419,Ishaan Khanna,U45201WB2015PTC100842,Vikram Developers Private Limited,Independent Director,18/05/2015,,Indian,Male,
8257189,Anil Arora,U62011RJ2023PTC100085,Capital Retail Private Limited,Director,23/07/2023,,Indian,Male,RING-13
9194935,Kiran Tiwari,U46900TN2023PTC100108,Anmol Infra Private Limited,Whole-time Director,25/06/2023,,Indian,Female,RING-16
9392139,Pradeep Iyer,U63990KA2020PLC100664,Vantage Finance Limited,Whole-time Director,12/02/2020,,Indian,Male,
9952307,Lata Sharma,U41001MH2008PTC100739,Aastha Investments Private Limited,Director,13/03/2008,,Indian,Female,
8861488,Ritu Mehta,U74999DL2015PTC100593,Om Overseas Private Limited,Managing Director,12/10/2015,,Indian,Female,
9969078,Geeta Patel,U41001RJ2022PTC100016,Superior Traders Private Limited,Nominee Director,05/01/2023,,Indian,Female,RING-03
8228030,Kavita Chauhan,U46900TG2025PTC100933,Superior Textiles Private Limited,Director,03/10/2025,,Indian,Female,
8758774,Manish Desai,U46900RJ2008PTC100856,National Commodities Private Limited,Director,18/07/2008,,Indian,Male,
9831959,Rohit Yadav,U41001MH2022PTC100277,Bharat Foods Private Limited,Additional Director,24/06/2022,,Indian,Male,
9099967,Sandeep Mehta,U70200UP2006PTC100794,National Foods Private Limited,Additional Director,13/07/2006,,Indian,Male,
9358104,Meena Jain,U62011MH2021PTC100954,Meridian Agro Private Limited,Whole-time Director,16/06/2021,,Indian,Female,
9942892,Girish Singh,U10610TG2016PLC100815,Everest Pharma Limited,Whole-time Director,23/09/2016,,Indian,Male,
8420282,Shobha Saxena,U10610TN2009PLC100414,Lakshmi Retail Limited,Additional Director,07/08/2009,,Indian,Female,
8174369,Rekha Iyer,U63990GJ2020PTC100675,Universal Pharma Private Limited,Managing Director,03/11/2020,,Indian,Female,
9650052,Gaurav Tiwari,U82990TN2020PTC100479,Bharat Distributors Private Limited,Managing Director,01/07/2020,,Indian,Male,
8831223,Manish Rao,U74999RJ2010PTC100737,Elite Trading Private Limited,Director,27/04/2010,,Indian,Male,
9270927,Gaurav Mehta,U68100TG2022PTC100310,Vikram Impex Private Limited,Director,17/12/2022,,Indian,Male,
8279780,Harish Tiwari,U47190TG2018PTC100076,Nova Overseas Private Limited,Director,19/11/2018,,Indian,Male,RING-12
9725312,Anil Khanna,U82990TN2024PTC100388,Nova Trading Private Limited,Whole-time Director,22/05/2024,,Indian,Male,
8611018,Bharat Trivedi,U63990TN2015PTC100186,Continental Foods Private Limited,Director,06/02/2016,,Indian,Male,
8181491,Arun Goyal,U45201TN2005PTC100605,Diamond Merchants Private Limited,Director,15/07/2005,,Indian,Male,
9543320,Sanjay Reddy,U41001PB2015PTC100282,Platinum Systems Private Limited,Managing Director,02/03/2015,,Indian,Male,
8258922,Satish Pandey,U74999UP2014PTC100318,Orion Infra Private Limited,Independent Director,06/07/2014,,Indian,Male,
8813737,Sanjay Kapoor,U41001DL2021PTC100955,Zenith Solutions Private Limited,Managing Director,10/04/2021,,Indian,Male,
8251923,Rajesh Saxena,U10610GJ2017PTC100904,Vishal Chemicals Private Limited,Director,15/09/2017,,Indian,Male,
8202591,Aparna Reddy,U45201MH2009PTC100305,Om Systems Private Limited,Director,01/09/2009,,Indian,Female,
9032845,Ishaan Chopra,U46900KA2014PTC100910,Continental Retail Private Limited,Whole-time Director,22/04/2014,,Indian,Male,
9339228,Rekha Shah,U46310GJ2015PLC100597,Ganesh Solutions Limited,Director,20/11/2015,,Indian,Female,
9615843,Alok Arora,U64990PB2014PTC100167,Shree Exports Private Limited,Independent Director,09/01/2015,,Indian,Male,
9823397,Sanjay Mishra,U62011TG2008PTC100469,Vardhan Services Private Limited,Whole-time Director,11/06/2008,,Indian,Male,
8871755,Mahesh Verma,U41001MH2024PTC100649,Om Traders Private Limited,Whole-time Director,17/02/2025,,Indian,Male,
9402763,Girish Yadav,U68100HR2012PTC100709,Rudra Constructions Private Limited,Whole-time Director,31/12/2012,,Indian,Male,
9829549,Pooja Pandey,U14101TN2019PLC100653,Global Merchants Limited,Additional Director,30/05/2019,,Indian,Female,
8165156,Rekha Chopra,U63990WB2012PTC100346,National Agro Private Limited,Independent Director,10/01/2013,,Indian,Female,
9912885,Harish Verma,U10610HR2011PTC100844,Orion Finance Private Limited,Nominee Director,30/08/2011,,Indian,Male,
9803940,Rekha Rao,U41001UP2017PTC100256,Vantage Consultancy Private Limited,Director,24/05/2017,,Indian,Female,
8910104,Divya Jain,U62011MH2025PTC100046,Anmol Overseas Private Limited,Director,26/05/2025,,Indian,Female,RING-07
9566056,Harish Goyal,U46310TG2019PTC100169,Vinayak Exports Private Limited,Nominee Director,17/07/2019,,Indian,Male,
8117056,Sunil Kapoor,U46900HR2017PLC100980,Apex Logistics Limited,Managing Director,23/09/2017,,Indian,Male,
8033621,Preeti Kumar,U70200WB2010PTC100698,Elite Developers Private Limited,Director,02/10/2010,,Indian,Female,
8456184,Sachin Kumar,U46310KA2019PTC100410,Vaibhav Solutions Private Limited,Director,05/04/2019,,Indian,Male,
9317789,Sunita Jain,U14101UP2022PTC100251,Ganesh Textiles Private Limited,Director,08/01/2023,,Indian,Female,
9215488,Ajay Dubey,U45201MH2017PTC100982,Sunrise Technologies Private Limited,Whole-time Director,25/02/2017,,Indian,Male,
8248410,Dinesh Chopra,U70200MH2018PTC100037,Apex Agro Private Limited,Managing Director,07/01/2019,,Indian,Male,RING-06
8576643,Ashok Verma,U46310PB2018PTC100356,Ashirwad Developers Private Limited,Managing Director,19/11/2018,,Indian,Male,
9971599,Nitin Agarwal,U46900HR2006PTC100859,Om Textiles Private Limited,Director,13/04/2006,,Indian,Male,
8111182,Geeta Bhatia,U45201MH2017PTC100982,Sunrise Technologies Private Limited,Managing Director,27/02/2017,,Indian,Female,
8510354,Sanjay Jain,U47190TG2025PTC100316,Trident Commodities Private Limited,Managing Director,02/06/2025,,Indian,Male,
8054703,Kunal Mehta,U45201RJ2012PTC100205,Apex Distributors Private Limited,Director,05/04/2012,,Indian,Male,
9244277,Vikram Dubey,U74999KA2023PLC100543,Capital Infra Limited,Director,09/07/2023,,Indian,Male,
9306903,Alok Singh,U52290UP2024PTC100563,Vinayak Pharma Private Limited,Managing Director,27/05/2024,,Indian,Male,
9563715,Priya Mehta,U82990WB2019PTC100700,Continental Developers Private Limited,Director,10/12/2019,,Indian,Female,
8458517,Bharat Verma,U62011PB2019PTC100005,Horizon Developers Private Limited,Director,07/04/2019,,Indian,Male,RING-01
9060252,Jyoti Dubey,U82990HR2020PTC100159,Vardhan Distributors Private Limited,Director,30/01/2020,,Indian,Female,
8444193,Sarita Patel,U52290TN2023PTC100111,Anmol Ventures Private Limited,Director,13/06/2023,,Indian,Female,RING-16
8088339,Lata Mehta,U52290DL2006PTC100981,Universal Chemicals Private Limited,Director,15/09/2006,,Indian,Female,
9472503,Girish Chopra,U41001KA2020PTC100455,Sunrise Constructions Private Limited,Independent Director,23/07/2020,,Indian,Male,
8742256,Radha Trivedi,U46310GJ2007PTC100508,Vertex Consultancy Private Limited,Managing Director,30/06/2007,,Indian,Female,
8490330,Ajay Kumar,U10610MH2019PTC100614,Vaibhav Agro Private Limited,Nominee Director,07/01/2020,,Indian,Male,
8082877,Rekha Reddy,U10610MH2005PTC100687,Horizon Retail Private Limited,Director,13/04/2005,,Indian,Female,
8957713,Alok Jain,U74999HR2026PTC100936,Om Distributors Private Limited,Director,26/05/2026,,Indian,Male,
9444706,Alok Pandey,U74999HR2026PTC100936,Om Distributors Private Limited,Director,11/05/2026,,Indian,Male,
9027414,Mukesh Kapoor,U63990PB2020PLC100619,Golden Commodities Limited,Director,29/11/2020,,Indian,Male,
8478077,Sarita Bansal,U82990MH2007PTC100288,Metro Merchants Private Limited,Managing Director,23/08/2007,,Indian,Female,
9390857,Ravi Pandey,U46310MH2026PTC100906,Om Technologies Private Limited,Whole-time Director,05/05/2026,,Indian,Male,
9493938,Girish Mishra,U82990MH2020PTC100673,Continental Infra Private Limited,Whole-time Director,05/10/2020,,Indian,Male,
9569368,Alok Chopra,U82990WB2014PLC100972,Platinum Logistics Limited,Director,18/01/2015,,Indian,Male,
9969900,Bharat Gupta,U82990DL2007PTC100967,Falcon Trading Private Limited,Director,31/07/2007,,Indian,Male,
8635811,Meena Chopra,U47190HR2017PTC100287,Rudra Technologies Private Limited,Whole-time Director,12/03/2017,,Indian,Female,
8128103,Ramesh Singh,U62011DL2026PTC100725,Horizon Distributors Private Limited,Director,12/03/2026,,Indian,Male,
9167271,Pradeep Kapoor,U45201UP2010PTC100357,Universal Exports Private Limited,Independent Director,24/11/2010,,Indian,Male,
8901767,Seema Trivedi,U41001UP2014PTC100641,Prime Trading Private Limited,Director,11/10/2014,,Indian,Female,
9049126,Nitin Singh,U64990KA2023PTC100064,Sunrise Merchants Private Limited,Independent Director,30/08/2023,,Indian,Male,RING-10
9871651,Dinesh Singh,U74999RJ2018PTC100377,Prime Retail Private Limited,Whole-time Director,05/03/2018,,Indian,Male,
9098499,Swati Shah,U82990HR2018PLC100204,Elite Solutions Limited,Director,17/10/2018,,Indian,Female,
9452841,Deepak Chauhan,U62011GJ2020PTC100100,Anmol Commodities Private Limited,Managing Director,13/01/2021,,Indian,Male,RING-15
9687893,Nitin Trivedi,U68100GJ2014PTC100769,Sai Commodities Private Limited,Director,16/10/2014,,Indian,Male,
8670952,Anil Joshi,U47190DL2021PTC100132,Global Traders Private Limited,Director,30/03/2021,,Indian,Male,
8017936,Kunal Malhotra,U64990KA2009PTC100973,Om Services Private Limited,Whole-time Director,08/02/2010,,Indian,Male,
8870479,Usha Arora,U46900WB2015PTC100442,Sai Foods Private Limited,Nominee Director,21/08/2015,,Indian,Female,
9164290,Sunil Tiwari,U14101GJ2008PTC100213,Krishna Investments Private Limited,Independent Director,17/07/2008,,Indian,Male,
9975155,Nitin Verma,U10610PB2022PTC100574,National Merchants Private Limited,Director,16/12/2022,,Indian,Male,
8198323,Vandana Tiwari,U70200KA2016PTC100432,Bharat Textiles Private Limited,Whole-time Director,12/06/2016,,Indian,Female,
9167271,Pradeep Kapoor,U47190PB2007PTC100321,Diamond Pharma Private Limited,Director,15/08/2007,,Indian,Male,
9954168,Arun Nair,U70200WB2020PTC100939,Rudra Distributors Private Limited,Director,31/07/2020,,Indian,Male,
9085785,Anil Kumar,U52290TN2016PTC100180,Metro Enterprises Private Limited,Director,01/07/2016,,Indian,Male,
8077892,Ramesh Gupta,U14101TN2013PLC100837,Pioneer Impex Limited,Managing Director,10/07/2013,,Indian,Male,
8820118,Vinod Goyal,U41001WB2022PLC100319,Vishal Enterprises Limited,Managing Director,08/06/2022,,Indian,Male,
8007069,Amit Mishra,U82990WB2011PTC100530,Meridian Textiles Private Limited,Additional Director,23/03/2011,,Indian,Male,
9898288,Ramesh Joshi,U46310HR2023PTC100513,Meridian Impex Private Limited,Director,12/10/2023,,Indian,Male,
9869278,Shalini Goyal,U46310UP2006PTC100828,Vaibhav Retail Private Limited,Managing Director,03/08/2006,,Indian,Female,
8674932,Radha Chopra,U82990TN2020PTC100479,Bharat Distributors Private Limited,Director,17/06/2020,,Indian,Female,
9813984,Bharat Rao,U10610HR2021PTC100804,Vertex Developers Private Limited,Independent Director,28/05/2021,,Indian,Male,
8702667,Pradeep Saxena,U41001DL2025PTC100768,Vishwa Distributors Private Limited,Director,20/08/2025,,Indian,Male,
8580176,Manish Patel,U52290WB2023PTC100215,Apex Systems Private Limited,Managing Director,15/07/2023,,Indian,Male,
9829541,Sunil Mehta,U46310KA2018PLC100770,Global Solutions Limited,Nominee Director,19/03/2018,,Indian,Male,
9948461,Sandeep Malhotra,U10610RJ2019PLC100010,Vantage Distributors Limited,Whole-time Director,05/10/2019,,Indian,Male,RING-02
9856651,Aparna Tiwari,U10610DL2026PLC100141,Anmol Trading Limited,Director,26/05/2026,,Indian,Female,
9587819,Ishaan Nair,U62011MH2021PTC100954,Meridian Agro Private Limited,Independent Director,02/06/2021,,Indian,Male,
9598562,Ramesh Chauhan,U45201TG2006PTC100544,Krishna Distributors Private Limited,Nominee Director,22/12/2006,,Indian,Male,
8824928,Praveen Sharma,U63990GJ2016PLC100558,Radiant Realty Limited,Whole-time Director,25/08/2016,,Indian,Male,
8076544,Ramesh Saxena,U62011TN2024PTC100703,Royal Finance Private Limited,Additional Director,14/11/2024,,Indian,Male,
9205107,Rahul Pandey,U47190GJ2006PTC100228,Rudra Textiles Private Limited,Additional Director,04/10/2006,,Indian,Male,
9336338,Rekha Agarwal,U82990MH2013PTC100134,Bharat Trading Private Limited,Additional Director,08/08/2013,,Indian,Female,
8377566,Mahesh Verma,U46310MH2012PTC100175,Aastha Realty Private Limited,Nominee Director,16/06/2012,,Indian,Male,
9988276,Payal Trivedi,U10610RJ2009PTC100194,Pioneer Constructions Private Limited,Managing Director,23/05/2009,,Indian,Female,
9595230,Girish Jain,U62011RJ2023PTC100085,Capital Retail Private Limited,Director,27/07/2023,,Indian,Male,RING-13
8630011,Rekha Agarwal,U64990DL2017PTC100384,Meridian Realty Private Limited,Nominee Director,28/05/2017,,Indian,Female,
8871437,Rajesh Mishra,U62011HR2015PTC100523,Ashirwad Technologies Private Limited,Independent Director,14/05/2015,,Indian,Male,
8548806,Vivek Arora,U47190TN2025PTC100985,Platinum Developers Private Limited,Whole-time Director,07/04/2025,,Indian,Male,
9075089,Satish Shah,U46310DL2010PTC100430,Vaibhav Investments Private Limited,Director,05/04/2010,,Indian,Male,
8632241,Vikram Shah,U63990TG2019PTC100405,Ganesh Distributors Private Limited,Nominee Director,19/02/2019,,Indian,Male,
8012539,Kavita Nair,U14101UP2010PTC100765,Sunrise Retail Private Limited,Whole-time Director,11/12/2010,,Indian,Female,
8240703,Ashok Bansal,U70200MH2018PTC100038,Apex Consultancy Private Limited,Managing Director,25/12/2018,,Indian,Male,RING-06
8029847,Anil Tiwari,U62011HR2024PTC100428,Prime Impex Private Limited,Additional Director,25/05/2024,,Indian,Male,
8111088,Nitin Patel,U68100GJ2012PTC100456,Falcon Investments Private Limited,Whole-time Director,28/10/2012,,Indian,Male,
8954171,Ashok Chauhan,U45201PB2015PTC100466,Sai Investments Private Limited,Director,03/11/2015,,Indian,Male,
8306601,Kunal Yadav,U63990UP2008PTC100893,Prime Ventures Private Limited,Additional Director,08/02/2008,,Indian,Male,
9945494,Sachin Dubey,U68100UP2009PTC100556,Continental Chemicals Private Limited,Whole-time Director,03/12/2009,,Indian,Male,
8791454,Anil Mehta,U74999WB2010PTC100290,Nova Realty Private Limited,Whole-time Director,26/05/2010,,Indian,Male,
8136229,Naresh Kumar,U63990HR2024PTC100473,Bharat Pharma Private Limited,Nominee Director,18/04/2024,,Indian,Male,
9587183,Manish Reddy,U10610MH2007PTC100423,Infinity Infra Private Limited,Managing Director,26/06/2007,,Indian,Male,
9466673,Sunil Singh,U74999MH2013PTC100622,Vantage Logistics Private Limited,Managing Director,10/05/2013,,Indian,Male,
8597346,Sunil Iyer,U46900WB2024PTC100723,Suvidha Services Private Limited,Whole-time Director,09/04/2024,,Indian,Male,
8137745,Ishaan Mishra,U47190TN2023PTC100061,Emerald Logistics Private Limited,Director,19/01/2023,,Indian,Male,RING-09
9559409,Sunil Saxena,U62011TG2008PTC100469,Vardhan Services Private Limited,Managing Director,08/06/2008,,Indian,Male,
9245130,Alok Dubey,U41001MH2021PTC100096,Lakshmi Merchants Private Limited,Director,08/10/2021,,Indian,Male,RING-14
8683833,Amit Mehta,U62011UP2022PTC101000,Vantage Technologies Private Limited,Additional Director,12/02/2022,,Indian,Male,
9019067,Yogesh Malhotra,U47190PB2010PLC100331,Metro Technologies Limited,Nominee Director,25/12/2010,,Indian,Male,
8775258,Girish Gupta,U10610DL2008PTC100241,Continental Agro Private Limited,Nominee Director,01/10/2008,,Indian,Male,
9973081,Rohit Bansal,U14101TN2009PTC100627,Diamond Logistics Private Limited,Independent Director,23/07/2009,,Indian,Male,
8014104,Anil Yadav,U74999UP2017PTC100293,Vaibhav Foods Private Limited,Director,10/10/2017,,Indian,Male,
8819555,Anil Agarwal,U47190DL2021PTC100517,Global Consultancy Private Limited,Director,12/05/2021,,Indian,Male,
9187549,Gaurav Verma,U14101HR2012PTC100551,Horizon Solutions Private Limited,Director,27/05/2012,,Indian,Male,
9108406,Priya Kumar,U68100GJ2020PTC100378,Sai Ventures Private Limited,Additional Director,25/09/2020,,Indian,Female,
9736672,Yogesh Dubey,U46310MH2010PLC100536,Vaibhav Impex Limited,Director,07/04/2010,,Indian,Male,
8829043,Vikram Malhotra,U47190TG2016PTC100200,Diamond Systems Private Limited,Whole-time Director,17/05/2016,,Indian,Male,
9394041,Praveen Rao,U45201KA2016PLC100697,Diamond Industries Limited,Director,23/10/2016,,Indian,Male,
9451980,Ashok Bansal,U10610MH2019PTC100232,Prime Exports Private Limited,Director,11/04/2019,,Indian,Male,
9955060,Payal Rao,U64990DL2019PTC100487,Global Enterprises Private Limited,Director,04/07/2019,,Indian,Female,
8019888,Dinesh Yadav,U14101TG2024PLC100932,Everest Realty Limited,Nominee Director,26/06/2024,,Indian,Male,
9396261,Ramesh Singh,U70200KA2008PTC100478,Global Trading Private Limited,Whole-time Director,31/05/2008,,Indian,Male,
8680655,Girish Kapoor,U47190TN2017PTC100336,Horizon Agro Private Limited,Director,07/06/2017,,Indian,Male,
8906990,Sunil Iyer,U14101UP2010PTC100765,Sunrise Retail Private Limited,Whole-time Director,09/01/2011,,Indian,Male,
8609197,Sunita Patel,U52290RJ2012PTC100211,Universal Retail Private Limited,Whole-time Director,10/07/2012,,Indian,Female,
9828044,Geeta Joshi,U52290RJ2008PTC100264,Krishna Developers Private Limited,Director,02/11/2008,,Indian,Female,
9536138,Alok Desai,U46900RJ2010PTC100835,Superior Agro Private Limited,Director,14/05/2010,,Indian,Male,
9429862,Rohit Bhatia,U63990WB2012PTC100716,Ashirwad Realty Private Limited,Managing Director,01/12/2012,,Indian,Male,
9597359,Sachin Jain,U46310DL2010PTC100430,Vaibhav Investments Private Limited,Whole-time Director,05/04/2010,,Indian,Male,
9244937,Anita Nair,U46900TN2018PTC100874,Sunrise Industries Private Limited,Director,01/02/2019,,Indian,Female,
8534180,Shalini Reddy,U14101PB2024PTC100490,Platinum Consultancy Private Limited,Managing Director,21/05/2024,,Indian,Female,
8306601,Kunal Yadav,U68100HR2009PTC100332,Vertex Commodities Private Limited,Director,08/07/2009,,Indian,Male,
9984541,Sandeep Singh,U74999MH2026PTC100938,Radiant Retail Private Limited,Director,24/05/2026,,Indian,Male,
9307069,Sanjay Tiwari,U62011MH2025PTC100047,Anmol Enterprises Private Limited,Whole-time Director,22/05/2025,,Indian,Male,RING-07
8946418,Suresh Goyal,U46310KA2012PTC100640,Aastha Pharma Private Limited,Independent Director,21/02/2012,,Indian,Male,
8121015,Yogesh Malhotra,U47190WB2018PTC100311,Elite Technologies Private Limited,Whole-time Director,22/04/2018,,Indian,Male,
8677629,Bharat Saxena,U70200DL2010PTC100924,Capital Finance Private Limited,Managing Director,14/03/2010,,Indian,Male,
9919407,Neha Desai,U47190GJ2012PTC100462,Golden Traders Private Limited,Whole-time Director,03/05/2012,,Indian,Female,
9174433,Usha Tiwari,U74999TG2025PTC100699,Prime Consultancy Private Limited,Director,21/08/2025,,Indian,Female,
9692989,Ashok Desai,U41001GJ2024PTC100782,Skyline Infra Private Limited,Director,27/05/2024,,Indian,Male,
9554078,Preeti Sharma,U68100GJ2017PLC100348,Suvidha Impex Limited,Managing Director,14/10/2017,,Indian,Female,
8156926,Ravi Tiwari,U41001MH2025PTC100048,Anmol Traders Private Limited,Director,27/05/2025,,Indian,Male,RING-07
9870672,Vivek Iyer,U41001TN2015PTC100274,Vaibhav Distributors Private Limited,Director,01/12/2015,,Indian,Male,
9882841,Rahul Kumar,U14101HR2005PTC100913,Diamond Infra Private Limited,Director,27/06/2005,,Indian,Male,
9452946,Gaurav Chopra,U14101MH2012PTC100987,Shree Pharma Private Limited,Whole-time Director,15/12/2012,,Indian,Male,
9921007,Anil Tiwari,U46900HR2017PLC100980,Apex Logistics Limited,Managing Director,18/08/2017,,Indian,Male,
8085546,Girish Dubey,U63990DL2019PLC100265,Falcon Overseas Limited,Whole-time Director,23/04/2019,,Indian,Male,
9353826,Manish Rao,U70200TN2022PTC100147,Superior Trading Private Limited,Director,30/10/2022,,Indian,Male,
9447643,Vinod Joshi,U14101GJ2020PLC100105,Anmol Distributors Limited,Director,02/01/2021,,Indian,Male,RING-15
9802421,Anita Singh,U41001TN2015PTC100274,Vaibhav Distributors Private Limited,Managing Director,07/11/2015,,Indian,Female,
9639527,Suresh Arora,U52290UP2013PLC100922,Vantage Textiles Limited,Managing Director,25/07/2013,,Indian,Male,
8515718,Vishal Chopra,U64990TN2022PTC100395,Continental Services Private Limited,Additional Director,17/11/2022,,Indian,Male,
9669277,Rajesh Bhatia,U47190MH2011PTC100345,Superior Investments Private Limited,Director,20/02/2011,,Indian,Male,
8219225,Mukesh Mishra,U47190TN2010PTC100364,Sunrise Systems Private Limited,Director,07/03/2010,,Indian,Male,
9969078,Geeta Patel,U62011RJ2022PTC100020,Superior Realty Private Limited,Nominee Director,13/12/2022,,Indian,Female,RING-03
9081231,Harish Reddy,U63990UP2008PTC100584,Zenith Realty Private Limited,Director,09/01/2009,,Indian,Male,
8656954,Nitin Chauhan,U45201UP2020PTC100372,Everest Ventures Private Limited,Whole-time Director,01/04/2020,,Indian,Male,
8815874,Girish Sharma,U10610TG2015PTC100421,Aastha Impex Private Limited,Director,30/06/2015,,Indian,Male,
8753758,Sanjay Iyer,U52290PB2020PTC100369,Lakshmi Technologies Private Limited,Managing Director,14/07/2020,,Indian,Male,
9182043,Alok Reddy,U62011UP2010PTC100324,Emerald Industries Private Limited,Managing Director,13/11/2010,,Indian,Male,
9707972,Swati Verma,U14101UP2024PTC100520,Horizon Consultancy Private Limited,Managing Director,10/02/2025,,Indian,Female,
9937158,Deepak Goyal,U70200MH2022PTC100480,Elite Systems Private Limited,Nominee Director,31/05/2022,,Indian,Male,
9477594,Arun Goyal,U74999PB2019PTC100002,Horizon Exports Private Limited,Managing Director,26/03/2019,,Indian,Male,RING-01
9686608,Pooja Mishra,U62011RJ2020PTC100949,Krishna Retail Private Limited,Managing Director,07/05/2020,,Indian,Female,
9730629,Deepak Reddy,U62011MH2020PTC100426,Shree Distributors Private Limited,Director,06/04/2020,,Indian,Male,
9804110,Rajesh Nair,U64990TN2017PTC100685,Platinum Exports Private Limited,Director,14/02/2018,,Indian,Male,
8987062,Ishaan Pandey,U14101MH2012PTC100987,Shree Pharma Private Limited,Director,17/11/2012,,Indian,Male,
8643419,Alok Saxena,U70200GJ2020PTC100102,Anmol Realty Private Limited,Nominee Director,18/01/2021,,Indian,Male,RING-15
8618004,Naresh Chauhan,U74999TG2005PLC100991,Radiant Commodities Limited,Director,28/03/2005,,Indian,Male,
8209834,Sunil Tiwari,U82990TN2006PLC100254,Ganesh Industries Limited,Director,12/07/2006,,Indian,Male,
9614738,Gaurav Chauhan,U52290TG2014PTC100181,Vardhan Trading Private Limited,Managing Director,12/03/2014,,Indian,Male,
9362372,Deepak Jain,U62011MH2020PTC100426,Shree Distributors Private Limited,Director,04/05/2020,,Indian,Male,
8614379,Swati Trivedi,U47190GJ2018PTC100460,Aastha Retail Private Limited,Director,06/05/2018,,Indian,Female,
9456360,Ajay Sharma,U74999WB2016PLC100990,Vaibhav Enterprises Limited,Whole-time Director,24/08/2016,,Indian,Male,
9969160,Rohit Sharma,U45201TN2025PTC100351,Golden Merchants Private Limited,Additional Director,03/02/2025,,Indian,Male,
8667599,Dinesh Singh,U46900DL2009PLC100284,Om Finance Limited,Nominee Director,25/03/2009,,Indian,Male,
9200915,Sandeep Reddy,U10610GJ2006PTC100738,Vardhan Investments Private Limited,Additional Director,17/11/2006,,Indian,Male,
8206792,Alok Chopra,U46310TG2013PTC100119,Orion Enterprises Private Limited,Managing Director,25/01/2013,,Indian,Male,
8996154,Vijay Bansal,U45201KA2023PTC100582,Lakshmi Chemicals Private Limited,Director,18/03/2023,,Indian,Male,
8813955,Mahesh Arora,U14101UP2006PTC100882,Vertex Realty Private Limited,Nominee Director,21/09/2006,,Indian,Male,
8064719,Meena Goyal,U41001PB2011PTC100123,Golden Constructions Private Limited,Additional Director,05/07/2011,,Indian,Female,
8137745,Ishaan Mishra,U47190TN2022PTC100060,Emerald Impex Private Limited,Director,14/02/2023,,Indian,Male,RING-09
9865267,Harish Bhatia,U46310MH2010PTC100489,Falcon Retail Private Limited,Nominee Director,02/04/2010,,Indian,Male,
8528863,Rahul Chauhan,U47190DL2021PTC100517,Global Consultancy Private Limited,Additional Director,26/03/2021,,Indian,Male,
9577639,Sunil Chopra,U47190MH2006PTC100238,Vantage Commodities Private Limited,Director,11/04/2006,,Indian,Male,
8398146,Ravi Reddy,U10610MH2019PTC100741,Sunrise Agro Private Limited,Additional Director,23/05/2019,,Indian,Male,
9452118,Manoj Shah,U47190HR2019PTC100726,Ashirwad Impex Private Limited,Additional Director,12/06/2019,,Indian,Male,
9282781,Payal Sharma,U74999RJ2022PTC100021,Superior Logistics Private Limited,Whole-time Director,12/01/2023,,Indian,Female,RING-03
8856746,Radha Chopra,U46310MH2024PTC100879,Aastha Agro Private Limited,Managing Director,10/01/2025,,Indian,Female,
8750962,Suresh Rao,U68100PB2008PLC100304,Vertex Retail Limited,Whole-time Director,18/03/2008,,Indian,Male,
9775362,Ravi Desai,U82990WB2008PTC100787,Rudra Commodities Private Limited,Managing Director,12/10/2008,,Indian,Male,
9831959,Rohit Yadav,U45201UP2006PTC100350,Krishna Finance Private Limited,Director,21/07/2006,,Indian,Male,
9603502,Sanjay Reddy,U46900GJ2023PTC100586,Shree Constructions Private Limited,Director,19/04/2023,,Indian,Male,
8758078,Bharat Singh,U14101TN2005PTC100476,Continental Distributors Private Limited,Director,27/03/2005,,Indian,Male,
8152232,Naresh Bhatia,U68100GJ2015PTC100497,Capital Infra Private Limited,Director,12/11/2015,,Indian,Male,
8404677,Vishal Yadav,U63990HR2013PTC100193,Trident Retail Private Limited,Whole-time Director,01/06/2013,,Indian,Male,
9377290,Rajesh Nair,U46310PB2014PTC100826,Prime Systems Private Limited,Managing Director,17/06/2014,,Indian,Male,
9096900,Pradeep Gupta,U64990DL2023PTC100411,Vardhan Foods Private Limited,Whole-time Director,16/11/2023,,Indian,Male,
9064589,Gaurav Chauhan,U45201RJ2014PLC100273,Royal Textiles Limited,Independent Director,01/07/2014,,Indian,Male,
8715877,Vinod Joshi,U82990WB2010PTC100161,Superior Merchants Private Limited,Director,13/01/2010,,Indian,Male,
9529211,Rahul Nair,U52290RJ2012PTC100211,Universal Retail Private Limited,Additional Director,06/07/2012,,Indian,Male,
8770829,Harish Nair,U46900TG2016PTC100898,Prime Commodities Private Limited,Managing Director,02/02/2016,,Indian,Male,
8708323,Manoj Dubey,U47190UP2021PTC100126,Shree Overseas Private Limited,Nominee Director,06/08/2021,,Indian,Male,
9948461,Sandeep Malhotra,U46310RJ2019PTC100009,Vantage Developers Private Limited,Whole-time Director,17/10/2019,,Indian,Male,RING-02
8573157,Vishal Yadav,U63990TN2010PTC100285,Falcon Developers Private Limited,Whole-time Director,21/07/2010,,Indian,Male,
9599101,Vivek Sharma,U64990RJ2019PTC100015,Vantage Solutions Private Limited,Managing Director,12/10/2019,,Indian,Male,RING-02
8489318,Girish Bhatia,U70200MH2007PTC100799,Shakti Logistics Private Limited,Nominee Director,25/05/2007,,Indian,Male,
8691240,Shalini Agarwal,U70200HR2008PTC100380,Continental Industries Private Limited,Additional Director,30/08/2008,,Indian,Female,
8214515,Jyoti Reddy,U70200DL2025PTC100947,Vertex Enterprises Private Limited,Whole-time Director,12/02/2025,,Indian,Female,
9825481,Sanjay Dubey,U45201RJ2016PTC100347,Meridian Distributors Private Limited,Whole-time Director,07/10/2016,,Indian,Male,
9878420,Praveen Trivedi,U63990PB2021PLC100217,Orion Industries Limited,Director,21/12/2021,,Indian,Male,
8498273,Vinod Agarwal,U41001RJ2013PTC100164,Shree Solutions Private Limited,Independent Director,06/09/2013,,Indian,Male,
8684805,Praveen Tiwari,U82990TN2024PTC100388,Nova Trading Private Limited,Nominee Director,25/04/2024,,Indian,Male,
8200986,Ashok Verma,U46310HR2009PLC100795,Royal Pharma Limited,Director,28/01/2009,,Indian,Male,
8802055,Kunal Sharma,U10610TG2018PLC100818,Golden Traders Limited,Director,23/12/2018,,Indian,Male,
9122046,Kunal Chauhan,U10610TG2005PTC100222,Orion Developers Private Limited,Director,28/11/2005,,Indian,Male,
9711586,Aparna Chopra,U74999UP2014PTC100318,Orion Infra Private Limited,Managing Director,16/07/2014,,Indian,Female,
8459680,Ajay Bansal,U63990HR2014PTC100733,Krishna Merchants Private Limited,Director,29/08/2014,,Indian,Male,
8859711,Priya Agarwal,U74999TG2013PLC100979,Aastha Trading Limited,Managing Director,29/04/2013,,Indian,Female,
8832059,Vishal Jain,U10610DL2009PTC100453,Silver Foods Private Limited,Additional Director,30/05/2009,,Indian,Male,
8138598,Pradeep Dubey,U62011TN2009PLC100512,Everest Trading Limited,Managing Director,29/05/2009,,Indian,Male,
8340791,Ishaan Saxena,U41001MH2021PTC100096,Lakshmi Merchants Private Limited,Additional Director,04/10/2021,,Indian,Male,RING-14
9583409,Arun Singh,U45201TN2022PLC100792,Sai Infra Limited,Director,25/10/2022,,Indian,Male,
8073126,Amit Chauhan,U45201KA2010PLC100604,Pioneer Enterprises Limited,Director,12/04/2010,,Indian,Male,
9581746,Nisha Yadav,U63990DL2005PTC100846,Om Investments Private Limited,Managing Director,26/06/2005,,Indian,Female,
8408825,Alok Goyal,U70200MH2022PTC100480,Elite Systems Private Limited,Director,28/04/2022,,Indian,Male,
8067232,Seema Dubey,U45201PB2011PTC100329,Vardhan Chemicals Private Limited,Nominee Director,05/12/2011,,Indian,Female,
8311570,Mahesh Malhotra,U46900RJ2019PTC100873,Zenith Impex Private Limited,Whole-time Director,30/01/2020,,Indian,Male,
9542122,Ishaan Khanna,U46900MH2007PTC100601,Diamond Retail Private Limited,Managing Director,17/06/2007,,Indian,Male,
8235660,Naresh Shah,U74999UP2014PTC100201,National Exports Private Limited,Whole-time Director,23/07/2014,,Indian,Male,
9049126,Nitin Singh,U82990KA2023PTC100062,Sunrise Trading Private Limited,Nominee Director,04/09/2023,,Indian,Male,RING-10
9873001,Alok Pandey,U64990MH2020PLC100715,Diamond Investments Limited,Director,12/05/2020,,Indian,Male,
9616368,Yogesh Rao,U41001KA2020PTC100407,Silver Investments Private Limited,Director,03/01/2021,,Indian,Male,
9383794,Harish Bansal,U62011DL2026PTC100725,Horizon Distributors Private Limited,Director,28/03/2026,,Indian,Male,
8192874,Girish Goyal,U41001WB2005PTC100358,Trident Finance Private Limited,Nominee Director,15/03/2005,,Indian,Male,
9637743,Rekha Chopra,U64990PB2016PTC100853,Meridian Pharma Private Limited,Additional Director,06/01/2017,,Indian,Female,
9964878,Geeta Verma,U14101GJ2007PTC100557,Ganesh Constructions Private Limited,Independent Director,17/06/2007,,Indian,Female,
8546685,Mukesh Mishra,U62011PB2005PTC100261,Diamond Services Private Limited,Managing Director,23/03/2005,,Indian,Male,
9416630,Meena Bansal,U74999DL2007PTC100784,Aastha Traders Private Limited,Director,05/04/2007,,Indian,Female,
8716449,Bharat Tiwari,U52290UP2021PTC100286,Vaibhav Exports Private Limited,Whole-time Director,06/04/2021,,Indian,Male,
8729221,Vijay Desai,U47190HR2007PLC100961,Universal Overseas Limited,Managing Director,25/08/2007,,Indian,Male,
8791868,Gaurav Shah,U70200MH2018PTC100946,Pioneer Realty Private Limited,Director,21/10/2018,,Indian,Male,
8026052,Dinesh Rao,U46900UP2014PLC100236,Apex Developers Limited,Whole-time Director,26/05/2014,,Indian,Male,
8486014,Praveen Chopra,U10610MH2014PTC100234,Royal Traders Private Limited,Managing Director,31/01/2015,,Indian,Male,
9926305,Vikram Kumar,U10610PB2010PTC100759,Silver Impex Private Limited,Nominee Director,20/02/2010,,Indian,Male,
9319496,Naresh Goyal,U46900HR2011PTC100880,Bharat Services Private Limited,Director,12/10/2011,,Indian,Male,
8093768,Alok Rao,U74999DL2007PTC100784,Aastha Traders Private Limited,Nominee Director,20/04/2007,,Indian,Male,
9599101,Vivek Sharma,U45201RJ2019PTC100008,Vantage Finance Private Limited,Director,08/10/2019,,Indian,Male,RING-02
9724734,Praveen Jain,U10610HR2024PTC100052,Infinity Commodities Private Limited,Director,19/02/2024,,Indian,Male,RING-08
9478393,Shalini Yadav,U82990DL2021PTC100573,Superior Chemicals Private Limited,Independent Director,02/05/2021,,Indian,Female,
9637743,Rekha Chopra,U46310WB2010PTC100545,Trident Investments Private Limited,Director,20/12/2010,,Indian,Female,
8059187,Gaurav Kapoor,U70200RJ2023PTC100993,Lakshmi Trading Private Limited,Director,20/11/2023,,Indian,Male,
8194925,Alok Singh,U46310GJ2014PTC100871,Shakti Enterprises Private Limited,Managing Director,21/09/2014,,Indian,Male,
9493137,Gaurav Tiwari,U10610TN2008PTC100391,National Logistics Private Limited,Nominee Director,16/06/2008,,Indian,Male,
8727433,Mukesh Verma,U46310WB2013PTC100415,Global Technologies Private Limited,Director,18/11/2013,,Indian,Male,
9447643,Vinod Joshi,U68100GJ2020PTC100098,Anmol Finance Private Limited,Director,02/01/2021,,Indian,Male,RING-15
8505677,Ramesh Tiwari,U47190TG2018PTC100075,Nova Investments Private Limited,Additional Director,29/11/2018,,Indian,Male,RING-12
9798012,Rekha Jain,U41001RJ2023PTC100486,Sai Agro Private Limited,Director,29/08/2023,,Indian,Female,
9725177,Sachin Dubey,U10610TG2015PTC100421,Aastha Impex Private Limited,Director,10/06/2015,,Indian,Male,
9896601,Alok Kapoor,U46900TG2017PTC100291,Royal Exports Private Limited,Additional Director,26/07/2017,,Indian,Male,
9075089,Satish Shah,U63990MH2016PTC100252,Aastha Systems Private Limited,Whole-time Director,04/02/2016,,Indian,Male,
9712750,Nitin Verma,U52290RJ2021PTC100071,Elite Enterprises Private Limited,Independent Director,04/11/2021,,Indian,Male,RING-11
9457432,Satish Malhotra,U62011GJ2026PTC100117,Global Impex Private Limited,Director,08/05/2026,,Indian,Male,
8656249,Rakesh Desai,U70200MH2019PTC100452,Sunrise Consultancy Private Limited,Nominee Director,26/04/2019,,Indian,Male,
9011059,Sunita Iyer,U45201MH2018PTC100944,Vishwa Investments Private Limited,Managing Director,19/04/2018,,Indian,Female,
9065258,Pooja Mishra,U68100GJ2012PTC100456,Falcon Investments Private Limited,Director,20/11/2012,,Indian,Female,
8578007,Nisha Bansal,U82990TG2024PTC100529,Platinum Ventures Private Limited,Nominee Director,19/01/2025,,Indian,Female,
9256077,Amit Patel,U47190RJ2019PTC100007,Vantage Enterprises Private Limited,Managing Director,29/09/2019,,Indian,Male,RING-02
8160427,Rajesh Dubey,U41001MH2020PTC100994,Om Infra Private Limited,Managing Director,25/03/2020,,Indian,Male,
9752084,Bharat Patel,U74999KA2009PTC100226,Meridian Foods Private Limited,Director,20/02/2009,,Indian,Male,
8247588,Madhuri Joshi,U52290WB2024PTC100275,Continental Systems Private Limited,Director,16/09/2024,,Indian,Female,
9733165,Ishaan Agarwal,U10610MH2011PTC100903,Infinity Retail Private Limited,Director,23/10/2011,,Indian,Male,
9013307,Kunal Singh,U46310RJ2006PLC100914,Pioneer Consultancy Limited,Managing Director,09/03/2006,,Indian,Male,
9185798,Manoj Desai,U46310MH2012PTC100644,Sai Logistics Private Limited,Director,14/02/2012,,Indian,Male,
9667525,Shalini Malhotra,U47190KA2009PTC100406,Silver Trading Private Limited,Director,12/12/2009,,Indian,Female,
9504341,Yogesh Singh,U47190KA2013PTC100334,Suvidha Textiles Private Limited,Managing Director,23/08/2013,,Indian,Male,
8202755,Gaurav Joshi,U64990RJ2023PTC100088,Capital Chemicals Private Limited,Director,01/08/2023,,Indian,Male,RING-13
9104266,Mahesh Dubey,U10610HR2005PLC100777,Radiant Agro Limited,Additional Director,05/06/2005,,Indian,Male,
8931573,Gaurav Verma,U74999RJ2022PTC100989,Everest Finance Private Limited,Director,24/12/2022,,Indian,Male,
9964878,Geeta Verma,U46310GJ2005PTC100728,Prime Chemicals Private Limited,Managing Director,03/06/2005,,Indian,Female,
8264719,Sachin Patel,U45201MH2016PTC100445,Vishal Textiles Private Limited,Director,09/09/2016,,Indian,Male,
8263879,Rohit Yadav,U63990HR2013PTC100193,Trident Retail Private Limited,Nominee Director,17/05/2013,,Indian,Male,
8778574,Ravi Pandey,U68100TG2016PTC100403,Radiant Ventures Private Limited,Whole-time Director,23/11/2016,,Indian,Male,
8285428,Naresh Agarwal,U70200RJ2023PTC100993,Lakshmi Trading Private Limited,Director,31/12/2023,,Indian,Male,
8164846,Deepak Singh,U41001KA2017PTC100266,Ganesh Trading Private Limited,Independent Director,29/11/2017,,Indian,Male,
9688227,Rajesh Joshi,U74999TN2015PTC100928,Infinity Logistics Private Limited,Whole-time Director,04/07/2015,,Indian,Male,
8832527,Vijay Singh,U14101UP2024PTC100520,Horizon Consultancy Private Limited,Director,05/02/2025,,Indian,Male,
8576173,Vishal Agarwal,U64990MH2006PTC100493,Trident Textiles Private Limited,Director,09/12/2006,,Indian,Male,
8648712,Mukesh Mishra,U45201KA2010PLC100604,Pioneer Enterprises Limited,Nominee Director,07/05/2010,,Indian,Male,
9908300,Ravi Patel,U14101TN2018PTC100907,Suvidha Pharma Private Limited,Whole-time Director,07/12/2018,,Indian,Male,
9355689,Seema Pandey,U46310WB2011PTC100654,Elite Chemicals Private Limited,Director,11/06/2011,,Indian,Female,
9606056,Rakesh Chopra,U46900KA2019PTC100976,Sunrise Commodities Private Limited,Additional Director,03/03/2019,,Indian,Male,
9542086,Suresh Iyer,U14101MH2006PTC100553,Elite Solutions Private Limited,Director,16/12/2006,,Indian,Male,
8833901,Kavita Pandey,U82990GJ2014PTC100959,Vishwa Realty Private Limited,Director,16/04/2014,,Indian,Female,
8995453,Vishal Kapoor,U10610MH2007PTC100688,Ganesh Merchants Private Limited,Director,06/04/2007,,Indian,Male,
8832718,Anita Khanna,U64990KA2023PTC100064,Sunrise Merchants Private Limited,Director,13/08/2023,,Indian,Female,RING-10
9733165,Ishaan Agarwal,U63990HR2014PTC100733,Krishna Merchants Private Limited,Director,12/09/2014,,Indian,Male,
8140031,Girish Chopra,U46900DL2015PTC100404,Silver Solutions Private Limited,Director,04/09/2015,,Indian,Male,
9042031,Girish Singh,U45201WB2009PLC100975,Ganesh Investments Limited,Managing Director,03/11/2009,,Indian,Male,
8226349,Lata Arora,U52290PB2020PTC100369,Lakshmi Technologies Private Limited,Nominee Director,04/06/2020,,Indian,Female,
8985709,Nisha Arora,U70200MH2017PTC100832,Radiant Merchants Private Limited,Whole-time Director,06/05/2017,,Indian,Female,
8122864,Arun Verma,U10610TG2016PLC100815,Everest Pharma Limited,Whole-time Director,08/09/2016,,Indian,Male,
9227525,Rahul Kumar,U10610MH2019PTC100040,Apex Commodities Private Limited,Nominee Director,17/01/2019,,Indian,Male,RING-06
9073709,Vikram Yadav,U70200MH2018PTC100946,Pioneer Realty Private Limited,Whole-time Director,07/11/2018,,Indian,Male,
9452841,Deepak Chauhan,U45201GJ2020PTC100099,Anmol Developers Private Limited,Director,06/01/2021,,Indian,Male,RING-15
8060543,Seema Malhotra,U63990MH2019PTC100042,Apex Infra Private Limited,Director,12/01/2019,,Indian,Female,RING-06
9594500,Anil Saxena,U46900HR2019PTC100616,Vishal Developers Private Limited,Nominee Director,02/07/2019,,Indian,Male,
8609197,Sunita Patel,U46900HR2019PTC100616,Vishal Developers Private Limited,Director,08/08/2019,,Indian,Female,
9728557,Mukesh Gupta,U68100HR2012PTC100709,Rudra Constructions Private Limited,Director,14/12/2012,,Indian,Male,
9585686,Rajesh Bhatia,U62011TN2025PTC100244,Silver Services Private Limited,Director,13/04/2025,,Indian,Male,
9189594,Vivek Khanna,U47190RJ2025PTC100262,Suvidha Finance Private Limited,Director,28/05/2025,,Indian,Male,
9245753,Rajesh Bhatia,U70200PB2024PTC100729,Vishwa Chemicals Private Limited,Additional Director,10/11/2024,,Indian,Male,
9709690,Vishal Mishra,U46900KA2014PTC100162,Rudra Foods Private Limited,Nominee Director,27/05/2014,,Indian,Male,
9578983,Ramesh Khanna,U45201WB2018PTC100492,Capital Agro Private Limited,Director,17/04/2018,,Indian,Male,
8157818,Sandeep Joshi,U10610TN2024PTC100724,Vikram Textiles Private Limited,Director,20/11/2024,,Indian,Male,
8331141,Suresh Chauhan,U10610HR2012PTC100894,National Distributors Private Limited,Managing Director,03/11/2012,,Indian,Male,
8277953,Ajay Kapoor,U14101TG2020PLC100952,Continental Realty Limited,Director,03/11/2020,,Indian,Male,
9795809,Ashok Shah,U74999TN2012PLC100184,Zenith Technologies Limited,Director,12/10/2012,,Indian,Male,
8879721,Vivek Jain,U10610MH2012PTC100564,Metro Solutions Private Limited,Director,15/07/2012,,Indian,Male,
8324508,Vikram Goyal,U82990HR2006PLC100890,Om Infra Limited,Director,12/07/2006,,Indian,Male,
8906076,Sanjay Goyal,U68100KA2006PTC100371,Pioneer Merchants Private Limited,Director,08/05/2006,,Indian,Male,
9727657,Sandeep Gupta,U45201WB2009PLC100975,Ganesh Investments Limited,Director,05/10/2009,,Indian,Male,
9764047,Yogesh Jain,U64990TN2021PLC100260,Everest Industries Limited,Additional Director,22/12/2021,,Indian,Male,
9474715,Kiran Saxena,U82990MH2019PTC100771,Orion Services Private Limited,Director,05/11/2019,,Indian,Female,
9447643,Vinod Joshi,U70200GJ2020PTC100102,Anmol Realty Private Limited,Additional Director,09/01/2021,,Indian,Male,RING-15
9475540,Madhuri Yadav,U68100HR2011PLC100702,Vishwa Infra Limited,Nominee Director,17/12/2011,,Indian,Female,
8933621,Vijay Nair,U10610MH2019PTC100614,Vaibhav Agro Private Limited,Nominee Director,10/12/2019,,Indian,Male,
9104266,Mahesh Dubey,U14101RJ2006PTC100854,Global Merchants Private Limited,Director,18/01/2007,,Indian,Male,
9050380,Manoj Mishra,U52290MH2011PTC100778,Diamond Commodities Private Limited,Director,09/06/2011,,Indian,Male,
9669277,Rajesh Bhatia,U14101UP2005PTC100267,Aastha Trading Private Limited,Nominee Director,13/02/2006,,Indian,Male,
9904666,Anil Bhatia,U70200DL2025PTC100947,Vertex Enterprises Private Limited,Director,02/04/2025,,Indian,Male,
9364080,Ishaan Rao,U41001WB2019PLC100849,Suvidha Constructions Limited,Nominee Director,04/03/2019,,Indian,Male,
8489663,Praveen Shah,U74999UP2014PTC100201,National Exports Private Limited,Director,23/08/2014,,Indian,Male,
8057737,Ishaan Gupta,U62011WB2014PLC100796,Sai Exports Limited,Managing Director,21/01/2014,,Indian,Male,
9626263,Vivek Bhatia,U52290HR2010PLC100747,Vardhan Consultancy Limited,Director,06/09/2010,,Indian,Male,
9885899,Bharat Shah,U47190TN2023PTC100059,Emerald Pharma Private Limited,Director,19/01/2023,,Indian,Male,RING-09
8752233,Amit Bhatia,U14101WB2016PTC100657,Shakti Commodities Private Limited,Director,27/06/2016,,Indian,Male,
8637392,Praveen Bhatia,U70200GJ2010PTC100862,Shree Consultancy Private Limited,Director,23/06/2010,,Indian,Male,
8416628,Manish Patel,U74999RJ2005PTC100583,Vishwa Retail Private Limited,Director,25/02/2005,,Indian,Male,
9167271,Pradeep Kapoor,U52290DL2006PTC100981,Universal Chemicals Private Limited,Director,27/09/2006,,Indian,Male,
8925930,Rahul Jain,U52290WB2024PTC100275,Continental Systems Private Limited,Director,20/09/2024,,Indian,Male,
9614471,Ishaan Pandey,U52290WB2013PTC100774,Zenith Trading Private Limited,Additional Director,25/10/2013,,Indian,Male,
8691411,Vishal Goyal,U10610RJ2021PTC100074,Elite Exports Private Limited,Managing Director,07/12/2021,,Indian,Male,RING-11
8980385,Divya Goyal,U46310MH2010PTC100489,Falcon Retail Private Limited,Nominee Director,28/03/2010,,Indian,Female,
9634483,Pradeep Dubey,U63990MH2016PTC100252,Aastha Systems Private Limited,Whole-time Director,21/02/2016,,Indian,Male,
8961868,Vinod Pandey,U14101TN2013PLC100837,Pioneer Impex Limited,Additional Director,23/08/2013,,Indian,Male,
8505677,Ramesh Tiwari,U14101TG2018PLC100078,Nova Services Limited,Additional Director,05/11/2018,,Indian,Male,RING-12
9823418,Shobha Sharma,U46310TN2023PTC100114,Anmol Retail Private Limited,Director,28/06/2023,,Indian,Female,RING-16
9024722,Bharat Nair,U82990KA2021PTC100320,Vishal Investments Private Limited,Additional Director,19/04/2021,,Indian,Male,
9669277,Rajesh Bhatia,U82990WB2010PTC100161,Superior Merchants Private Limited,Nominee Director,01/03/2010,,Indian,Male,
9307069,Sanjay Tiwari,U70200MH2025PTC100049,Anmol Agro Private Limited,Whole-time Director,29/05/2025,,Indian,Male,RING-07
8505677,Ramesh Tiwari,U74999TG2018PTC100079,Nova Finance Private Limited,Director,12/11/2018,,Indian,Male,RING-12
8916002,Satish Desai,U45201TN2025PTC100351,Golden Merchants Private Limited,Nominee Director,25/02/2025,,Indian,Male,
9104266,Mahesh Dubey,U10610MH2019PTC100614,Vaibhav Agro Private Limited,Director,21/01/2020,,Indian,Male,
8583808,Naresh Trivedi,U82990KA2023PTC100746,Zenith Developers Private Limited,Director,26/06/2023,,Indian,Male,
8251923,Rajesh Saxena,U70200PB2024PTC100729,Vishwa Chemicals Private Limited,Additional Director,17/12/2024,,Indian,Male,
9369098,Rajesh Tiwari,U46900WB2022PTC100734,Vardhan Textiles Private Limited,Director,21/03/2022,,Indian,Male,
9342700,Gaurav Goyal,U14101TN2025PTC100974,Zenith Foods Private Limited,Nominee Director,16/03/2025,,Indian,Male,
8149602,Manish Patel,U64990WB2007PTC100491,Vishal Logistics Private Limited,Director,10/06/2007,,Indian,Male,
9107458,Ashok Arora,U14101RJ2015PTC100714,Orion Investments Private Limited,Director,13/11/2015,,Indian,Male,
8871756,Sarita Goyal,U10610PB2010PTC100759,Silver Impex Private Limited,Additional Director,25/02/2010,,Indian,Female,
9711049,Ramesh Desai,U45201KA2023PTC100359,Nova Ventures Private Limited,Director,17/02/2024,,Indian,Male,
9257418,Naresh Rao,U46900RJ2007PTC100682,Global Overseas Private Limited,Managing Director,26/10/2007,,Indian,Male,
9263096,Mahesh Kapoor,U14101UP2005PTC100267,Aastha Trading Private Limited,Director,31/12/2005,,Indian,Male,
9238352,Amit Kumar,U46310PB2019PTC100001,Horizon Constructions Private Limited,Additional Director,29/04/2019,,Indian,Male,RING-01
8226506,Bharat Singh,U46900TG2017PTC100291,Royal Exports Private Limited,Director,15/08/2017,,Indian,Male,
8631949,Pooja Malhotra,U62011TN2024PTC100703,Royal Finance Private Limited,Director,16/11/2024,,Indian,Female,
8467723,Ashok Khanna,U70200UP2007PTC100550,Vertex Impex Private Limited,Whole-time Director,25/04/2007,,Indian,Male,
8506307,Vikram Patel,U41001DL2021PTC100955,Zenith Solutions Private Limited,Managing Director,24/03/2021,,Indian,Male,
8924787,Deepak Khanna,U82990WB2021PTC100651,Golden Consultancy Private Limited,Additional Director,02/07/2021,,Indian,Male,
9977582,Harish Khanna,U52290RJ2026PTC100801,Continental Overseas Private Limited,Managing Director,25/03/2026,,Indian,Male,
8814575,Vikram Kapoor,U46900PB2006PTC100484,Rudra Retail Private Limited,Director,05/08/2006,,Indian,Male,
9552249,Sandeep Dubey,U46310TG2008PTC100969,Silver Retail Private Limited,Director,08/08/2008,,Indian,Male,
8640599,Ashok Arora,U52290DL2026PLC100701,Sai Investments Limited,Director,15/04/2026,,Indian,Male,
9035472,Pradeep Patel,U47190HR2014PTC100868,Golden Distributors Private Limited,Director,09/05/2014,,Indian,Male,
9106859,Ashok Trivedi,U41001MH2022PTC100277,Bharat Foods Private Limited,Director,09/06/2022,,Indian,Male,
9739318,Pradeep Sharma,U63990TN2010PTC100285,Falcon Developers Private Limited,Director,12/08/2010,,Indian,Male,
9752429,Mahesh Goyal,U45201DL2017PTC100535,Zenith Retail Private Limited,Nominee Director,18/06/2017,,Indian,Male,
9816298,Ashok Mishra,U10610KA2011PTC100125,Om Developers Private Limited,Whole-time Director,09/05/2011,,Indian,Male,
8946418,Suresh Goyal,U68100DL2021PTC100270,Rudra Agro Private Limited,Director,12/05/2021,,Indian,Male,
9527506,Ravi Malhotra,U47190GJ2017PTC100612,Metro Services Private Limited,Director,02/03/2017,,Indian,Male,
8193730,Usha Bansal,U14101GJ2025PTC100632,Ashirwad Consultancy Private Limited,Managing Director,05/07/2025,,Indian,Female,
9876709,Naresh Trivedi,U41001TG2015PTC100296,Vantage Pharma Private Limited,Additional Director,09/06/2015,,Indian,Male,
9797840,Manoj Bhatia,U64990WB2014PTC100546,Sai Developers Private Limited,Director,31/03/2014,,Indian,Male,
8593473,Mahesh Trivedi,U70200GJ2025PLC100762,Continental Merchants Limited,Managing Director,23/12/2025,,Indian,Male,
8326535,Sunil Khanna,U64990DL2023PTC100411,Vardhan Foods Private Limited,Director,14/10/2023,,Indian,Male,
8090180,Kavita Khanna,U68100UP2009PTC100556,Continental Chemicals Private Limited,Nominee Director,03/12/2009,,Indian,Female,
8112137,Ravi Chopra,U46310GJ2015PLC100597,Ganesh Solutions Limited,Director,21/11/2015,,Indian,Male,
8533501,Deepa Kapoor,U10610WB2013PTC100600,Rudra Investments Private Limited,Director,29/10/2013,,Indian,Female,
8151038,Gaurav Tiwari,U46310KA2012PTC100640,Aastha Pharma Private Limited,Whole-time Director,20/02/2012,,Indian,Male,
9570506,Payal Bansal,U10610TG2024PTC100885,Krishna Textiles Private Limited,Nominee Director,05/04/2024,,Indian,Female,
8667606,Deepak Dubey,U10610HR2021PTC100655,Falcon Logistics Private Limited,Nominee Director,29/09/2021,,Indian,Male,
9408912,Ravi Trivedi,U64990MH2020PLC100715,Diamond Investments Limited,Director,11/06/2020,,Indian,Male,
9432442,Vivek Mehta,U70200KA2005PTC100576,Shakti Distributors Private Limited,Director,12/12/2005,,Indian,Male,
8070002,Nitin Mishra,U46310WB2012PTC100977,Metro Ventures Private Limited,Director,17/01/2012,,Indian,Male,
9504151,Alok Sharma,U52290UP2013PTC100984,Apex Constructions Private Limited,Director,22/01/2014,,Indian,Male,
9318450,Sunil Arora,U74999HR2022PLC100707,Elite Traders Limited,Managing Director,12/03/2022,,Indian,Male,
9255033,Manish Saxena,U62011KA2014PTC100448,Infinity Services Private Limited,Director,24/06/2014,,Indian,Male,
8632241,Vikram Shah,U47190KA2013PTC100334,Suvidha Textiles Private Limited,Nominee Director,15/09/2013,,Indian,Male,
9582088,Kavita Malhotra,U64990TN2017PTC100685,Platinum Exports Private Limited,Additional Director,04/01/2018,,Indian,Female,
9631537,Nitin Khanna,U45201MH2008PTC100785,Suvidha Retail Private Limited,Director,20/06/2008,,Indian,Male,
9177364,Sarita Bansal,U10610MH2019PTC100741,Sunrise Agro Private Limited,Director,21/06/2019,,Indian,Female,
8933919,Rekha Khanna,U14101KA2005PTC100505,Elite Finance Private Limited,Nominee Director,01/08/2005,,Indian,Female,
8946418,Suresh Goyal,U70200MH2019PTC100452,Sunrise Consultancy Private Limited,Director,20/04/2019,,Indian,Male,
8946418,Suresh Goyal,U10610TN2025PTC100223,Pioneer Ventures Private Limited,Additional Director,06/10/2025,,Indian,Male,
8403551,Rakesh Sharma,U47190MH2025PTC100722,Orion Trading Private Limited,Director,11/09/2025,,Indian,Male,
8505348,Deepak Patel,U52290HR2007PTC100758,Universal Finance Private Limited,Additional Director,28/02/2007,,Indian,Male,
8465522,Anil Joshi,U70200HR2023PTC100834,Royal Commodities Private Limited,Director,28/04/2023,,Indian,Male,
8248410,Dinesh Chopra,U68100MH2018PTC100039,Apex Merchants Private Limited,Director,20/12/2018,,Indian,Male,RING-06
9515924,Mukesh Pandey,U14101TN2009PTC100434,Sai Merchants Private Limited,Managing Director,13/10/2009,,Indian,Male,
8609197,Sunita Patel,U14101RJ2019PTC100233,Vantage Realty Private Limited,Managing Director,20/01/2019,,Indian,Female,
9660163,Geeta Reddy,U62011DL2021PTC100363,Global Foods Private Limited,Director,03/05/2021,,Indian,Female,
8475443,Preeti Patel,U74999GJ2025PTC100634,Orion Industries Private Limited,Additional Director,01/02/2026,,Indian,Female,
8641856,Amit Bansal,U52290KA2015PLC100814,Sai Commodities Limited,Director,27/07/2015,,Indian,Male,
8014104,Anil Yadav,U46900WB2015PTC100442,Sai Foods Private Limited,Director,22/07/2015,,Indian,Male,
8257189,Anil Arora,U74999RJ2023PTC100081,Capital Realty Private Limited,Director,11/08/2023,,Indian,Male,RING-13
8946418,Suresh Goyal,U47190MH2021PTC100157,Ashirwad Solutions Private Limited,Additional Director,11/04/2021,,Indian,Male,
8111437,Radha Bansal,U70200RJ2014PTC100366,Emerald Solutions Private Limited,Nominee Director,09/12/2014,,Indian,Female,
8542449,Sanjay Goyal,U62011TN2019PTC100160,Om Solutions Private Limited,Director,12/07/2019,,Indian,Male,
9711535,Manish Bansal,U64990TG2008PTC100962,Infinity Distributors Private Limited,Director,22/05/2008,,Indian,Male,
8616172,Vishal Verma,U63990MH2009PTC100437,Vardhan Consultancy Private Limited,Nominee Director,29/04/2009,,Indian,Male,
9795047,Naresh Yadav,U46900HR2025PLC100635,National Technologies Limited,Whole-time Director,26/05/2025,,Indian,Male,
9623027,Kunal Yadav,U47190KA2009PTC100406,Silver Trading Private Limited,Nominee Director,14/11/2009,,Indian,Male,
8747890,Sandeep Arora,U74999WB2016PTC100674,Global Chemicals Private Limited,Director,24/05/2016,,Indian,Male,
8140292,Satish Reddy,U47190KA2025PLC100821,Shakti Retail Limited,Additional Director,24/08/2025,,Indian,Male,
8401120,Vikram Tiwari,U41001GJ2014PTC100931,Platinum Merchants Private Limited,Independent Director,07/05/2014,,Indian,Male,
9194659,Rakesh Goyal,U14101UP2019PTC100337,Elite Investments Private Limited,Director,11/03/2019,,Indian,Male,
8005647,Rajesh Malhotra,U74999MH2005PTC100755,Falcon Services Private Limited,Director,31/01/2005,,Indian,Male,
9786947,Deepa Jain,U63990TG2016PTC100207,Vishal Enterprises Private Limited,Director,06/08/2016,,Indian,Female,
9949489,Rajesh Khanna,U70200KA2026PTC100327,Everest Investments Private Limited,Director,11/05/2026,,Indian,Male,
9479384,Sandeep Verma,U47190MH2020PTC100806,Vaibhav Technologies Private Limited,Managing Director,24/02/2020,,Indian,Male,
9706051,Sachin Pandey,U74999TG2018PTC100079,Nova Finance Private Limited,Director,26/11/2018,,Indian,Male,RING-12
9141311,Priya Singh,U68100DL2008PTC100948,Metro Logistics Private Limited,Additional Director,01/03/2008,,Indian,Female,
9946085,Dinesh Trivedi,U14101TN2018PTC100907,Suvidha Pharma Private Limited,Director,20/12/2018,,Indian,Male,
8363559,Gaurav Agarwal,U46900KA2014PLC100775,Meridian Logistics Limited,Independent Director,22/07/2014,,Indian,Male,
9520826,Divya Nair,U46310HR2021PTC100151,Vardhan Merchants Private Limited,Director,07/05/2021,,Indian,Female,
9074900,Rakesh Chopra,U52290HR2005PLC100170,Suvidha Pharma Limited,Independent Director,31/05/2005,,Indian,Male,
9753961,Sanjay Chopra,U46900WB2005PTC100730,Trident Merchants Private Limited,Independent Director,15/12/2005,,Indian,Male,
8357590,Manish Bansal,U47190MH2021PTC100157,Ashirwad Solutions Private Limited,Independent Director,19/04/2021,,Indian,Male,
9661791,Manoj Goyal,U46900MH2009PTC100652,Golden Textiles Private Limited,Independent Director,02/10/2009,,Indian,Male,
9989488,Kunal Trivedi,U46900GJ2014PTC100495,Radiant Pharma Private Limited,Director,19/10/2014,,Indian,Male,
8150443,Vishal Nair,U52290GJ2007PTC100639,Vertex Industries Private Limited,Whole-time Director,16/08/2007,,Indian,Male,
9820803,Kiran Chauhan,U63990HR2024PTC100881,National Trading Private Limited,Director,09/03/2024,,Indian,Female,
8034015,Deepak Rao,U64990WB2007PTC100491,Vishal Logistics Private Limited,Whole-time Director,22/05/2007,,Indian,Male,
8106068,Rahul Chauhan,U45201KA2023PTC100582,Lakshmi Chemicals Private Limited,Director,08/04/2023,,Indian,Male,
9664583,Payal Reddy,U68100UP2024PTC100027,Pioneer Retail Private Limited,Director,11/07/2024,,Indian,Female,RING-04
8289516,Sunita Kumar,U41001MH2023PTC100896,Vishwa Merchants Private Limited,Managing Director,04/02/2023,,Indian,Female,
9805428,Vishal Arora,U10610RJ2007PLC100503,Shakti Trading Limited,Whole-time Director,12/02/2007,,Indian,Male,
9786947,Deepa Jain,U64990MH2012PTC100202,Everest Consultancy Private Limited,Managing Director,05/07/2012,,Indian,Female,
9372448,Nitin Chopra,U46310HR2021PTC100151,Vardhan Merchants Private Limited,Director,13/06/2021,,Indian,Male,
9788010,Vikram Arora,U70200MH2023PLC100971,Royal Services Limited,Whole-time Director,03/12/2023,,Indian,Male,
9815830,Jyoti Saxena,U41001WB2022PLC100319,Vishal Enterprises Limited,Nominee Director,16/06/2022,,Indian,Female,
8894022,Vikram Kumar,U68100HR2009PTC100332,Vertex Commodities Private Limited,Whole-time Director,03/07/2009,,Indian,Male,
8502165,Kiran Iyer,U41001MH2020PTC100459,Everest Agro Private Limited,Independent Director,24/06/2020,,Indian,Female,
9046325,Pooja Chauhan,U70200WB2026PTC100370,Bharat Chemicals Private Limited,Additional Director,19/03/2026,,Indian,Female,
9669277,Rajesh Bhatia,U82990RJ2015PTC100133,Krishna Chemicals Private Limited,Whole-time Director,31/07/2015,,Indian,Male,
8383056,Ramesh Chopra,U70200KA2016PTC100432,Bharat Textiles Private Limited,Whole-time Director,20/05/2016,,Indian,Male,
8978216,Deepak Agarwal,U74999KA2023PLC100543,Capital Infra Limited,Whole-time Director,20/07/2023,,Indian,Male,
9902270,Pradeep Tiwari,U63990TN2015PTC100186,Continental Foods Private Limited,Additional Director,05/01/2016,,Indian,Male,
9953165,Meena Rao,U46310TG2023PTC100342,Meridian Developers Private Limited,Independent Director,21/03/2023,,Indian,Female,
9321783,Rohit Trivedi,U10610MH2007PTC100423,Infinity Infra Private Limited,Director,07/07/2007,,Indian,Male,
8209985,Ajay Desai,U68100HR2020PTC100860,Capital Textiles Private Limited,Director,10/08/2020,,Indian,Male,
8279780,Harish Tiwari,U74999TG2018PTC100079,Nova Finance Private Limited,Director,19/11/2018,,Indian,Male,RING-12
8368458,Harish Chopra,U64990KA2023PTC100064,Sunrise Merchants Private Limited,Managing Director,05/08/2023,,Indian,Male,RING-10
9956903,Naresh Sharma,U52290TG2022PLC100678,Zenith Distributors Limited,Managing Director,08/07/2022,,Indian,Male,
9008197,Gaurav Desai,U74999UP2017PTC100293,Vaibhav Foods Private Limited,Director,19/09/2017,,Indian,Male,
9453261,Deepak Kumar,U46310MH2012PTC100642,Vikram Trading Private Limited,Director,17/08/2012,,Indian,Male,
8198653,Manoj Patel,U63990DL2019PTC100481,Pioneer Trading Private Limited,Director,12/07/2019,,Indian,Male,
9638353,Rahul Malhotra,U14101TN2009PTC100434,Sai Merchants Private Limited,Director,08/09/2009,,Indian,Male,
8021884,Harish Mehta,U63990WB2005PTC100681,Vishal Solutions Private Limited,Director,04/08/2005,,Indian,Male,
8192983,Divya Bansal,U64990MH2019PLC100847,Shree Services Limited,Director,09/06/2019,,Indian,Female,
8313371,Usha Malhotra,U52290WB2007PTC100978,Infinity Exports Private Limited,Director,26/06/2007,,Indian,Female,
9948461,Sandeep Malhotra,U64990RJ2019PTC100015,Vantage Solutions Private Limited,Independent Director,28/10/2019,,Indian,Male,RING-02
9234859,Kiran Jain,U74999MH2025PTC100325,Bharat Investments Private Limited,Director,03/06/2025,,Indian,Female,
9973333,Deepak Saxena,U46900GJ2010PTC100631,Golden Exports Private Limited,Additional Director,01/07/2010,,Indian,Male,
9817669,Gaurav Kapoor,U64990TG2022PLC100592,Meridian Overseas Limited,Director,05/09/2022,,Indian,Male,
8717730,Ramesh Chauhan,U62011KA2005PTC100929,Infinity Constructions Private Limited,Independent Director,20/05/2005,,Indian,Male,
8731766,Vivek Yadav,U82990GJ2006PTC100581,Rudra Realty Private Limited,Director,27/01/2006,,Indian,Male,
8531272,Alok Tiwari,U70200GJ2006PLC100887,Emerald Ventures Limited,Director,11/08/2006,,Indian,Male,
9245130,Alok Dubey,U64990MH2021PTC100094,Lakshmi Exports Private Limited,Independent Director,12/09/2021,,Indian,Male,RING-14
8432020,Vijay Bhatia,U41001MH2023PTC100896,Vishwa Merchants Private Limited,Whole-time Director,15/03/2023,,Indian,Male,
9032274,Rakesh Dubey,U46900KA2017PLC100249,Pioneer Ventures Limited,Managing Director,05/02/2017,,Indian,Male,
8312375,Sandeep Bansal,U68100PB2017PTC100552,Royal Merchants Private Limited,Managing Director,01/10/2017,,Indian,Male,
9009740,Ishaan Agarwal,U47190HR2007PLC100961,Universal Overseas Limited,Director,17/08/2007,,Indian,Male,
8458879,Ajay Bansal,U74999KA2016PLC100899,Krishna Logistics Limited,Director,26/07/2016,,Indian,Male,
9192185,Deepa Kapoor,U41001GJ2021PTC100269,Vinayak Realty Private Limited,Director,01/02/2021,,Indian,Female,
9232615,Seema Kapoor,U10610HR2021PTC100655,Falcon Logistics Private Limited,Director,09/09/2021,,Indian,Female,
9646557,Suresh Gupta,U14101PB2012PTC100539,Nova Traders Private Limited,Director,15/10/2012,,Indian,Male,
9381405,Vishal Desai,U68100DL2010PLC100823,Krishna Trading Limited,Managing Director,10/08/2010,,Indian,Male,
8527185,Sachin Gupta,U14101RJ2019PTC100233,Vantage Realty Private Limited,Director,30/01/2019,,Indian,Male,
8279780,Harish Tiwari,U47190TG2018PTC100075,Nova Investments Private Limited,Director,08/11/2018,,Indian,Male,RING-12
8075312,Yogesh Mishra,U46310TG2015PTC100780,Skyline Impex Private Limited,Director,02/06/2015,,Indian,Male,
8084156,Lata Chopra,U10610WB2023PTC100413,Golden Systems Private Limited,Managing Director,22/03/2023,,Indian,Female,
9128345,Ramesh Chopra,U46310RJ2008PTC100889,Ashirwad Constructions Private Limited,Additional Director,20/11/2008,,Indian,Male,
9756967,Ashok Shah,U47190GJ2012PTC100462,Golden Traders Private Limited,Director,05/05/2012,,Indian,Male,
9027414,Mukesh Kapoor,U47190UP2012PTC100195,Pioneer Foods Private Limited,Director,15/05/2012,,Indian,Male,
9821087,Sanjay Goyal,U52290MH2014PTC100313,Global Industries Private Limited,Managing Director,31/05/2014,,Indian,Male,
9256077,Amit Patel,U10610RJ2019PLC100010,Vantage Distributors Limited,Nominee Director,18/10/2019,,Indian,Male,RING-02
8957440,Satish Khanna,U82990TN2016PTC100188,Diamond Investments Private Limited,Director,22/11/2016,,Indian,Male,
8768804,Geeta Pandey,U14101KA2005PTC100505,Elite Finance Private Limited,Managing Director,28/08/2005,,Indian,Female,
9355689,Seema Pandey,U46900DL2015PTC100404,Silver Solutions Private Limited,Nominee Director,18/08/2015,,Indian,Female,
9324431,Gaurav Joshi,U63990HR2025PTC100518,Rudra Logistics Private Limited,Independent Director,04/09/2025,,Indian,Male,
9375780,Sandeep Chopra,U41001MH2024PTC100649,Om Traders Private Limited,Nominee Director,07/02/2025,,Indian,Male,
9368686,Girish Kapoor,U10610RJ2023PTC100322,Meridian Technologies Private Limited,Director,12/11/2023,,Indian,Male,
8940717,Meena Verma,U62011DL2026PTC100725,Horizon Distributors Private Limited,Nominee Director,20/03/2026,,Indian,Female,
9724734,Praveen Jain,U46310HR2024PTC100053,Infinity Pharma Private Limited,Director,07/02/2024,,Indian,Male,RING-08
9577361,Rahul Joshi,U46900DL2015PTC100927,Orion Constructions Private Limited,Nominee Director,06/09/2015,,Indian,Male,
8233780,Vijay Gupta,U47190PB2006PTC100633,Suvidha Traders Private Limited,Director,27/03/2006,,Indian,Male,
9072283,Payal Shah,U63990WB2015PTC100130,Orion Commodities Private Limited,Director,10/08/2015,,Indian,Female,
8268836,Mukesh Patel,U62011TG2018PTC100527,Continental Impex Private Limited,Director,15/05/2018,,Indian,Male,
8255771,Preeti Malhotra,U62011MH2012PTC100191,Apex Trading Private Limited,Director,03/09/2012,,Indian,Female,
8977503,Amit Chopra,U82990RJ2008PTC100942,Trident Impex Private Limited,Director,22/07/2008,,Indian,Male,
9623426,Girish Kumar,U14101HR2022PTC100704,Universal Impex Private Limited,Whole-time Director,18/11/2022,,Indian,Male,
8454996,Satish Iyer,U45201TN2020PTC100467,Apex Enterprises Private Limited,Director,17/01/2021,,Indian,Male,
9956903,Naresh Sharma,U41001WB2013PTC100482,Vishwa Logistics Private Limited,Whole-time Director,14/01/2014,,Indian,Male,
9956903,Naresh Sharma,U14101HR2012PTC100551,Horizon Solutions Private Limited,Director,09/05/2012,,Indian,Male,
9637743,Rekha Chopra,U68100RJ2006PTC100362,Krishna Foods Private Limited,Director,29/07/2006,,Indian,Female,
